customer_id,signup_date,city,state,zone,rfm_segment
IND_CUST_00001,2024-09-18,Hubballi,Karnataka,South,New & Promising
IND_CUST_00002,2023-12-31,Kota,Rajasthan,North,New & Promising
IND_CUST_00003,2023-03-31,Nizamabad,Telangana,South,Lost Customers
IND_CUST_00004,2023-06-13,Tiruchirappalli,Tamil Nadu,South,Lost Customers
IND_CUST_00005,2024-04-25,Nashik,Maharashtra,West,Potential Loyalists
IND_CUST_00006,2023-03-25,Nagpur,Maharashtra,West,New & Promising
IND_CUST_00007,2023-03-18,Pune,Maharashtra,West,Lost Customers
IND_CUST_00008,2024-05-31,Rajkot,Gujarat,West,Lost Customers
IND_CUST_00009,2024-04-29,Madurai,Tamil Nadu,South,New & Promising
IND_CUST_00010,2024-08-12,Hyderabad,Telangana,South,Lost Customers
IND_CUST_00011,2024-08-25,Nagpur,Maharashtra,West,New & Promising
IND_CUST_00012,2024-08-21,Jaipur,Rajasthan,North,New & Promising
IND_CUST_00013,2023-04-14,Rajkot,Gujarat,West,Potential Loyalists
IND_CUST_00014,2024-03-27,Nagpur,Maharashtra,West,Lost Customers
IND_CUST_00015,2024-05-01,Nagpur,Maharashtra,West,New & Promising
IND_CUST_00016,2023-12-05,Mumbai,Maharashtra,West,New & Promising
IND_CUST_00017,2024-07-19,Hubballi,Karnataka,South,Loyal Customers
IND_CUST_00018,2024-04-22,South Delhi,Delhi,North,New & Promising
IND_CUST_00019,2024-08-29,Dwarka,Delhi,North,Loyal Customers
IND_CUST_00020,2023-08-11,Hubballi,Karnataka,South,Loyal Customers
IND_CUST_00021,2023-01-09,Coimbatore,Tamil Nadu,South,Lost Customers
IND_CUST_00022,2023-02-22,Mumbai,Maharashtra,West,At Risk
IND_CUST_00023,2023-03-18,Hubballi,Karnataka,South,New & Promising
IND_CUST_00024,2024-05-17,Bengaluru,Karnataka,South,New & Promising
IND_CUST_00025,2023-11-12,New Delhi,Delhi,North,New & Promising
IND_CUST_00026,2024-09-15,Noida,Uttar Pradesh,North,New & Promising
IND_CUST_00027,2023-06-14,Nagpur,Maharashtra,West,Potential Loyalists
IND_CUST_00028,2023-10-06,South Delhi,Delhi,North,Lost Customers
IND_CUST_00029,2023-01-27,Chennai,Tamil Nadu,South,New & Promising
IND_CUST_00030,2023-03-11,Pune,Maharashtra,West,New & Promising
IND_CUST_00031,2023-08-06,Chennai,Tamil Nadu,South,New & Promising
IND_CUST_00032,2023-12-31,Pune,Maharashtra,West,New & Promising
IND_CUST_00033,2023-11-02,Mumbai,Maharashtra,West,New & Promising
IND_CUST_00034,2023-05-04,Kota,Rajasthan,North,New & Promising
IND_CUST_00035,2023-01-19,Jaipur,Rajasthan,North,Potential Loyalists
IND_CUST_00036,2023-09-14,Noida,Uttar Pradesh,North,New & Promising
IND_CUST_00037,2023-10-23,Hubballi,Karnataka,South,New & Promising
IND_CUST_00038,2023-01-22,Pune,Maharashtra,West,Champions
IND_CUST_00039,2024-03-25,Warangal,Telangana,South,New & Promising
IND_CUST_00040,2024-07-05,Dwarka,Delhi,North,New & Promising
IND_CUST_00041,2024-07-03,Mumbai,Maharashtra,West,New & Promising
IND_CUST_00042,2023-02-17,South Delhi,Delhi,North,New & Promising
IND_CUST_00043,2024-08-09,Nagpur,Maharashtra,West,Champions
IND_CUST_00044,2023-07-02,Howrah,West Bengal,East,New & Promising
IND_CUST_00045,2024-03-10,Hubballi,Karnataka,South,Champions
IND_CUST_00046,2023-04-17,Warangal,Telangana,South,Loyal Customers
IND_CUST_00047,2023-07-07,Mysuru,Karnataka,South,New & Promising
IND_CUST_00048,2023-03-27,Dwarka,Delhi,North,New & Promising
IND_CUST_00049,2024-03-31,Coimbatore,Tamil Nadu,South,New & Promising
IND_CUST_00050,2023-05-17,Nashik,Maharashtra,West,New & Promising
IND_CUST_00051,2023-12-02,Udaipur,Rajasthan,North,New & Promising
IND_CUST_00052,2024-08-29,Lucknow,Uttar Pradesh,North,Loyal Customers
IND_CUST_00053,2024-04-13,Kolkata,West Bengal,East,New & Promising
IND_CUST_00054,2024-08-24,Howrah,West Bengal,East,New & Promising
IND_CUST_00055,2024-07-24,Coimbatore,Tamil Nadu,South,New & Promising
IND_CUST_00056,2024-02-07,Kolkata,West Bengal,East,Champions
IND_CUST_00057,2024-06-23,Mumbai,Maharashtra,West,New & Promising
IND_CUST_00058,2023-03-13,Nagpur,Maharashtra,West,New & Promising
IND_CUST_00059,2023-01-24,Pune,Maharashtra,West,Champions
IND_CUST_00060,2024-09-15,Hubballi,Karnataka,South,New & Promising
IND_CUST_00061,2024-04-29,Hubballi,Karnataka,South,New & Promising
IND_CUST_00062,2023-02-25,Bengaluru,Karnataka,South,Lost Customers
IND_CUST_00063,2023-08-11,Rajkot,Gujarat,West,Lost Customers
IND_CUST_00064,2024-09-23,Hubballi,Karnataka,South,New & Promising
IND_CUST_00065,2023-06-28,Mangaluru,Karnataka,South,New & Promising
IND_CUST_00066,2024-03-09,Coimbatore,Tamil Nadu,South,Champions
IND_CUST_00067,2024-03-25,Mumbai,Maharashtra,West,New & Promising
IND_CUST_00068,2024-05-06,Lucknow,Uttar Pradesh,North,Loyal Customers
IND_CUST_00069,2023-07-08,Pune,Maharashtra,West,Lost Customers
IND_CUST_00070,2024-07-31,Kochi,Kerala,South,New & Promising
IND_CUST_00071,2024-02-24,Noida,Uttar Pradesh,North,New & Promising
IND_CUST_00072,2023-09-06,Nashik,Maharashtra,West,Lost Customers
IND_CUST_00073,2024-08-10,Pune,Maharashtra,West,Champions
IND_CUST_00074,2024-10-10,Agra,Uttar Pradesh,North,Loyal Customers
IND_CUST_00075,2023-06-13,Nizamabad,Telangana,South,Champions
IND_CUST_00076,2023-09-12,Warangal,Telangana,South,New & Promising
IND_CUST_00077,2024-04-20,Varanasi,Uttar Pradesh,North,New & Promising
IND_CUST_00078,2024-02-21,Mumbai,Maharashtra,West,Loyal Customers
IND_CUST_00079,2023-06-19,Mysuru,Karnataka,South,Loyal Customers
IND_CUST_00080,2023-11-13,Pune,Maharashtra,West,Loyal Customers
IND_CUST_00081,2023-06-23,Surat,Gujarat,West,Loyal Customers
IND_CUST_00082,2024-04-14,Tiruchirappalli,Tamil Nadu,South,New & Promising
IND_CUST_00083,2023-12-11,Bengaluru,Karnataka,South,New & Promising
IND_CUST_00084,2024-03-20,Nagpur,Maharashtra,West,Champions
IND_CUST_00085,2023-01-18,Hubballi,Karnataka,South,Lost Customers
IND_CUST_00086,2023-03-11,Hubballi,Karnataka,South,Potential Loyalists
IND_CUST_00087,2023-12-04,Hyderabad,Telangana,South,Loyal Customers
IND_CUST_00088,2024-09-19,Madurai,Tamil Nadu,South,Potential Loyalists
IND_CUST_00089,2024-08-14,Rajkot,Gujarat,West,Loyal Customers
IND_CUST_00090,2024-06-10,New Delhi,Delhi,North,New & Promising
IND_CUST_00091,2024-03-31,Pune,Maharashtra,West,At Risk
IND_CUST_00092,2023-09-26,Warangal,Telangana,South,New & Promising
IND_CUST_00093,2024-09-22,Kanpur,Uttar Pradesh,North,New & Promising
IND_CUST_00094,2023-07-07,Tiruchirappalli,Tamil Nadu,South,Lost Customers
IND_CUST_00095,2024-07-22,Agra,Uttar Pradesh,North,New & Promising
IND_CUST_00096,2024-06-12,Dwarka,Delhi,North,New & Promising
IND_CUST_00097,2024-03-09,North Delhi,Delhi,North,Lost Customers
IND_CUST_00098,2023-10-15,New Delhi,Delhi,North,Potential Loyalists
IND_CUST_00099,2024-07-20,Nashik,Maharashtra,West,New & Promising
IND_CUST_00100,2024-05-13,Nashik,Maharashtra,West,New & Promising
IND_CUST_00101,2024-03-16,Nashik,Maharashtra,West,New & Promising
IND_CUST_00102,2023-10-30,Tiruchirappalli,Tamil Nadu,South,Lost Customers
IND_CUST_00103,2023-03-28,Bengaluru,Karnataka,South,New & Promising
IND_CUST_00104,2024-03-13,North Delhi,Delhi,North,Champions
IND_CUST_00105,2024-06-24,Durgapur,West Bengal,East,New & Promising
IND_CUST_00106,2023-01-22,Bengaluru,Karnataka,South,Loyal Customers
IND_CUST_00107,2024-07-13,North Delhi,Delhi,North,Loyal Customers
IND_CUST_00108,2024-05-31,Lucknow,Uttar Pradesh,North,New & Promising
IND_CUST_00109,2024-05-17,Bengaluru,Karnataka,South,At Risk
IND_CUST_00110,2024-04-11,Pune,Maharashtra,West,New & Promising
IND_CUST_00111,2023-04-11,Bengaluru,Karnataka,South,Champions
IND_CUST_00112,2024-08-05,Nashik,Maharashtra,West,Loyal Customers
IND_CUST_00113,2023-05-21,Howrah,West Bengal,East,New & Promising
IND_CUST_00114,2023-05-18,Varanasi,Uttar Pradesh,North,Lost Customers
IND_CUST_00115,2024-07-31,Tiruchirappalli,Tamil Nadu,South,New & Promising
IND_CUST_00116,2023-08-16,Vadodara,Gujarat,West,Potential Loyalists
IND_CUST_00117,2023-10-08,Noida,Uttar Pradesh,North,New & Promising
IND_CUST_00118,2024-03-06,Mumbai,Maharashtra,West,New & Promising
IND_CUST_00119,2023-02-09,Howrah,West Bengal,East,New & Promising
IND_CUST_00120,2024-06-02,North Delhi,Delhi,North,New & Promising
IND_CUST_00121,2024-10-24,Agra,Uttar Pradesh,North,Champions
IND_CUST_00122,2023-07-30,Durgapur,West Bengal,East,Lost Customers
IND_CUST_00123,2023-10-29,Mysuru,Karnataka,South,New & Promising
IND_CUST_00124,2023-03-27,Nashik,Maharashtra,West,New & Promising
IND_CUST_00125,2024-02-01,Mysuru,Karnataka,South,New & Promising
IND_CUST_00126,2023-09-10,South Delhi,Delhi,North,New & Promising
IND_CUST_00127,2024-06-16,Lucknow,Uttar Pradesh,North,Champions
IND_CUST_00128,2024-01-16,Surat,Gujarat,West,New & Promising
IND_CUST_00129,2024-03-19,Mumbai,Maharashtra,West,Lost Customers
IND_CUST_00130,2023-02-02,South Delhi,Delhi,North,Loyal Customers
IND_CUST_00131,2023-09-17,North Delhi,Delhi,North,Loyal Customers
IND_CUST_00132,2023-08-22,Mysuru,Karnataka,South,New & Promising
IND_CUST_00133,2024-05-29,Nashik,Maharashtra,West,New & Promising
IND_CUST_00134,2023-11-04,Hubballi,Karnataka,South,New & Promising
IND_CUST_00135,2023-03-11,Jodhpur,Rajasthan,North,Lost Customers
IND_CUST_00136,2024-03-29,Mangaluru,Karnataka,South,Loyal Customers
IND_CUST_00137,2024-03-14,Dwarka,Delhi,North,New & Promising
IND_CUST_00138,2023-12-30,Hyderabad,Telangana,South,New & Promising
IND_CUST_00139,2024-04-25,Mangaluru,Karnataka,South,Champions
IND_CUST_00140,2023-05-24,Thiruvananthapuram,Kerala,South,Lost Customers
IND_CUST_00141,2023-01-24,Jaipur,Rajasthan,North,Loyal Customers
IND_CUST_00142,2024-02-29,Bengaluru,Karnataka,South,New & Promising
IND_CUST_00143,2023-06-24,North Delhi,Delhi,North,Loyal Customers
IND_CUST_00144,2023-11-21,Hubballi,Karnataka,South,New & Promising
IND_CUST_00145,2023-12-14,Mangaluru,Karnataka,South,New & Promising
IND_CUST_00146,2023-01-18,Mumbai,Maharashtra,West,Champions
IND_CUST_00147,2023-02-13,Madurai,Tamil Nadu,South,Potential Loyalists
IND_CUST_00148,2023-06-04,North Delhi,Delhi,North,New & Promising
IND_CUST_00149,2024-01-12,Nashik,Maharashtra,West,Champions
IND_CUST_00150,2024-02-06,Mangaluru,Karnataka,South,New & Promising
IND_CUST_00151,2023-08-13,Kolkata,West Bengal,East,Loyal Customers
IND_CUST_00152,2023-08-05,Mangaluru,Karnataka,South,Lost Customers
IND_CUST_00153,2024-07-21,Nashik,Maharashtra,West,Lost Customers
IND_CUST_00154,2023-01-31,Dwarka,Delhi,North,New & Promising
IND_CUST_00155,2023-02-28,Thrissur,Kerala,South,Lost Customers
IND_CUST_00156,2023-12-19,Mysuru,Karnataka,South,New & Promising
IND_CUST_00157,2024-03-20,Nizamabad,Telangana,South,Potential Loyalists
IND_CUST_00158,2023-08-23,Lucknow,Uttar Pradesh,North,Loyal Customers
IND_CUST_00159,2023-04-17,Mysuru,Karnataka,South,New & Promising
IND_CUST_00160,2023-07-10,Hyderabad,Telangana,South,New & Promising
IND_CUST_00161,2024-06-13,Mangaluru,Karnataka,South,Lost Customers
IND_CUST_00162,2024-08-05,Coimbatore,Tamil Nadu,South,Loyal Customers
IND_CUST_00163,2024-07-19,Tiruchirappalli,Tamil Nadu,South,New & Promising
IND_CUST_00164,2023-09-02,North Delhi,Delhi,North,New & Promising
IND_CUST_00165,2023-03-17,Pune,Maharashtra,West,New & Promising
IND_CUST_00166,2024-06-30,Ahmedabad,Gujarat,West,New & Promising
IND_CUST_00167,2023-09-24,Hubballi,Karnataka,South,Champions
IND_CUST_00168,2023-11-13,Nagpur,Maharashtra,West,Lost Customers
IND_CUST_00169,2023-05-01,Pune,Maharashtra,West,New & Promising
IND_CUST_00170,2023-01-25,Chennai,Tamil Nadu,South,Champions
IND_CUST_00171,2024-03-07,Warangal,Telangana,South,New & Promising
IND_CUST_00172,2023-06-09,Nagpur,Maharashtra,West,New & Promising
IND_CUST_00173,2024-08-18,New Delhi,Delhi,North,New & Promising
IND_CUST_00174,2023-04-24,Hubballi,Karnataka,South,New & Promising
IND_CUST_00175,2024-05-16,Tiruchirappalli,Tamil Nadu,South,New & Promising
IND_CUST_00176,2023-06-15,Nagpur,Maharashtra,West,New & Promising
IND_CUST_00177,2023-06-24,Hyderabad,Telangana,South,New & Promising
IND_CUST_00178,2023-01-01,Bengaluru,Karnataka,South,New & Promising
IND_CUST_00179,2023-03-27,Howrah,West Bengal,East,New & Promising
IND_CUST_00180,2024-07-27,Pune,Maharashtra,West,New & Promising
IND_CUST_00181,2023-11-16,Hubballi,Karnataka,South,New & Promising
IND_CUST_00182,2024-02-05,Mumbai,Maharashtra,West,Lost Customers
IND_CUST_00183,2024-01-17,Kolkata,West Bengal,East,New & Promising
IND_CUST_00184,2024-09-08,Surat,Gujarat,West,Potential Loyalists
IND_CUST_00185,2023-11-14,Mangaluru,Karnataka,South,New & Promising
IND_CUST_00186,2023-09-07,Nizamabad,Telangana,South,New & Promising
IND_CUST_00187,2024-06-08,Kanpur,Uttar Pradesh,North,Loyal Customers
IND_CUST_00188,2024-07-08,Coimbatore,Tamil Nadu,South,New & Promising
IND_CUST_00189,2024-09-14,New Delhi,Delhi,North,Loyal Customers
IND_CUST_00190,2023-09-13,Mysuru,Karnataka,South,Lost Customers
IND_CUST_00191,2023-11-03,Pune,Maharashtra,West,New & Promising
IND_CUST_00192,2023-05-24,Howrah,West Bengal,East,New & Promising
IND_CUST_00193,2024-10-19,Howrah,West Bengal,East,Champions
IND_CUST_00194,2024-01-26,Tiruchirappalli,Tamil Nadu,South,New & Promising
IND_CUST_00195,2023-06-18,Mangaluru,Karnataka,South,At Risk
IND_CUST_00196,2023-10-25,Bengaluru,Karnataka,South,Lost Customers
IND_CUST_00197,2023-08-21,Warangal,Telangana,South,New & Promising
IND_CUST_00198,2023-09-28,Durgapur,West Bengal,East,New & Promising
IND_CUST_00199,2023-03-01,Ahmedabad,Gujarat,West,Lost Customers
IND_CUST_00200,2023-10-23,Lucknow,Uttar Pradesh,North,Lost Customers
IND_CUST_00201,2024-04-11,Madurai,Tamil Nadu,South,Loyal Customers
IND_CUST_00202,2023-08-23,Nashik,Maharashtra,West,At Risk
IND_CUST_00203,2023-08-22,Mumbai,Maharashtra,West,Lost Customers
IND_CUST_00204,2024-01-03,Siliguri,West Bengal,East,Potential Loyalists
IND_CUST_00205,2023-08-20,Coimbatore,Tamil Nadu,South,At Risk
IND_CUST_00206,2024-05-05,Pune,Maharashtra,West,Champions
IND_CUST_00207,2024-09-10,Pune,Maharashtra,West,Champions
IND_CUST_00208,2024-05-17,Hyderabad,Telangana,South,Loyal Customers
IND_CUST_00209,2024-08-14,Nagpur,Maharashtra,West,Loyal Customers
IND_CUST_00210,2024-01-16,Mumbai,Maharashtra,West,New & Promising
IND_CUST_00211,2024-03-03,Tiruchirappalli,Tamil Nadu,South,New & Promising
IND_CUST_00212,2024-10-07,Hyderabad,Telangana,South,Champions
IND_CUST_00213,2023-12-30,Warangal,Telangana,South,New & Promising
IND_CUST_00214,2023-07-21,Hubballi,Karnataka,South,Lost Customers
IND_CUST_00215,2023-05-26,Warangal,Telangana,South,At Risk
IND_CUST_00216,2024-09-30,Bengaluru,Karnataka,South,New & Promising
IND_CUST_00217,2024-04-01,Mysuru,Karnataka,South,Loyal Customers
IND_CUST_00218,2023-05-15,Kanpur,Uttar Pradesh,North,Lost Customers
IND_CUST_00219,2024-09-17,Coimbatore,Tamil Nadu,South,New & Promising
IND_CUST_00220,2023-09-21,Vadodara,Gujarat,West,Lost Customers
IND_CUST_00221,2023-03-05,Nizamabad,Telangana,South,Lost Customers
IND_CUST_00222,2024-05-05,Coimbatore,Tamil Nadu,South,Lost Customers
IND_CUST_00223,2024-10-08,Nashik,Maharashtra,West,Champions
IND_CUST_00224,2023-02-10,Bengaluru,Karnataka,South,Lost Customers
IND_CUST_00225,2023-10-23,Mangaluru,Karnataka,South,New & Promising
IND_CUST_00226,2023-01-03,Mangaluru,Karnataka,South,New & Promising
IND_CUST_00227,2023-04-20,Thiruvananthapuram,Kerala,South,Loyal Customers
IND_CUST_00228,2023-08-09,Bengaluru,Karnataka,South,New & Promising
IND_CUST_00229,2024-01-05,Kolkata,West Bengal,East,New & Promising
IND_CUST_00230,2024-01-03,Tiruchirappalli,Tamil Nadu,South,Champions
IND_CUST_00231,2024-03-11,Lucknow,Uttar Pradesh,North,Loyal Customers
IND_CUST_00232,2023-01-04,New Delhi,Delhi,North,Loyal Customers
IND_CUST_00233,2023-09-01,Tiruchirappalli,Tamil Nadu,South,Potential Loyalists
IND_CUST_00234,2023-06-15,New Delhi,Delhi,North,Lost Customers
IND_CUST_00235,2023-01-26,Pune,Maharashtra,West,Lost Customers
IND_CUST_00236,2024-01-30,Warangal,Telangana,South,Champions
IND_CUST_00237,2024-04-18,Mysuru,Karnataka,South,Champions
IND_CUST_00238,2023-01-17,Mumbai,Maharashtra,West,New & Promising
IND_CUST_00239,2023-04-02,Madurai,Tamil Nadu,South,Loyal Customers
IND_CUST_00240,2024-04-27,Mumbai,Maharashtra,West,Champions
IND_CUST_00241,2024-06-26,Udaipur,Rajasthan,North,New & Promising
IND_CUST_00242,2023-07-24,Jodhpur,Rajasthan,North,New & Promising
IND_CUST_00243,2024-05-16,Durgapur,West Bengal,East,Loyal Customers
IND_CUST_00244,2024-02-04,Hubballi,Karnataka,South,Potential Loyalists
IND_CUST_00245,2023-07-26,Pune,Maharashtra,West,Lost Customers
IND_CUST_00246,2024-09-10,Howrah,West Bengal,East,New & Promising
IND_CUST_00247,2023-05-26,South Delhi,Delhi,North,New & Promising
IND_CUST_00248,2023-04-11,Kota,Rajasthan,North,New & Promising
IND_CUST_00249,2023-08-29,Jodhpur,Rajasthan,North,New & Promising
IND_CUST_00250,2023-06-12,Vadodara,Gujarat,West,Champions
IND_CUST_00251,2023-06-22,Mangaluru,Karnataka,South,At Risk
IND_CUST_00252,2024-05-16,Mangaluru,Karnataka,South,Loyal Customers
IND_CUST_00253,2024-06-30,Surat,Gujarat,West,New & Promising
IND_CUST_00254,2023-10-11,Bengaluru,Karnataka,South,Lost Customers
IND_CUST_00255,2023-12-25,Mumbai,Maharashtra,West,Lost Customers
IND_CUST_00256,2024-01-16,Coimbatore,Tamil Nadu,South,Champions
IND_CUST_00257,2024-06-16,Durgapur,West Bengal,East,New & Promising
IND_CUST_00258,2023-06-12,Warangal,Telangana,South,Lost Customers
IND_CUST_00259,2024-08-31,Madurai,Tamil Nadu,South,Champions
IND_CUST_00260,2023-11-03,Mumbai,Maharashtra,West,Potential Loyalists
IND_CUST_00261,2023-12-05,Madurai,Tamil Nadu,South,New & Promising
IND_CUST_00262,2023-02-24,Thiruvananthapuram,Kerala,South,At Risk
IND_CUST_00263,2023-11-29,Pune,Maharashtra,West,New & Promising
IND_CUST_00264,2023-05-07,Dwarka,Delhi,North,New & Promising
IND_CUST_00265,2023-08-31,Rajkot,Gujarat,West,New & Promising
IND_CUST_00266,2024-08-22,Varanasi,Uttar Pradesh,North,Lost Customers
IND_CUST_00267,2024-02-13,Hyderabad,Telangana,South,Champions
IND_CUST_00268,2024-05-17,Nizamabad,Telangana,South,Potential Loyalists
IND_CUST_00269,2024-08-26,Bengaluru,Karnataka,South,Lost Customers
IND_CUST_00270,2023-10-30,Bengaluru,Karnataka,South,New & Promising
IND_CUST_00271,2024-04-08,Agra,Uttar Pradesh,North,Lost Customers
IND_CUST_00272,2023-08-23,Kanpur,Uttar Pradesh,North,Champions
IND_CUST_00273,2023-02-07,Surat,Gujarat,West,At Risk
IND_CUST_00274,2023-05-19,Durgapur,West Bengal,East,Loyal Customers
IND_CUST_00275,2023-07-14,New Delhi,Delhi,North,New & Promising
IND_CUST_00276,2024-06-10,New Delhi,Delhi,North,New & Promising
IND_CUST_00277,2024-10-08,Agra,Uttar Pradesh,North,New & Promising
IND_CUST_00278,2023-01-01,Coimbatore,Tamil Nadu,South,Champions
IND_CUST_00279,2024-07-14,Warangal,Telangana,South,New & Promising
IND_CUST_00280,2023-04-06,Lucknow,Uttar Pradesh,North,Loyal Customers
IND_CUST_00281,2024-02-17,Durgapur,West Bengal,East,New & Promising
IND_CUST_00282,2024-06-21,Hubballi,Karnataka,South,Lost Customers
IND_CUST_00283,2024-03-04,Hubballi,Karnataka,South,Loyal Customers
IND_CUST_00284,2023-08-23,Nashik,Maharashtra,West,Lost Customers
IND_CUST_00285,2023-12-15,Tiruchirappalli,Tamil Nadu,South,New & Promising
IND_CUST_00286,2024-04-25,Nashik,Maharashtra,West,Champions
IND_CUST_00287,2024-01-31,South Delhi,Delhi,North,Potential Loyalists
IND_CUST_00288,2023-12-17,Madurai,Tamil Nadu,South,Lost Customers
IND_CUST_00289,2024-02-20,Hubballi,Karnataka,South,New & Promising
IND_CUST_00290,2023-02-20,Tiruchirappalli,Tamil Nadu,South,Lost Customers
IND_CUST_00291,2023-03-22,Nashik,Maharashtra,West,Loyal Customers
IND_CUST_00292,2023-02-05,Mumbai,Maharashtra,West,New & Promising
IND_CUST_00293,2023-03-08,Surat,Gujarat,West,Lost Customers
IND_CUST_00294,2024-10-02,Bengaluru,Karnataka,South,New & Promising
IND_CUST_00295,2024-10-28,Nashik,Maharashtra,West,New & Promising
IND_CUST_00296,2024-09-14,South Delhi,Delhi,North,New & Promising
IND_CUST_00297,2024-04-25,Varanasi,Uttar Pradesh,North,Champions
IND_CUST_00298,2024-04-12,Pune,Maharashtra,West,New & Promising
IND_CUST_00299,2023-05-22,Chennai,Tamil Nadu,South,Lost Customers
IND_CUST_00300,2023-12-22,Mumbai,Maharashtra,West,New & Promising
IND_CUST_00301,2024-04-15,Nagpur,Maharashtra,West,Champions
IND_CUST_00302,2024-09-12,New Delhi,Delhi,North,New & Promising
IND_CUST_00303,2024-08-13,Chennai,Tamil Nadu,South,New & Promising
IND_CUST_00304,2024-03-14,Tiruchirappalli,Tamil Nadu,South,Loyal Customers
IND_CUST_00305,2024-06-14,Hyderabad,Telangana,South,New & Promising
IND_CUST_00306,2023-05-07,Kochi,Kerala,South,At Risk
IND_CUST_00307,2023-07-24,New Delhi,Delhi,North,Lost Customers
IND_CUST_00308,2023-01-29,Hubballi,Karnataka,South,New & Promising
IND_CUST_00309,2024-03-20,Agra,Uttar Pradesh,North,New & Promising
IND_CUST_00310,2024-04-08,Hubballi,Karnataka,South,New & Promising
IND_CUST_00311,2023-10-07,South Delhi,Delhi,North,New & Promising
IND_CUST_00312,2023-05-31,Nashik,Maharashtra,West,Lost Customers
IND_CUST_00313,2023-08-28,Pune,Maharashtra,West,Lost Customers
IND_CUST_00314,2023-09-23,Jaipur,Rajasthan,North,Loyal Customers
IND_CUST_00315,2023-04-15,Vadodara,Gujarat,West,New & Promising
IND_CUST_00316,2024-03-08,Nizamabad,Telangana,South,Champions
IND_CUST_00317,2024-05-11,New Delhi,Delhi,North,Champions
IND_CUST_00318,2024-03-15,Pune,Maharashtra,West,Champions
IND_CUST_00319,2023-06-07,Mumbai,Maharashtra,West,Lost Customers
IND_CUST_00320,2023-06-21,Mangaluru,Karnataka,South,Potential Loyalists
IND_CUST_00321,2024-05-08,Tiruchirappalli,Tamil Nadu,South,Champions
IND_CUST_00322,2023-11-07,Warangal,Telangana,South,Loyal Customers
IND_CUST_00323,2024-02-07,Hyderabad,Telangana,South,Champions
IND_CUST_00324,2024-10-30,Mangaluru,Karnataka,South,New & Promising
IND_CUST_00325,2024-10-20,Kota,Rajasthan,North,Loyal Customers
IND_CUST_00326,2024-10-27,Hyderabad,Telangana,South,Champions
IND_CUST_00327,2024-04-07,Tiruchirappalli,Tamil Nadu,South,Potential Loyalists
IND_CUST_00328,2024-01-02,Chennai,Tamil Nadu,South,At Risk
IND_CUST_00329,2024-07-03,Dwarka,Delhi,North,Potential Loyalists
IND_CUST_00330,2024-10-04,Bengaluru,Karnataka,South,New & Promising
IND_CUST_00331,2023-09-12,Mysuru,Karnataka,South,New & Promising
IND_CUST_00332,2023-07-27,Varanasi,Uttar Pradesh,North,Lost Customers
IND_CUST_00333,2024-03-25,Pune,Maharashtra,West,Champions
IND_CUST_00334,2023-04-05,Nashik,Maharashtra,West,Champions
IND_CUST_00335,2024-04-22,Nashik,Maharashtra,West,Loyal Customers
IND_CUST_00336,2023-07-09,Nagpur,Maharashtra,West,Lost Customers
IND_CUST_00337,2024-04-28,Ahmedabad,Gujarat,West,Lost Customers
IND_CUST_00338,2024-06-19,Warangal,Telangana,South,Potential Loyalists
IND_CUST_00339,2024-02-27,North Delhi,Delhi,North,New & Promising
IND_CUST_00340,2024-10-01,Pune,Maharashtra,West,Potential Loyalists
IND_CUST_00341,2024-08-27,New Delhi,Delhi,North,New & Promising
IND_CUST_00342,2023-05-13,South Delhi,Delhi,North,New & Promising
IND_CUST_00343,2023-02-24,Pune,Maharashtra,West,New & Promising
IND_CUST_00344,2024-05-24,New Delhi,Delhi,North,New & Promising
IND_CUST_00345,2024-06-24,Mangaluru,Karnataka,South,At Risk
IND_CUST_00346,2024-02-14,Coimbatore,Tamil Nadu,South,New & Promising
IND_CUST_00347,2023-07-30,Coimbatore,Tamil Nadu,South,New & Promising
IND_CUST_00348,2024-10-27,Nagpur,Maharashtra,West,New & Promising
IND_CUST_00349,2023-10-20,Mysuru,Karnataka,South,New & Promising
IND_CUST_00350,2023-04-25,Coimbatore,Tamil Nadu,South,New & Promising
IND_CUST_00351,2023-09-16,Dwarka,Delhi,North,Lost Customers
IND_CUST_00352,2023-05-02,Ahmedabad,Gujarat,West,New & Promising
IND_CUST_00353,2023-10-26,Hyderabad,Telangana,South,Potential Loyalists
IND_CUST_00354,2024-01-16,Nagpur,Maharashtra,West,Champions
IND_CUST_00355,2024-07-14,Nashik,Maharashtra,West,Champions
IND_CUST_00356,2024-05-15,Chennai,Tamil Nadu,South,Lost Customers
IND_CUST_00357,2023-10-24,Nashik,Maharashtra,West,Lost Customers
IND_CUST_00358,2023-12-28,Chennai,Tamil Nadu,South,New & Promising
IND_CUST_00359,2024-08-11,Kota,Rajasthan,North,Potential Loyalists
IND_CUST_00360,2024-04-07,Madurai,Tamil Nadu,South,Lost Customers
IND_CUST_00361,2024-03-13,Mysuru,Karnataka,South,New & Promising
IND_CUST_00362,2023-05-07,Madurai,Tamil Nadu,South,Loyal Customers
IND_CUST_00363,2023-07-16,New Delhi,Delhi,North,New & Promising
IND_CUST_00364,2023-08-09,Madurai,Tamil Nadu,South,New & Promising
IND_CUST_00365,2023-04-01,Jodhpur,Rajasthan,North,New & Promising
IND_CUST_00366,2024-02-15,Hubballi,Karnataka,South,New & Promising
IND_CUST_00367,2023-01-08,Jaipur,Rajasthan,North,Loyal Customers
IND_CUST_00368,2024-06-27,Kolkata,West Bengal,East,Potential Loyalists
IND_CUST_00369,2024-04-12,Nagpur,Maharashtra,West,Lost Customers
IND_CUST_00370,2023-11-16,Pune,Maharashtra,West,Lost Customers
IND_CUST_00371,2024-01-29,Nagpur,Maharashtra,West,New & Promising
IND_CUST_00372,2023-09-26,Pune,Maharashtra,West,Lost Customers
IND_CUST_00373,2023-07-10,Nashik,Maharashtra,West,At Risk
IND_CUST_00374,2023-03-02,Warangal,Telangana,South,Champions
IND_CUST_00375,2024-03-13,Nashik,Maharashtra,West,Lost Customers
IND_CUST_00376,2023-09-21,Hubballi,Karnataka,South,Lost Customers
IND_CUST_00377,2023-04-05,Surat,Gujarat,West,New & Promising
IND_CUST_00378,2024-07-06,Nashik,Maharashtra,West,New & Promising
IND_CUST_00379,2024-04-14,Varanasi,Uttar Pradesh,North,Champions
IND_CUST_00380,2024-10-22,Bengaluru,Karnataka,South,New & Promising
IND_CUST_00381,2024-05-28,Nagpur,Maharashtra,West,Loyal Customers
IND_CUST_00382,2023-07-13,Warangal,Telangana,South,Lost Customers
IND_CUST_00383,2024-04-26,Tiruchirappalli,Tamil Nadu,South,New & Promising
IND_CUST_00384,2023-12-02,Ahmedabad,Gujarat,West,New & Promising
IND_CUST_00385,2024-03-10,Nizamabad,Telangana,South,New & Promising
IND_CUST_00386,2023-07-15,Noida,Uttar Pradesh,North,Lost Customers
IND_CUST_00387,2023-09-06,Bengaluru,Karnataka,South,New & Promising
IND_CUST_00388,2024-05-12,Mumbai,Maharashtra,West,Potential Loyalists
IND_CUST_00389,2023-07-31,Lucknow,Uttar Pradesh,North,Lost Customers
IND_CUST_00390,2024-10-26,Kanpur,Uttar Pradesh,North,New & Promising
IND_CUST_00391,2024-04-10,Kozhikode,Kerala,South,New & Promising
IND_CUST_00392,2024-10-12,North Delhi,Delhi,North,Potential Loyalists
IND_CUST_00393,2023-08-09,Hubballi,Karnataka,South,Lost Customers
IND_CUST_00394,2023-09-30,Noida,Uttar Pradesh,North,New & Promising
IND_CUST_00395,2023-06-03,Hubballi,Karnataka,South,New & Promising
IND_CUST_00396,2023-09-06,Howrah,West Bengal,East,Lost Customers
IND_CUST_00397,2023-10-06,Ahmedabad,Gujarat,West,New & Promising
IND_CUST_00398,2024-03-15,North Delhi,Delhi,North,Loyal Customers
IND_CUST_00399,2023-10-03,Varanasi,Uttar Pradesh,North,Lost Customers
IND_CUST_00400,2024-05-28,Agra,Uttar Pradesh,North,Loyal Customers
IND_CUST_00401,2023-03-29,Mumbai,Maharashtra,West,New & Promising
IND_CUST_00402,2024-10-03,Siliguri,West Bengal,East,New & Promising
IND_CUST_00403,2024-05-19,New Delhi,Delhi,North,New & Promising
IND_CUST_00404,2024-08-12,Surat,Gujarat,West,New & Promising
IND_CUST_00405,2023-08-29,Hubballi,Karnataka,South,Potential Loyalists
IND_CUST_00406,2024-10-14,Durgapur,West Bengal,East,Champions
IND_CUST_00407,2023-08-24,Mysuru,Karnataka,South,Champions
IND_CUST_00408,2023-05-08,Nashik,Maharashtra,West,Champions
IND_CUST_00409,2024-05-17,Durgapur,West Bengal,East,New & Promising
IND_CUST_00410,2023-07-19,Nashik,Maharashtra,West,Lost Customers
IND_CUST_00411,2024-06-26,Bengaluru,Karnataka,South,New & Promising
IND_CUST_00412,2024-05-16,Jodhpur,Rajasthan,North,Potential Loyalists
IND_CUST_00413,2024-10-11,Jodhpur,Rajasthan,North,New & Promising
IND_CUST_00414,2024-05-06,Chennai,Tamil Nadu,South,New & Promising
IND_CUST_00415,2023-01-21,Madurai,Tamil Nadu,South,New & Promising
IND_CUST_00416,2023-08-22,Dwarka,Delhi,North,New & Promising
IND_CUST_00417,2024-10-04,Mysuru,Karnataka,South,New & Promising
IND_CUST_00418,2024-02-20,Bengaluru,Karnataka,South,New & Promising
IND_CUST_00419,2023-05-28,Nizamabad,Telangana,South,Lost Customers
IND_CUST_00420,2023-01-29,Kanpur,Uttar Pradesh,North,New & Promising
IND_CUST_00421,2023-12-27,Kanpur,Uttar Pradesh,North,New & Promising
IND_CUST_00422,2023-11-04,Lucknow,Uttar Pradesh,North,Champions
IND_CUST_00423,2023-06-11,Pune,Maharashtra,West,Lost Customers
IND_CUST_00424,2023-03-02,South Delhi,Delhi,North,Lost Customers
IND_CUST_00425,2023-05-05,Pune,Maharashtra,West,New & Promising
IND_CUST_00426,2024-03-31,Chennai,Tamil Nadu,South,New & Promising
IND_CUST_00427,2023-03-12,North Delhi,Delhi,North,Lost Customers
IND_CUST_00428,2024-04-10,Surat,Gujarat,West,New & Promising
IND_CUST_00429,2023-08-31,Hubballi,Karnataka,South,New & Promising
IND_CUST_00430,2024-05-04,Pune,Maharashtra,West,New & Promising
IND_CUST_00431,2023-08-09,Nashik,Maharashtra,West,Lost Customers
IND_CUST_00432,2024-04-17,Noida,Uttar Pradesh,North,Loyal Customers
IND_CUST_00433,2024-06-16,Madurai,Tamil Nadu,South,New & Promising
IND_CUST_00434,2024-05-08,Mumbai,Maharashtra,West,Lost Customers
IND_CUST_00435,2023-03-23,Nashik,Maharashtra,West,New & Promising
IND_CUST_00436,2024-06-05,Nizamabad,Telangana,South,Potential Loyalists
IND_CUST_00437,2023-01-12,Nagpur,Maharashtra,West,Lost Customers
IND_CUST_00438,2023-09-20,Surat,Gujarat,West,New & Promising
IND_CUST_00439,2024-10-18,Hyderabad,Telangana,South,New & Promising
IND_CUST_00440,2024-03-24,Nashik,Maharashtra,West,Loyal Customers
IND_CUST_00441,2023-07-11,Nashik,Maharashtra,West,New & Promising
IND_CUST_00442,2023-04-24,Kozhikode,Kerala,South,Loyal Customers
IND_CUST_00443,2023-01-26,Mysuru,Karnataka,South,Lost Customers
IND_CUST_00444,2024-05-13,Hubballi,Karnataka,South,New & Promising
IND_CUST_00445,2024-05-22,Kanpur,Uttar Pradesh,North,Lost Customers
IND_CUST_00446,2024-06-28,Udaipur,Rajasthan,North,Potential Loyalists
IND_CUST_00447,2023-03-03,Thiruvananthapuram,Kerala,South,At Risk
IND_CUST_00448,2023-08-17,Noida,Uttar Pradesh,North,New & Promising
IND_CUST_00449,2024-08-29,Mangaluru,Karnataka,South,New & Promising
IND_CUST_00450,2023-02-04,Pune,Maharashtra,West,New & Promising
IND_CUST_00451,2024-03-31,Noida,Uttar Pradesh,North,At Risk
IND_CUST_00452,2024-08-10,Madurai,Tamil Nadu,South,Lost Customers
IND_CUST_00453,2024-05-16,New Delhi,Delhi,North,New & Promising
IND_CUST_00454,2024-08-17,Siliguri,West Bengal,East,Champions
IND_CUST_00455,2023-01-25,Nagpur,Maharashtra,West,Lost Customers
IND_CUST_00456,2024-07-22,Dwarka,Delhi,North,New & Promising
IND_CUST_00457,2023-02-01,Nashik,Maharashtra,West,New & Promising
IND_CUST_00458,2023-01-12,Dwarka,Delhi,North,New & Promising
IND_CUST_00459,2023-11-15,Pune,Maharashtra,West,Loyal Customers
IND_CUST_00460,2024-08-26,Nashik,Maharashtra,West,Loyal Customers
IND_CUST_00461,2023-01-01,Pune,Maharashtra,West,Lost Customers
IND_CUST_00462,2024-03-10,Tiruchirappalli,Tamil Nadu,South,New & Promising
IND_CUST_00463,2023-05-16,Kanpur,Uttar Pradesh,North,New & Promising
IND_CUST_00464,2023-07-15,Coimbatore,Tamil Nadu,South,Champions
IND_CUST_00465,2023-05-13,Jaipur,Rajasthan,North,Loyal Customers
IND_CUST_00466,2023-03-27,Mysuru,Karnataka,South,Lost Customers
IND_CUST_00467,2024-04-20,Mysuru,Karnataka,South,Lost Customers
IND_CUST_00468,2023-11-20,Ahmedabad,Gujarat,West,New & Promising
IND_CUST_00469,2023-06-29,Mysuru,Karnataka,South,Loyal Customers
IND_CUST_00470,2024-05-30,Udaipur,Rajasthan,North,Lost Customers
IND_CUST_00471,2024-09-29,Nashik,Maharashtra,West,New & Promising
IND_CUST_00472,2023-06-24,Jaipur,Rajasthan,North,New & Promising
IND_CUST_00473,2023-01-21,Nashik,Maharashtra,West,New & Promising
IND_CUST_00474,2023-04-15,Siliguri,West Bengal,East,New & Promising
IND_CUST_00475,2024-07-31,New Delhi,Delhi,North,Loyal Customers
IND_CUST_00476,2024-03-18,Thrissur,Kerala,South,New & Promising
IND_CUST_00477,2023-02-18,Nashik,Maharashtra,West,Lost Customers
IND_CUST_00478,2024-06-11,Madurai,Tamil Nadu,South,Lost Customers
IND_CUST_00479,2023-05-25,Kota,Rajasthan,North,Loyal Customers
IND_CUST_00480,2023-12-06,South Delhi,Delhi,North,Loyal Customers
IND_CUST_00481,2023-12-20,Coimbatore,Tamil Nadu,South,Lost Customers
IND_CUST_00482,2023-03-16,Nizamabad,Telangana,South,Lost Customers
IND_CUST_00483,2024-07-31,North Delhi,Delhi,North,New & Promising
IND_CUST_00484,2024-09-28,Chennai,Tamil Nadu,South,Lost Customers
IND_CUST_00485,2023-11-15,Tiruchirappalli,Tamil Nadu,South,New & Promising
IND_CUST_00486,2023-03-28,Siliguri,West Bengal,East,Champions
IND_CUST_00487,2024-07-06,Nagpur,Maharashtra,West,Champions
IND_CUST_00488,2023-02-11,Mangaluru,Karnataka,South,New & Promising
IND_CUST_00489,2023-04-03,Kota,Rajasthan,North,New & Promising
IND_CUST_00490,2024-05-21,Kolkata,West Bengal,East,Lost Customers
IND_CUST_00491,2024-06-12,New Delhi,Delhi,North,New & Promising
IND_CUST_00492,2023-09-22,Madurai,Tamil Nadu,South,Lost Customers
IND_CUST_00493,2024-09-17,Bengaluru,Karnataka,South,New & Promising
IND_CUST_00494,2023-10-19,Pune,Maharashtra,West,Lost Customers
IND_CUST_00495,2024-04-08,New Delhi,Delhi,North,New & Promising
IND_CUST_00496,2024-07-13,Bengaluru,Karnataka,South,New & Promising
IND_CUST_00497,2023-04-07,Madurai,Tamil Nadu,South,Lost Customers
IND_CUST_00498,2023-04-05,Pune,Maharashtra,West,Lost Customers
IND_CUST_00499,2023-11-22,Kochi,Kerala,South,At Risk
IND_CUST_00500,2023-03-15,Thiruvananthapuram,Kerala,South,New & Promising
IND_CUST_00501,2023-12-02,Warangal,Telangana,South,Champions
IND_CUST_00502,2023-03-09,North Delhi,Delhi,North,New & Promising
IND_CUST_00503,2023-03-18,Mangaluru,Karnataka,South,New & Promising
IND_CUST_00504,2023-07-27,Varanasi,Uttar Pradesh,North,New & Promising
IND_CUST_00505,2023-08-09,Nizamabad,Telangana,South,Lost Customers
IND_CUST_00506,2023-09-19,Mumbai,Maharashtra,West,New & Promising
IND_CUST_00507,2024-02-14,Durgapur,West Bengal,East,New & Promising
IND_CUST_00508,2023-11-27,Vadodara,Gujarat,West,New & Promising
IND_CUST_00509,2023-12-10,Jaipur,Rajasthan,North,At Risk
IND_CUST_00510,2023-03-15,Hyderabad,Telangana,South,Loyal Customers
IND_CUST_00511,2024-09-28,Tiruchirappalli,Tamil Nadu,South,New & Promising
IND_CUST_00512,2023-09-11,South Delhi,Delhi,North,New & Promising
IND_CUST_00513,2023-11-28,Howrah,West Bengal,East,Potential Loyalists
IND_CUST_00514,2024-02-02,Surat,Gujarat,West,Potential Loyalists
IND_CUST_00515,2023-12-11,Mumbai,Maharashtra,West,Champions
IND_CUST_00516,2024-08-06,Nagpur,Maharashtra,West,Potential Loyalists
IND_CUST_00517,2024-10-29,Mysuru,Karnataka,South,New & Promising
IND_CUST_00518,2024-03-30,Lucknow,Uttar Pradesh,North,New & Promising
IND_CUST_00519,2023-04-25,Kochi,Kerala,South,Lost Customers
IND_CUST_00520,2023-11-09,Mumbai,Maharashtra,West,Lost Customers
IND_CUST_00521,2023-08-16,Madurai,Tamil Nadu,South,Champions
IND_CUST_00522,2023-09-02,Bengaluru,Karnataka,South,New & Promising
IND_CUST_00523,2024-06-09,Jodhpur,Rajasthan,North,New & Promising
IND_CUST_00524,2024-06-11,Surat,Gujarat,West,New & Promising
IND_CUST_00525,2024-03-02,Surat,Gujarat,West,New & Promising
IND_CUST_00526,2023-02-11,North Delhi,Delhi,North,Lost Customers
IND_CUST_00527,2024-04-09,South Delhi,Delhi,North,New & Promising
IND_CUST_00528,2024-09-13,Mangaluru,Karnataka,South,New & Promising
IND_CUST_00529,2023-10-05,Nashik,Maharashtra,West,New & Promising
IND_CUST_00530,2023-01-19,Vadodara,Gujarat,West,New & Promising
IND_CUST_00531,2023-03-07,Agra,Uttar Pradesh,North,New & Promising
IND_CUST_00532,2023-06-16,Thrissur,Kerala,South,New & Promising
IND_CUST_00533,2024-08-07,Kochi,Kerala,South,New & Promising
IND_CUST_00534,2024-02-07,Tiruchirappalli,Tamil Nadu,South,Loyal Customers
IND_CUST_00535,2024-02-13,Noida,Uttar Pradesh,North,New & Promising
IND_CUST_00536,2023-04-22,Udaipur,Rajasthan,North,Lost Customers
IND_CUST_00537,2023-10-01,Surat,Gujarat,West,Lost Customers
IND_CUST_00538,2024-02-11,Bengaluru,Karnataka,South,Champions
IND_CUST_00539,2024-01-08,North Delhi,Delhi,North,New & Promising
IND_CUST_00540,2024-08-19,Mumbai,Maharashtra,West,New & Promising
IND_CUST_00541,2024-10-12,Jaipur,Rajasthan,North,New & Promising
IND_CUST_00542,2023-02-08,Chennai,Tamil Nadu,South,Lost Customers
IND_CUST_00543,2023-04-15,Bengaluru,Karnataka,South,Champions
IND_CUST_00544,2023-11-20,Hyderabad,Telangana,South,Lost Customers
IND_CUST_00545,2024-02-18,Coimbatore,Tamil Nadu,South,New & Promising
IND_CUST_00546,2024-03-04,Bengaluru,Karnataka,South,New & Promising
IND_CUST_00547,2024-09-26,Pune,Maharashtra,West,Potential Loyalists
IND_CUST_00548,2023-03-02,Nizamabad,Telangana,South,New & Promising
IND_CUST_00549,2024-09-03,Dwarka,Delhi,North,Loyal Customers
IND_CUST_00550,2023-11-03,Agra,Uttar Pradesh,North,Lost Customers
IND_CUST_00551,2023-12-20,Dwarka,Delhi,North,New & Promising
IND_CUST_00552,2024-01-28,Surat,Gujarat,West,New & Promising
IND_CUST_00553,2023-07-23,Madurai,Tamil Nadu,South,At Risk
IND_CUST_00554,2023-09-15,Madurai,Tamil Nadu,South,New & Promising
IND_CUST_00555,2024-04-30,Vadodara,Gujarat,West,New & Promising
IND_CUST_00556,2024-05-31,Dwarka,Delhi,North,Lost Customers
IND_CUST_00557,2024-03-21,Pune,Maharashtra,West,New & Promising
IND_CUST_00558,2023-06-29,Mumbai,Maharashtra,West,Lost Customers
IND_CUST_00559,2023-12-08,Agra,Uttar Pradesh,North,Lost Customers
IND_CUST_00560,2023-05-13,Coimbatore,Tamil Nadu,South,Lost Customers
IND_CUST_00561,2024-03-18,Hyderabad,Telangana,South,Potential Loyalists
IND_CUST_00562,2023-09-10,Pune,Maharashtra,West,Lost Customers
IND_CUST_00563,2023-09-22,Mumbai,Maharashtra,West,Champions
IND_CUST_00564,2023-04-03,Nagpur,Maharashtra,West,Lost Customers
IND_CUST_00565,2024-10-23,Bengaluru,Karnataka,South,New & Promising
IND_CUST_00566,2024-02-15,Tiruchirappalli,Tamil Nadu,South,Champions
IND_CUST_00567,2023-05-18,Mysuru,Karnataka,South,New & Promising
IND_CUST_00568,2023-07-27,Dwarka,Delhi,North,New & Promising
IND_CUST_00569,2024-09-28,Howrah,West Bengal,East,New & Promising
IND_CUST_00570,2024-07-26,Hubballi,Karnataka,South,New & Promising
IND_CUST_00571,2023-11-03,North Delhi,Delhi,North,Lost Customers
IND_CUST_00572,2023-09-23,Noida,Uttar Pradesh,North,Lost Customers
IND_CUST_00573,2024-10-07,Bengaluru,Karnataka,South,New & Promising
IND_CUST_00574,2023-11-14,Madurai,Tamil Nadu,South,New & Promising
IND_CUST_00575,2023-04-23,Surat,Gujarat,West,Lost Customers
IND_CUST_00576,2024-01-13,Udaipur,Rajasthan,North,Champions
IND_CUST_00577,2024-03-29,Mumbai,Maharashtra,West,Champions
IND_CUST_00578,2023-07-10,Durgapur,West Bengal,East,Champions
IND_CUST_00579,2024-03-15,South Delhi,Delhi,North,Loyal Customers
IND_CUST_00580,2023-07-06,Mangaluru,Karnataka,South,Champions
IND_CUST_00581,2024-01-02,Dwarka,Delhi,North,Lost Customers
IND_CUST_00582,2023-03-30,Thiruvananthapuram,Kerala,South,Loyal Customers
IND_CUST_00583,2023-07-06,South Delhi,Delhi,North,New & Promising
IND_CUST_00584,2023-05-12,Mangaluru,Karnataka,South,Lost Customers
IND_CUST_00585,2024-09-26,Tiruchirappalli,Tamil Nadu,South,Lost Customers
IND_CUST_00586,2024-07-13,Mysuru,Karnataka,South,Lost Customers
IND_CUST_00587,2024-01-11,Pune,Maharashtra,West,Champions
IND_CUST_00588,2023-04-09,Mumbai,Maharashtra,West,Lost Customers
IND_CUST_00589,2023-02-03,Nashik,Maharashtra,West,Lost Customers
IND_CUST_00590,2024-08-04,Mumbai,Maharashtra,West,Loyal Customers
IND_CUST_00591,2023-06-20,Nashik,Maharashtra,West,New & Promising
IND_CUST_00592,2024-01-01,Chennai,Tamil Nadu,South,New & Promising
IND_CUST_00593,2023-02-28,Pune,Maharashtra,West,New & Promising
IND_CUST_00594,2023-06-30,Hubballi,Karnataka,South,Lost Customers
IND_CUST_00595,2023-01-19,Howrah,West Bengal,East,Champions
IND_CUST_00596,2023-08-14,New Delhi,Delhi,North,Lost Customers
IND_CUST_00597,2024-04-17,Hyderabad,Telangana,South,New & Promising
IND_CUST_00598,2023-04-05,Nagpur,Maharashtra,West,Loyal Customers
IND_CUST_00599,2023-10-24,Nashik,Maharashtra,West,New & Promising
IND_CUST_00600,2024-08-15,Mumbai,Maharashtra,West,New & Promising
IND_CUST_00601,2023-06-24,Mumbai,Maharashtra,West,Lost Customers
IND_CUST_00602,2023-08-10,Bengaluru,Karnataka,South,Loyal Customers
IND_CUST_00603,2024-09-06,Nagpur,Maharashtra,West,New & Promising
IND_CUST_00604,2023-02-23,Pune,Maharashtra,West,New & Promising
IND_CUST_00605,2024-02-07,Mumbai,Maharashtra,West,New & Promising
IND_CUST_00606,2023-11-14,South Delhi,Delhi,North,Loyal Customers
IND_CUST_00607,2023-12-15,Mumbai,Maharashtra,West,Loyal Customers
IND_CUST_00608,2024-03-18,Mangaluru,Karnataka,South,New & Promising
IND_CUST_00609,2024-08-02,South Delhi,Delhi,North,New & Promising
IND_CUST_00610,2024-06-23,Hyderabad,Telangana,South,Potential Loyalists
IND_CUST_00611,2023-10-09,Nagpur,Maharashtra,West,Loyal Customers
IND_CUST_00612,2023-12-26,Agra,Uttar Pradesh,North,New & Promising
IND_CUST_00613,2024-09-22,Coimbatore,Tamil Nadu,South,New & Promising
IND_CUST_00614,2024-10-07,Mumbai,Maharashtra,West,New & Promising
IND_CUST_00615,2024-10-02,Vadodara,Gujarat,West,Champions
IND_CUST_00616,2023-01-08,Durgapur,West Bengal,East,Lost Customers
IND_CUST_00617,2024-07-16,Nashik,Maharashtra,West,Loyal Customers
IND_CUST_00618,2024-05-05,Mangaluru,Karnataka,South,Potential Loyalists
IND_CUST_00619,2023-12-07,Agra,Uttar Pradesh,North,Lost Customers
IND_CUST_00620,2024-04-16,Lucknow,Uttar Pradesh,North,Champions
IND_CUST_00621,2023-09-06,Mumbai,Maharashtra,West,New & Promising
IND_CUST_00622,2023-08-23,Nashik,Maharashtra,West,Loyal Customers
IND_CUST_00623,2023-03-24,Hubballi,Karnataka,South,New & Promising
IND_CUST_00624,2023-04-03,Dwarka,Delhi,North,Lost Customers
IND_CUST_00625,2024-01-29,Madurai,Tamil Nadu,South,New & Promising
IND_CUST_00626,2023-09-25,Mysuru,Karnataka,South,Lost Customers
IND_CUST_00627,2024-02-21,South Delhi,Delhi,North,New & Promising
IND_CUST_00628,2024-09-23,Agra,Uttar Pradesh,North,New & Promising
IND_CUST_00629,2024-08-05,Mumbai,Maharashtra,West,New & Promising
IND_CUST_00630,2024-06-12,Bengaluru,Karnataka,South,Champions
IND_CUST_00631,2023-09-10,Nizamabad,Telangana,South,New & Promising
IND_CUST_00632,2023-05-02,Kolkata,West Bengal,East,At Risk
IND_CUST_00633,2023-01-10,New Delhi,Delhi,North,Lost Customers
IND_CUST_00634,2023-11-12,New Delhi,Delhi,North,New & Promising
IND_CUST_00635,2023-09-30,Pune,Maharashtra,West,New & Promising
IND_CUST_00636,2023-11-02,South Delhi,Delhi,North,Lost Customers
IND_CUST_00637,2023-07-29,South Delhi,Delhi,North,New & Promising
IND_CUST_00638,2024-04-08,Mangaluru,Karnataka,South,New & Promising
IND_CUST_00639,2024-02-20,Hubballi,Karnataka,South,New & Promising
IND_CUST_00640,2023-08-04,Mysuru,Karnataka,South,New & Promising
IND_CUST_00641,2023-03-21,Nagpur,Maharashtra,West,New & Promising
IND_CUST_00642,2024-04-24,Mysuru,Karnataka,South,Potential Loyalists
IND_CUST_00643,2024-06-30,Pune,Maharashtra,West,New & Promising
IND_CUST_00644,2023-01-18,Hubballi,Karnataka,South,New & Promising
IND_CUST_00645,2023-06-14,Nashik,Maharashtra,West,Lost Customers
IND_CUST_00646,2024-06-08,Kolkata,West Bengal,East,New & Promising
IND_CUST_00647,2023-07-21,Chennai,Tamil Nadu,South,Champions
IND_CUST_00648,2023-12-12,Nizamabad,Telangana,South,Potential Loyalists
IND_CUST_00649,2024-01-01,Lucknow,Uttar Pradesh,North,Lost Customers
IND_CUST_00650,2024-03-23,South Delhi,Delhi,North,New & Promising
IND_CUST_00651,2024-05-27,Pune,Maharashtra,West,Lost Customers
IND_CUST_00652,2023-11-15,Dwarka,Delhi,North,Lost Customers
IND_CUST_00653,2023-08-05,Madurai,Tamil Nadu,South,New & Promising
IND_CUST_00654,2023-02-03,Noida,Uttar Pradesh,North,At Risk
IND_CUST_00655,2023-09-23,New Delhi,Delhi,North,New & Promising
IND_CUST_00656,2024-10-01,Nagpur,Maharashtra,West,Loyal Customers
IND_CUST_00657,2023-03-21,Mysuru,Karnataka,South,New & Promising
IND_CUST_00658,2024-02-17,Bengaluru,Karnataka,South,Potential Loyalists
IND_CUST_00659,2023-09-09,Coimbatore,Tamil Nadu,South,New & Promising
IND_CUST_00660,2023-01-12,Madurai,Tamil Nadu,South,New & Promising
IND_CUST_00661,2024-02-05,Hubballi,Karnataka,South,New & Promising
IND_CUST_00662,2023-10-09,Kochi,Kerala,South,Champions
IND_CUST_00663,2023-04-22,Madurai,Tamil Nadu,South,At Risk
IND_CUST_00664,2024-01-13,Mangaluru,Karnataka,South,Loyal Customers
IND_CUST_00665,2023-09-25,Nashik,Maharashtra,West,Lost Customers
IND_CUST_00666,2023-10-25,Mumbai,Maharashtra,West,New & Promising
IND_CUST_00667,2023-11-13,Mangaluru,Karnataka,South,Champions
IND_CUST_00668,2024-07-23,Pune,Maharashtra,West,Champions
IND_CUST_00669,2024-05-23,Mumbai,Maharashtra,West,New & Promising
IND_CUST_00670,2024-06-29,Bengaluru,Karnataka,South,Lost Customers
IND_CUST_00671,2023-12-31,Pune,Maharashtra,West,Lost Customers
IND_CUST_00672,2024-06-30,Durgapur,West Bengal,East,Champions
IND_CUST_00673,2023-09-28,Nashik,Maharashtra,West,Loyal Customers
IND_CUST_00674,2024-04-18,Dwarka,Delhi,North,New & Promising
IND_CUST_00675,2024-06-20,New Delhi,Delhi,North,Champions
IND_CUST_00676,2023-08-22,Kochi,Kerala,South,Champions
IND_CUST_00677,2023-02-28,Nashik,Maharashtra,West,At Risk
IND_CUST_00678,2023-09-08,Hubballi,Karnataka,South,At Risk
IND_CUST_00679,2023-03-27,Kota,Rajasthan,North,Lost Customers
IND_CUST_00680,2024-01-25,Surat,Gujarat,West,New & Promising
IND_CUST_00681,2023-06-29,Agra,Uttar Pradesh,North,New & Promising
IND_CUST_00682,2023-05-29,Mysuru,Karnataka,South,Loyal Customers
IND_CUST_00683,2024-08-05,Pune,Maharashtra,West,Lost Customers
IND_CUST_00684,2023-05-01,Hyderabad,Telangana,South,New & Promising
IND_CUST_00685,2024-08-27,Siliguri,West Bengal,East,New & Promising
IND_CUST_00686,2023-09-13,Tiruchirappalli,Tamil Nadu,South,New & Promising
IND_CUST_00687,2023-11-05,Coimbatore,Tamil Nadu,South,New & Promising
IND_CUST_00688,2023-02-28,Bengaluru,Karnataka,South,New & Promising
IND_CUST_00689,2023-03-10,Kanpur,Uttar Pradesh,North,Lost Customers
IND_CUST_00690,2024-03-21,Nagpur,Maharashtra,West,Lost Customers
IND_CUST_00691,2024-01-23,Hubballi,Karnataka,South,New & Promising
IND_CUST_00692,2023-03-27,New Delhi,Delhi,North,Lost Customers
IND_CUST_00693,2023-08-15,New Delhi,Delhi,North,Lost Customers
IND_CUST_00694,2024-08-15,Hubballi,Karnataka,South,New & Promising
IND_CUST_00695,2024-09-17,Nashik,Maharashtra,West,New & Promising
IND_CUST_00696,2023-07-03,Tiruchirappalli,Tamil Nadu,South,New & Promising
IND_CUST_00697,2023-11-18,Bengaluru,Karnataka,South,Loyal Customers
IND_CUST_00698,2023-11-14,Madurai,Tamil Nadu,South,Lost Customers
IND_CUST_00699,2024-07-19,Nashik,Maharashtra,West,New & Promising
IND_CUST_00700,2024-02-03,Dwarka,Delhi,North,New & Promising
IND_CUST_00701,2023-10-20,Dwarka,Delhi,North,New & Promising
IND_CUST_00702,2023-10-20,Mumbai,Maharashtra,West,New & Promising
IND_CUST_00703,2024-04-29,Hubballi,Karnataka,South,Lost Customers
IND_CUST_00704,2024-03-22,Pune,Maharashtra,West,Loyal Customers
IND_CUST_00705,2024-02-16,Nagpur,Maharashtra,West,At Risk
IND_CUST_00706,2024-05-22,Kozhikode,Kerala,South,Champions
IND_CUST_00707,2023-09-01,Bengaluru,Karnataka,South,Lost Customers
IND_CUST_00708,2024-02-24,Varanasi,Uttar Pradesh,North,New & Promising
IND_CUST_00709,2023-06-03,Mangaluru,Karnataka,South,At Risk
IND_CUST_00710,2024-02-28,Hyderabad,Telangana,South,New & Promising
IND_CUST_00711,2023-09-30,Agra,Uttar Pradesh,North,At Risk
IND_CUST_00712,2024-10-08,Chennai,Tamil Nadu,South,New & Promising
IND_CUST_00713,2024-06-03,New Delhi,Delhi,North,New & Promising
IND_CUST_00714,2023-05-08,New Delhi,Delhi,North,Loyal Customers
IND_CUST_00715,2024-01-08,Mysuru,Karnataka,South,New & Promising
IND_CUST_00716,2024-07-21,Siliguri,West Bengal,East,Loyal Customers
IND_CUST_00717,2024-09-29,Vadodara,Gujarat,West,New & Promising
IND_CUST_00718,2023-06-08,Udaipur,Rajasthan,North,Potential Loyalists
IND_CUST_00719,2024-07-24,Nashik,Maharashtra,West,Loyal Customers
IND_CUST_00720,2024-07-23,Warangal,Telangana,South,New & Promising
IND_CUST_00721,2024-10-13,Siliguri,West Bengal,East,New & Promising
IND_CUST_00722,2023-06-25,Nashik,Maharashtra,West,New & Promising
IND_CUST_00723,2024-09-11,Pune,Maharashtra,West,Loyal Customers
IND_CUST_00724,2023-07-30,Lucknow,Uttar Pradesh,North,New & Promising
IND_CUST_00725,2024-03-22,Tiruchirappalli,Tamil Nadu,South,Loyal Customers
IND_CUST_00726,2024-08-08,Surat,Gujarat,West,Champions
IND_CUST_00727,2023-06-16,Nashik,Maharashtra,West,New & Promising
IND_CUST_00728,2024-04-04,Kanpur,Uttar Pradesh,North,Champions
IND_CUST_00729,2023-12-23,Nashik,Maharashtra,West,Loyal Customers
IND_CUST_00730,2023-10-31,Pune,Maharashtra,West,New & Promising
IND_CUST_00731,2023-08-21,Nagpur,Maharashtra,West,Lost Customers
IND_CUST_00732,2023-11-23,Noida,Uttar Pradesh,North,Potential Loyalists
IND_CUST_00733,2023-07-01,Hyderabad,Telangana,South,New & Promising
IND_CUST_00734,2024-09-25,North Delhi,Delhi,North,New & Promising
IND_CUST_00735,2023-11-30,Mangaluru,Karnataka,South,New & Promising
IND_CUST_00736,2023-01-29,Rajkot,Gujarat,West,New & Promising
IND_CUST_00737,2023-04-03,Mysuru,Karnataka,South,New & Promising
IND_CUST_00738,2023-11-26,Lucknow,Uttar Pradesh,North,New & Promising
IND_CUST_00739,2023-07-03,South Delhi,Delhi,North,New & Promising
IND_CUST_00740,2023-04-05,Mangaluru,Karnataka,South,At Risk
IND_CUST_00741,2024-10-10,North Delhi,Delhi,North,Champions
IND_CUST_00742,2023-12-19,Mangaluru,Karnataka,South,New & Promising
IND_CUST_00743,2023-09-22,Kanpur,Uttar Pradesh,North,New & Promising
IND_CUST_00744,2024-10-08,South Delhi,Delhi,North,Champions
IND_CUST_00745,2024-10-17,Bengaluru,Karnataka,South,New & Promising
IND_CUST_00746,2023-01-19,Siliguri,West Bengal,East,New & Promising
IND_CUST_00747,2024-10-07,Bengaluru,Karnataka,South,Champions
IND_CUST_00748,2024-09-17,Coimbatore,Tamil Nadu,South,Loyal Customers
IND_CUST_00749,2024-05-13,Durgapur,West Bengal,East,New & Promising
IND_CUST_00750,2023-05-19,Madurai,Tamil Nadu,South,Loyal Customers
IND_CUST_00751,2024-09-28,Nagpur,Maharashtra,West,New & Promising
IND_CUST_00752,2024-07-26,Siliguri,West Bengal,East,Champions
IND_CUST_00753,2024-06-08,Coimbatore,Tamil Nadu,South,Potential Loyalists
IND_CUST_00754,2023-09-12,Bengaluru,Karnataka,South,Lost Customers
IND_CUST_00755,2023-03-26,Pune,Maharashtra,West,Loyal Customers
IND_CUST_00756,2024-04-02,Varanasi,Uttar Pradesh,North,New & Promising
IND_CUST_00757,2024-06-15,Coimbatore,Tamil Nadu,South,New & Promising
IND_CUST_00758,2024-07-15,Dwarka,Delhi,North,Champions
IND_CUST_00759,2023-04-02,Siliguri,West Bengal,East,New & Promising
IND_CUST_00760,2024-08-22,Varanasi,Uttar Pradesh,North,Loyal Customers
IND_CUST_00761,2023-03-10,Nashik,Maharashtra,West,Loyal Customers
IND_CUST_00762,2023-02-06,Bengaluru,Karnataka,South,New & Promising
IND_CUST_00763,2023-05-20,Mangaluru,Karnataka,South,Champions
IND_CUST_00764,2024-07-19,Varanasi,Uttar Pradesh,North,Lost Customers
IND_CUST_00765,2023-06-27,Pune,Maharashtra,West,New & Promising
IND_CUST_00766,2024-09-09,Madurai,Tamil Nadu,South,Lost Customers
IND_CUST_00767,2023-05-17,Varanasi,Uttar Pradesh,North,Champions
IND_CUST_00768,2023-07-09,Ahmedabad,Gujarat,West,New & Promising
IND_CUST_00769,2024-10-01,Mysuru,Karnataka,South,New & Promising
IND_CUST_00770,2023-12-08,Vadodara,Gujarat,West,New & Promising
IND_CUST_00771,2024-07-12,Nashik,Maharashtra,West,New & Promising
IND_CUST_00772,2023-01-05,Vadodara,Gujarat,West,Lost Customers
IND_CUST_00773,2023-09-14,Nashik,Maharashtra,West,Champions
IND_CUST_00774,2024-10-23,Bengaluru,Karnataka,South,Champions
IND_CUST_00775,2023-08-31,Noida,Uttar Pradesh,North,New & Promising
IND_CUST_00776,2024-02-19,Nagpur,Maharashtra,West,New & Promising
IND_CUST_00777,2024-09-18,Bengaluru,Karnataka,South,New & Promising
IND_CUST_00778,2023-12-09,Nizamabad,Telangana,South,New & Promising
IND_CUST_00779,2024-01-14,Warangal,Telangana,South,At Risk
IND_CUST_00780,2024-08-16,Chennai,Tamil Nadu,South,Champions
IND_CUST_00781,2024-10-27,Warangal,Telangana,South,New & Promising
IND_CUST_00782,2024-10-14,Coimbatore,Tamil Nadu,South,New & Promising
IND_CUST_00783,2023-05-26,Mysuru,Karnataka,South,Lost Customers
IND_CUST_00784,2023-11-19,Mangaluru,Karnataka,South,New & Promising
IND_CUST_00785,2023-05-02,Nashik,Maharashtra,West,Lost Customers
IND_CUST_00786,2023-09-09,Siliguri,West Bengal,East,New & Promising
IND_CUST_00787,2023-11-07,Coimbatore,Tamil Nadu,South,Lost Customers
IND_CUST_00788,2024-08-23,North Delhi,Delhi,North,Champions
IND_CUST_00789,2024-04-19,North Delhi,Delhi,North,Champions
IND_CUST_00790,2024-07-23,Udaipur,Rajasthan,North,Champions
IND_CUST_00791,2024-05-06,Pune,Maharashtra,West,New & Promising
IND_CUST_00792,2024-07-28,Tiruchirappalli,Tamil Nadu,South,Loyal Customers
IND_CUST_00793,2023-12-13,North Delhi,Delhi,North,New & Promising
IND_CUST_00794,2024-05-01,Chennai,Tamil Nadu,South,New & Promising
IND_CUST_00795,2024-04-17,Nashik,Maharashtra,West,New & Promising
IND_CUST_00796,2024-01-17,Vadodara,Gujarat,West,Lost Customers
IND_CUST_00797,2023-10-07,Howrah,West Bengal,East,Lost Customers
IND_CUST_00798,2023-03-13,Chennai,Tamil Nadu,South,New & Promising
IND_CUST_00799,2024-06-04,Nizamabad,Telangana,South,New & Promising
IND_CUST_00800,2024-01-01,Siliguri,West Bengal,East,New & Promising
IND_CUST_00801,2023-04-04,Nizamabad,Telangana,South,New & Promising
IND_CUST_00802,2024-01-08,Nagpur,Maharashtra,West,Lost Customers
IND_CUST_00803,2023-12-05,Madurai,Tamil Nadu,South,Lost Customers
IND_CUST_00804,2024-03-12,Madurai,Tamil Nadu,South,Champions
IND_CUST_00805,2023-12-02,North Delhi,Delhi,North,New & Promising
IND_CUST_00806,2024-10-25,Warangal,Telangana,South,Potential Loyalists
IND_CUST_00807,2024-05-06,Howrah,West Bengal,East,New & Promising
IND_CUST_00808,2023-02-09,Howrah,West Bengal,East,Champions
IND_CUST_00809,2023-12-25,New Delhi,Delhi,North,Lost Customers
IND_CUST_00810,2024-07-27,Pune,Maharashtra,West,New & Promising
IND_CUST_00811,2023-09-11,Kozhikode,Kerala,South,Champions
IND_CUST_00812,2024-08-03,Surat,Gujarat,West,Champions
IND_CUST_00813,2024-02-02,Pune,Maharashtra,West,New & Promising
IND_CUST_00814,2023-06-19,Durgapur,West Bengal,East,New & Promising
IND_CUST_00815,2024-05-25,Vadodara,Gujarat,West,New & Promising
IND_CUST_00816,2023-09-17,North Delhi,Delhi,North,New & Promising
IND_CUST_00817,2024-08-06,Coimbatore,Tamil Nadu,South,New & Promising
IND_CUST_00818,2024-04-03,Mysuru,Karnataka,South,Champions
IND_CUST_00819,2024-06-12,Mumbai,Maharashtra,West,Potential Loyalists
IND_CUST_00820,2023-12-07,Mysuru,Karnataka,South,Lost Customers
IND_CUST_00821,2023-02-26,Kanpur,Uttar Pradesh,North,Lost Customers
IND_CUST_00822,2023-08-06,Nagpur,Maharashtra,West,Champions
IND_CUST_00823,2024-09-10,Mysuru,Karnataka,South,New & Promising
IND_CUST_00824,2024-04-08,Mysuru,Karnataka,South,New & Promising
IND_CUST_00825,2023-09-04,North Delhi,Delhi,North,Lost Customers
IND_CUST_00826,2024-01-08,Siliguri,West Bengal,East,Loyal Customers
IND_CUST_00827,2024-02-21,Hubballi,Karnataka,South,Potential Loyalists
IND_CUST_00828,2023-01-31,Bengaluru,Karnataka,South,Loyal Customers
IND_CUST_00829,2024-01-03,Hyderabad,Telangana,South,Lost Customers
IND_CUST_00830,2024-07-12,Dwarka,Delhi,North,New & Promising
IND_CUST_00831,2024-10-07,Bengaluru,Karnataka,South,New & Promising
IND_CUST_00832,2023-04-18,South Delhi,Delhi,North,New & Promising
IND_CUST_00833,2024-08-06,Mumbai,Maharashtra,West,Loyal Customers
IND_CUST_00834,2024-02-22,Nashik,Maharashtra,West,New & Promising
IND_CUST_00835,2024-09-11,North Delhi,Delhi,North,Champions
IND_CUST_00836,2024-02-02,Dwarka,Delhi,North,New & Promising
IND_CUST_00837,2023-09-29,Howrah,West Bengal,East,Lost Customers
IND_CUST_00838,2023-04-26,Hubballi,Karnataka,South,Champions
IND_CUST_00839,2024-08-08,Tiruchirappalli,Tamil Nadu,South,Champions
IND_CUST_00840,2023-09-13,Chennai,Tamil Nadu,South,Champions
IND_CUST_00841,2023-03-22,Nashik,Maharashtra,West,Lost Customers
IND_CUST_00842,2023-05-08,Warangal,Telangana,South,New & Promising
IND_CUST_00843,2023-08-23,Nagpur,Maharashtra,West,Loyal Customers
IND_CUST_00844,2024-07-06,Jaipur,Rajasthan,North,New & Promising
IND_CUST_00845,2023-06-30,Nashik,Maharashtra,West,Champions
IND_CUST_00846,2023-06-06,North Delhi,Delhi,North,At Risk
IND_CUST_00847,2024-03-29,Mumbai,Maharashtra,West,Lost Customers
IND_CUST_00848,2024-07-24,Kozhikode,Kerala,South,New & Promising
IND_CUST_00849,2023-01-24,New Delhi,Delhi,North,Champions
IND_CUST_00850,2024-04-17,Madurai,Tamil Nadu,South,New & Promising
IND_CUST_00851,2024-02-04,Mumbai,Maharashtra,West,New & Promising
IND_CUST_00852,2024-08-14,Varanasi,Uttar Pradesh,North,New & Promising
IND_CUST_00853,2023-05-14,Nashik,Maharashtra,West,Potential Loyalists
IND_CUST_00854,2024-02-25,Siliguri,West Bengal,East,New & Promising
IND_CUST_00855,2023-08-01,Nagpur,Maharashtra,West,Champions
IND_CUST_00856,2024-04-26,Nagpur,Maharashtra,West,Loyal Customers
IND_CUST_00857,2023-12-14,Nashik,Maharashtra,West,Potential Loyalists
IND_CUST_00858,2023-06-15,New Delhi,Delhi,North,New & Promising
IND_CUST_00859,2023-12-14,Chennai,Tamil Nadu,South,Champions
IND_CUST_00860,2024-02-02,Nashik,Maharashtra,West,New & Promising
IND_CUST_00861,2024-08-05,Kanpur,Uttar Pradesh,North,Potential Loyalists
IND_CUST_00862,2024-03-10,South Delhi,Delhi,North,New & Promising
IND_CUST_00863,2024-07-30,Dwarka,Delhi,North,New & Promising
IND_CUST_00864,2023-08-09,Dwarka,Delhi,North,Loyal Customers
IND_CUST_00865,2023-11-04,New Delhi,Delhi,North,At Risk
IND_CUST_00866,2024-04-10,Tiruchirappalli,Tamil Nadu,South,New & Promising
IND_CUST_00867,2023-04-09,Mumbai,Maharashtra,West,New & Promising
IND_CUST_00868,2023-08-30,Nashik,Maharashtra,West,Lost Customers
IND_CUST_00869,2023-06-07,Surat,Gujarat,West,Lost Customers
IND_CUST_00870,2024-09-01,Jodhpur,Rajasthan,North,New & Promising
IND_CUST_00871,2024-07-07,Bengaluru,Karnataka,South,New & Promising
IND_CUST_00872,2024-10-12,Hubballi,Karnataka,South,New & Promising
IND_CUST_00873,2023-08-15,Coimbatore,Tamil Nadu,South,New & Promising
IND_CUST_00874,2024-02-27,New Delhi,Delhi,North,Lost Customers
IND_CUST_00875,2023-03-13,Nashik,Maharashtra,West,Lost Customers
IND_CUST_00876,2023-08-31,Nashik,Maharashtra,West,Potential Loyalists
IND_CUST_00877,2024-06-13,Hyderabad,Telangana,South,New & Promising
IND_CUST_00878,2024-08-11,Nizamabad,Telangana,South,New & Promising
IND_CUST_00879,2023-02-14,Mumbai,Maharashtra,West,New & Promising
IND_CUST_00880,2024-04-16,Bengaluru,Karnataka,South,New & Promising
IND_CUST_00881,2024-01-06,Mysuru,Karnataka,South,New & Promising
IND_CUST_00882,2024-10-13,Hyderabad,Telangana,South,New & Promising
IND_CUST_00883,2023-04-02,Mumbai,Maharashtra,West,Lost Customers
IND_CUST_00884,2023-01-22,Nashik,Maharashtra,West,New & Promising
IND_CUST_00885,2023-06-21,Lucknow,Uttar Pradesh,North,Champions
IND_CUST_00886,2024-08-26,Nashik,Maharashtra,West,Loyal Customers
IND_CUST_00887,2023-07-11,Nizamabad,Telangana,South,Lost Customers
IND_CUST_00888,2023-03-18,Hubballi,Karnataka,South,Lost Customers
IND_CUST_00889,2023-10-08,Pune,Maharashtra,West,At Risk
IND_CUST_00890,2023-12-30,Mysuru,Karnataka,South,Loyal Customers
IND_CUST_00891,2023-06-28,Nizamabad,Telangana,South,Lost Customers
IND_CUST_00892,2023-08-26,Vadodara,Gujarat,West,New & Promising
IND_CUST_00893,2023-05-15,Vadodara,Gujarat,West,New & Promising
IND_CUST_00894,2023-10-07,Hubballi,Karnataka,South,Lost Customers
IND_CUST_00895,2023-01-19,Nizamabad,Telangana,South,New & Promising
IND_CUST_00896,2024-08-17,Nashik,Maharashtra,West,New & Promising
IND_CUST_00897,2024-01-06,Mysuru,Karnataka,South,At Risk
IND_CUST_00898,2023-04-22,Durgapur,West Bengal,East,Lost Customers
IND_CUST_00899,2023-08-09,Nashik,Maharashtra,West,New & Promising
IND_CUST_00900,2023-10-31,Mumbai,Maharashtra,West,New & Promising
IND_CUST_00901,2023-11-21,Nashik,Maharashtra,West,New & Promising
IND_CUST_00902,2024-03-12,Nagpur,Maharashtra,West,New & Promising
IND_CUST_00903,2024-03-13,Nagpur,Maharashtra,West,Lost Customers
IND_CUST_00904,2023-06-19,Chennai,Tamil Nadu,South,Lost Customers
IND_CUST_00905,2024-01-10,New Delhi,Delhi,North,New & Promising
IND_CUST_00906,2024-07-10,Kolkata,West Bengal,East,Champions
IND_CUST_00907,2024-01-16,Agra,Uttar Pradesh,North,Loyal Customers
IND_CUST_00908,2023-01-14,Bengaluru,Karnataka,South,New & Promising
IND_CUST_00909,2024-10-30,Mangaluru,Karnataka,South,New & Promising
IND_CUST_00910,2024-05-14,Bengaluru,Karnataka,South,New & Promising
IND_CUST_00911,2024-10-07,Tiruchirappalli,Tamil Nadu,South,New & Promising
IND_CUST_00912,2024-01-26,Mysuru,Karnataka,South,At Risk
IND_CUST_00913,2024-07-02,Chennai,Tamil Nadu,South,New & Promising
IND_CUST_00914,2024-07-18,New Delhi,Delhi,North,New & Promising
IND_CUST_00915,2024-06-13,Tiruchirappalli,Tamil Nadu,South,Lost Customers
IND_CUST_00916,2024-05-06,North Delhi,Delhi,North,New & Promising
IND_CUST_00917,2024-07-03,Mangaluru,Karnataka,South,New & Promising
IND_CUST_00918,2024-01-20,Kota,Rajasthan,North,New & Promising
IND_CUST_00919,2023-07-15,Agra,Uttar Pradesh,North,Loyal Customers
IND_CUST_00920,2023-10-27,Nagpur,Maharashtra,West,Potential Loyalists
IND_CUST_00921,2024-06-30,Vadodara,Gujarat,West,New & Promising
IND_CUST_00922,2024-08-24,Dwarka,Delhi,North,Champions
IND_CUST_00923,2023-11-04,Kolkata,West Bengal,East,Lost Customers
IND_CUST_00924,2023-09-09,Lucknow,Uttar Pradesh,North,Lost Customers
IND_CUST_00925,2023-01-08,South Delhi,Delhi,North,New & Promising
IND_CUST_00926,2023-07-27,Pune,Maharashtra,West,Lost Customers
IND_CUST_00927,2023-05-11,Hubballi,Karnataka,South,Champions
IND_CUST_00928,2024-10-15,Chennai,Tamil Nadu,South,Champions
IND_CUST_00929,2024-08-30,Tiruchirappalli,Tamil Nadu,South,Champions
IND_CUST_00930,2023-01-26,Mysuru,Karnataka,South,New & Promising
IND_CUST_00931,2024-09-14,Pune,Maharashtra,West,Loyal Customers
IND_CUST_00932,2024-03-29,Rajkot,Gujarat,West,Lost Customers
IND_CUST_00933,2024-09-26,Thiruvananthapuram,Kerala,South,New & Promising
IND_CUST_00934,2023-07-05,South Delhi,Delhi,North,Lost Customers
IND_CUST_00935,2024-04-28,Nashik,Maharashtra,West,New & Promising
IND_CUST_00936,2023-02-20,Hubballi,Karnataka,South,New & Promising
IND_CUST_00937,2023-01-05,Nagpur,Maharashtra,West,Lost Customers
IND_CUST_00938,2024-08-11,Kolkata,West Bengal,East,New & Promising
IND_CUST_00939,2023-06-09,Nagpur,Maharashtra,West,New & Promising
IND_CUST_00940,2023-07-27,Chennai,Tamil Nadu,South,New & Promising
IND_CUST_00941,2023-09-14,Mysuru,Karnataka,South,Loyal Customers
IND_CUST_00942,2023-07-24,Coimbatore,Tamil Nadu,South,Lost Customers
IND_CUST_00943,2023-01-11,Hyderabad,Telangana,South,New & Promising
IND_CUST_00944,2023-01-08,Vadodara,Gujarat,West,Lost Customers
IND_CUST_00945,2024-02-13,Nashik,Maharashtra,West,New & Promising
IND_CUST_00946,2023-02-01,Nashik,Maharashtra,West,New & Promising
IND_CUST_00947,2024-06-23,Mumbai,Maharashtra,West,Lost Customers
IND_CUST_00948,2024-01-22,Howrah,West Bengal,East,Loyal Customers
IND_CUST_00949,2023-08-16,Surat,Gujarat,West,New & Promising
IND_CUST_00950,2024-10-01,Tiruchirappalli,Tamil Nadu,South,New & Promising
IND_CUST_00951,2024-04-19,Chennai,Tamil Nadu,South,New & Promising
IND_CUST_00952,2023-07-26,Nizamabad,Telangana,South,Lost Customers
IND_CUST_00953,2023-11-14,Nagpur,Maharashtra,West,New & Promising
IND_CUST_00954,2024-07-10,Kolkata,West Bengal,East,New & Promising
IND_CUST_00955,2024-09-08,New Delhi,Delhi,North,New & Promising
IND_CUST_00956,2023-12-14,Hubballi,Karnataka,South,Loyal Customers
IND_CUST_00957,2023-08-22,North Delhi,Delhi,North,Lost Customers
IND_CUST_00958,2023-02-13,Mumbai,Maharashtra,West,New & Promising
IND_CUST_00959,2023-05-22,Nagpur,Maharashtra,West,Potential Loyalists
IND_CUST_00960,2024-10-09,Nizamabad,Telangana,South,New & Promising
IND_CUST_00961,2023-06-25,Pune,Maharashtra,West,New & Promising
IND_CUST_00962,2024-10-15,Coimbatore,Tamil Nadu,South,New & Promising
IND_CUST_00963,2024-03-24,Mysuru,Karnataka,South,Champions
IND_CUST_00964,2024-08-14,Mysuru,Karnataka,South,New & Promising
IND_CUST_00965,2023-03-23,Mangaluru,Karnataka,South,Lost Customers
IND_CUST_00966,2023-05-15,Mysuru,Karnataka,South,At Risk
IND_CUST_00967,2023-06-26,Hyderabad,Telangana,South,Lost Customers
IND_CUST_00968,2024-01-18,Hubballi,Karnataka,South,Lost Customers
IND_CUST_00969,2023-08-31,Tiruchirappalli,Tamil Nadu,South,New & Promising
IND_CUST_00970,2024-07-20,New Delhi,Delhi,North,New & Promising
IND_CUST_00971,2023-05-21,Hyderabad,Telangana,South,Loyal Customers
IND_CUST_00972,2024-04-01,Durgapur,West Bengal,East,Lost Customers
IND_CUST_00973,2024-03-15,Hyderabad,Telangana,South,Champions
IND_CUST_00974,2023-02-25,Mumbai,Maharashtra,West,Lost Customers
IND_CUST_00975,2024-06-10,Nashik,Maharashtra,West,Lost Customers
IND_CUST_00976,2024-02-23,Bengaluru,Karnataka,South,Lost Customers
IND_CUST_00977,2023-03-29,Coimbatore,Tamil Nadu,South,New & Promising
IND_CUST_00978,2024-08-31,Pune,Maharashtra,West,New & Promising
IND_CUST_00979,2024-10-17,South Delhi,Delhi,North,New & Promising
IND_CUST_00980,2023-01-08,Chennai,Tamil Nadu,South,New & Promising
IND_CUST_00981,2024-04-21,Hubballi,Karnataka,South,Lost Customers
IND_CUST_00982,2023-08-03,Lucknow,Uttar Pradesh,North,Lost Customers
IND_CUST_00983,2024-07-05,Pune,Maharashtra,West,Champions
IND_CUST_00984,2024-05-11,Pune,Maharashtra,West,Champions
IND_CUST_00985,2024-05-17,Hyderabad,Telangana,South,New & Promising
IND_CUST_00986,2023-09-02,New Delhi,Delhi,North,Loyal Customers
IND_CUST_00987,2024-04-22,Warangal,Telangana,South,New & Promising
IND_CUST_00988,2023-11-05,South Delhi,Delhi,North,Loyal Customers
IND_CUST_00989,2023-08-19,Hubballi,Karnataka,South,At Risk
IND_CUST_00990,2024-01-18,Lucknow,Uttar Pradesh,North,Lost Customers
IND_CUST_00991,2023-06-04,Lucknow,Uttar Pradesh,North,Lost Customers
IND_CUST_00992,2023-06-24,Nizamabad,Telangana,South,New & Promising
IND_CUST_00993,2023-04-25,Mangaluru,Karnataka,South,Champions
IND_CUST_00994,2024-01-25,Tiruchirappalli,Tamil Nadu,South,Loyal Customers
IND_CUST_00995,2023-11-07,Mysuru,Karnataka,South,Champions
IND_CUST_00996,2023-10-27,Nagpur,Maharashtra,West,New & Promising
IND_CUST_00997,2023-01-18,Kolkata,West Bengal,East,New & Promising
IND_CUST_00998,2023-01-12,Nashik,Maharashtra,West,New & Promising
IND_CUST_00999,2024-02-08,Jodhpur,Rajasthan,North,Loyal Customers
IND_CUST_01000,2023-08-20,North Delhi,Delhi,North,New & Promising
IND_CUST_01001,2024-08-27,Nagpur,Maharashtra,West,Lost Customers
IND_CUST_01002,2023-10-05,Coimbatore,Tamil Nadu,South,New & Promising
IND_CUST_01003,2023-12-19,Rajkot,Gujarat,West,New & Promising
IND_CUST_01004,2023-10-30,Warangal,Telangana,South,New & Promising
IND_CUST_01005,2024-06-24,Agra,Uttar Pradesh,North,Champions
IND_CUST_01006,2024-04-14,Hyderabad,Telangana,South,Champions
IND_CUST_01007,2023-03-18,Nizamabad,Telangana,South,New & Promising
IND_CUST_01008,2024-06-04,Ahmedabad,Gujarat,West,Champions
IND_CUST_01009,2023-01-24,Hubballi,Karnataka,South,Loyal Customers
IND_CUST_01010,2023-01-15,Dwarka,Delhi,North,Lost Customers
IND_CUST_01011,2024-06-08,Bengaluru,Karnataka,South,Potential Loyalists
IND_CUST_01012,2023-12-13,Kozhikode,Kerala,South,New & Promising
IND_CUST_01013,2023-06-21,Jaipur,Rajasthan,North,New & Promising
IND_CUST_01014,2023-11-23,Nashik,Maharashtra,West,Loyal Customers
IND_CUST_01015,2024-04-29,Hyderabad,Telangana,South,New & Promising
IND_CUST_01016,2024-05-03,Siliguri,West Bengal,East,New & Promising
IND_CUST_01017,2024-04-06,Pune,Maharashtra,West,New & Promising
IND_CUST_01018,2024-01-13,Coimbatore,Tamil Nadu,South,Lost Customers
IND_CUST_01019,2024-08-10,Kolkata,West Bengal,East,Lost Customers
IND_CUST_01020,2023-06-13,Nagpur,Maharashtra,West,New & Promising
IND_CUST_01021,2024-01-07,Warangal,Telangana,South,New & Promising
IND_CUST_01022,2024-07-26,Mangaluru,Karnataka,South,Champions
IND_CUST_01023,2024-02-28,Siliguri,West Bengal,East,New & Promising
IND_CUST_01024,2024-04-21,Thiruvananthapuram,Kerala,South,Lost Customers
IND_CUST_01025,2024-01-17,Udaipur,Rajasthan,North,New & Promising
IND_CUST_01026,2023-06-04,New Delhi,Delhi,North,Loyal Customers
IND_CUST_01027,2023-09-14,Vadodara,Gujarat,West,Lost Customers
IND_CUST_01028,2023-03-09,Surat,Gujarat,West,At Risk
IND_CUST_01029,2023-12-10,Bengaluru,Karnataka,South,New & Promising
IND_CUST_01030,2023-10-04,Vadodara,Gujarat,West,Potential Loyalists
IND_CUST_01031,2024-01-26,Nashik,Maharashtra,West,Loyal Customers
IND_CUST_01032,2024-03-24,Coimbatore,Tamil Nadu,South,Loyal Customers
IND_CUST_01033,2023-09-16,Bengaluru,Karnataka,South,New & Promising
IND_CUST_01034,2023-11-03,Nagpur,Maharashtra,West,Champions
IND_CUST_01035,2023-04-05,Nashik,Maharashtra,West,New & Promising
IND_CUST_01036,2024-04-08,Warangal,Telangana,South,Loyal Customers
IND_CUST_01037,2023-09-03,Mangaluru,Karnataka,South,New & Promising
IND_CUST_01038,2024-09-26,Nizamabad,Telangana,South,New & Promising
IND_CUST_01039,2023-07-06,Nagpur,Maharashtra,West,At Risk
IND_CUST_01040,2024-01-08,Bengaluru,Karnataka,South,Lost Customers
IND_CUST_01041,2024-07-25,Dwarka,Delhi,North,Loyal Customers
IND_CUST_01042,2024-02-10,Agra,Uttar Pradesh,North,Potential Loyalists
IND_CUST_01043,2024-02-12,Mysuru,Karnataka,South,New & Promising
IND_CUST_01044,2023-05-05,Chennai,Tamil Nadu,South,Potential Loyalists
IND_CUST_01045,2023-12-03,Surat,Gujarat,West,New & Promising
IND_CUST_01046,2023-12-07,Madurai,Tamil Nadu,South,New & Promising
IND_CUST_01047,2024-07-16,Hubballi,Karnataka,South,New & Promising
IND_CUST_01048,2023-06-27,Nashik,Maharashtra,West,New & Promising
IND_CUST_01049,2024-10-12,Surat,Gujarat,West,New & Promising
IND_CUST_01050,2023-06-19,Nagpur,Maharashtra,West,New & Promising
IND_CUST_01051,2023-02-08,Rajkot,Gujarat,West,Champions
IND_CUST_01052,2023-03-10,Dwarka,Delhi,North,Champions
IND_CUST_01053,2023-08-24,Kolkata,West Bengal,East,New & Promising
IND_CUST_01054,2024-07-13,Varanasi,Uttar Pradesh,North,New & Promising
IND_CUST_01055,2024-01-16,Kozhikode,Kerala,South,Lost Customers
IND_CUST_01056,2023-02-26,Bengaluru,Karnataka,South,New & Promising
IND_CUST_01057,2023-10-04,Lucknow,Uttar Pradesh,North,Lost Customers
IND_CUST_01058,2023-04-09,South Delhi,Delhi,North,New & Promising
IND_CUST_01059,2024-06-10,South Delhi,Delhi,North,New & Promising
IND_CUST_01060,2023-11-21,Chennai,Tamil Nadu,South,New & Promising
IND_CUST_01061,2024-04-05,Ahmedabad,Gujarat,West,New & Promising
IND_CUST_01062,2023-06-28,Kozhikode,Kerala,South,Lost Customers
IND_CUST_01063,2024-07-27,Lucknow,Uttar Pradesh,North,New & Promising
IND_CUST_01064,2023-04-29,South Delhi,Delhi,North,New & Promising
IND_CUST_01065,2024-04-13,Dwarka,Delhi,North,New & Promising
IND_CUST_01066,2024-07-02,Nizamabad,Telangana,South,Potential Loyalists
IND_CUST_01067,2024-10-07,Hubballi,Karnataka,South,Loyal Customers
IND_CUST_01068,2024-03-30,Pune,Maharashtra,West,Lost Customers
IND_CUST_01069,2023-01-26,Hubballi,Karnataka,South,New & Promising
IND_CUST_01070,2024-05-04,Bengaluru,Karnataka,South,Lost Customers
IND_CUST_01071,2023-01-08,Hubballi,Karnataka,South,New & Promising
IND_CUST_01072,2024-05-30,Hubballi,Karnataka,South,New & Promising
IND_CUST_01073,2024-06-16,Nagpur,Maharashtra,West,New & Promising
IND_CUST_01074,2023-05-29,Nagpur,Maharashtra,West,Lost Customers
IND_CUST_01075,2024-05-02,Thrissur,Kerala,South,Potential Loyalists
IND_CUST_01076,2023-01-25,South Delhi,Delhi,North,Loyal Customers
IND_CUST_01077,2024-10-16,Bengaluru,Karnataka,South,Champions
IND_CUST_01078,2024-07-08,Hyderabad,Telangana,South,Lost Customers
IND_CUST_01079,2024-02-29,Nagpur,Maharashtra,West,New & Promising
IND_CUST_01080,2023-10-20,Jodhpur,Rajasthan,North,New & Promising
IND_CUST_01081,2023-07-04,Varanasi,Uttar Pradesh,North,New & Promising
IND_CUST_01082,2024-07-07,Nagpur,Maharashtra,West,New & Promising
IND_CUST_01083,2024-03-06,South Delhi,Delhi,North,Champions
IND_CUST_01084,2024-08-26,Vadodara,Gujarat,West,New & Promising
IND_CUST_01085,2023-11-13,Jodhpur,Rajasthan,North,Loyal Customers
IND_CUST_01086,2024-02-02,North Delhi,Delhi,North,New & Promising
IND_CUST_01087,2023-11-20,Coimbatore,Tamil Nadu,South,Loyal Customers
IND_CUST_01088,2024-07-18,Nashik,Maharashtra,West,Lost Customers
IND_CUST_01089,2024-08-18,Kochi,Kerala,South,Loyal Customers
IND_CUST_01090,2024-06-29,Mangaluru,Karnataka,South,New & Promising
IND_CUST_01091,2023-03-17,Jodhpur,Rajasthan,North,Lost Customers
IND_CUST_01092,2024-04-30,Chennai,Tamil Nadu,South,New & Promising
IND_CUST_01093,2023-03-29,Chennai,Tamil Nadu,South,Lost Customers
IND_CUST_01094,2023-08-20,North Delhi,Delhi,North,New & Promising
IND_CUST_01095,2023-01-07,Mysuru,Karnataka,South,New & Promising
IND_CUST_01096,2024-07-03,Nashik,Maharashtra,West,Lost Customers
IND_CUST_01097,2023-02-21,Mysuru,Karnataka,South,New & Promising
IND_CUST_01098,2024-10-16,Mumbai,Maharashtra,West,New & Promising
IND_CUST_01099,2024-01-31,Lucknow,Uttar Pradesh,North,New & Promising
IND_CUST_01100,2023-08-09,Mysuru,Karnataka,South,Lost Customers
IND_CUST_01101,2024-03-03,Nashik,Maharashtra,West,New & Promising
IND_CUST_01102,2023-05-23,Kota,Rajasthan,North,New & Promising
IND_CUST_01103,2023-12-29,Surat,Gujarat,West,New & Promising
IND_CUST_01104,2024-01-17,Kolkata,West Bengal,East,New & Promising
IND_CUST_01105,2024-07-14,Kochi,Kerala,South,Loyal Customers
IND_CUST_01106,2023-10-04,Nagpur,Maharashtra,West,Lost Customers
IND_CUST_01107,2023-09-28,Mysuru,Karnataka,South,Loyal Customers
IND_CUST_01108,2023-01-14,Noida,Uttar Pradesh,North,Potential Loyalists
IND_CUST_01109,2023-10-25,Nizamabad,Telangana,South,Champions
IND_CUST_01110,2024-04-08,Pune,Maharashtra,West,New & Promising
IND_CUST_01111,2024-06-10,Agra,Uttar Pradesh,North,New & Promising
IND_CUST_01112,2023-08-22,Mysuru,Karnataka,South,New & Promising
IND_CUST_01113,2024-07-28,Mysuru,Karnataka,South,New & Promising
IND_CUST_01114,2023-01-27,New Delhi,Delhi,North,At Risk
IND_CUST_01115,2024-04-15,Chennai,Tamil Nadu,South,New & Promising
IND_CUST_01116,2023-04-03,Chennai,Tamil Nadu,South,New & Promising
IND_CUST_01117,2024-09-08,Pune,Maharashtra,West,Loyal Customers
IND_CUST_01118,2023-11-05,Surat,Gujarat,West,New & Promising
IND_CUST_01119,2023-02-21,Hubballi,Karnataka,South,New & Promising
IND_CUST_01120,2023-11-15,Nashik,Maharashtra,West,New & Promising
IND_CUST_01121,2023-06-30,Surat,Gujarat,West,New & Promising
IND_CUST_01122,2024-07-22,Kota,Rajasthan,North,Champions
IND_CUST_01123,2023-04-30,Ahmedabad,Gujarat,West,Loyal Customers
IND_CUST_01124,2023-02-12,Kanpur,Uttar Pradesh,North,At Risk
IND_CUST_01125,2024-10-08,Hyderabad,Telangana,South,Loyal Customers
IND_CUST_01126,2023-09-17,Tiruchirappalli,Tamil Nadu,South,New & Promising
IND_CUST_01127,2023-07-16,Mumbai,Maharashtra,West,New & Promising
IND_CUST_01128,2024-10-06,South Delhi,Delhi,North,New & Promising
IND_CUST_01129,2023-09-12,Mangaluru,Karnataka,South,At Risk
IND_CUST_01130,2023-12-02,Hubballi,Karnataka,South,At Risk
IND_CUST_01131,2024-07-06,Nizamabad,Telangana,South,Lost Customers
IND_CUST_01132,2024-05-16,New Delhi,Delhi,North,New & Promising
IND_CUST_01133,2023-09-12,Nashik,Maharashtra,West,At Risk
IND_CUST_01134,2024-05-28,Mangaluru,Karnataka,South,New & Promising
IND_CUST_01135,2023-08-30,Nizamabad,Telangana,South,Loyal Customers
IND_CUST_01136,2023-05-29,Nagpur,Maharashtra,West,New & Promising
IND_CUST_01137,2023-10-26,Ahmedabad,Gujarat,West,New & Promising
IND_CUST_01138,2024-09-11,North Delhi,Delhi,North,New & Promising
IND_CUST_01139,2024-03-28,North Delhi,Delhi,North,Loyal Customers
IND_CUST_01140,2024-01-28,Madurai,Tamil Nadu,South,Lost Customers
IND_CUST_01141,2023-07-31,Surat,Gujarat,West,New & Promising
IND_CUST_01142,2024-10-29,Mysuru,Karnataka,South,Champions
IND_CUST_01143,2024-06-21,Warangal,Telangana,South,New & Promising
IND_CUST_01144,2024-08-16,Coimbatore,Tamil Nadu,South,Lost Customers
IND_CUST_01145,2024-08-17,Hubballi,Karnataka,South,New & Promising
IND_CUST_01146,2023-05-11,Surat,Gujarat,West,Potential Loyalists
IND_CUST_01147,2023-11-25,Noida,Uttar Pradesh,North,New & Promising
IND_CUST_01148,2024-09-03,Nizamabad,Telangana,South,New & Promising
IND_CUST_01149,2023-09-13,Rajkot,Gujarat,West,New & Promising
IND_CUST_01150,2024-04-23,Rajkot,Gujarat,West,Lost Customers
IND_CUST_01151,2024-07-14,Hyderabad,Telangana,South,New & Promising
IND_CUST_01152,2023-03-04,Ahmedabad,Gujarat,West,New & Promising
IND_CUST_01153,2023-11-07,Nizamabad,Telangana,South,Lost Customers
IND_CUST_01154,2024-02-11,Warangal,Telangana,South,Lost Customers
IND_CUST_01155,2023-04-15,Chennai,Tamil Nadu,South,Lost Customers
IND_CUST_01156,2024-09-08,Kanpur,Uttar Pradesh,North,Loyal Customers
IND_CUST_01157,2023-01-15,Pune,Maharashtra,West,New & Promising
IND_CUST_01158,2023-09-16,Vadodara,Gujarat,West,New & Promising
IND_CUST_01159,2024-02-16,Ahmedabad,Gujarat,West,New & Promising
IND_CUST_01160,2023-09-16,Nashik,Maharashtra,West,Champions
IND_CUST_01161,2024-09-05,Rajkot,Gujarat,West,New & Promising
IND_CUST_01162,2023-09-17,Nashik,Maharashtra,West,Potential Loyalists
IND_CUST_01163,2023-02-14,Mangaluru,Karnataka,South,New & Promising
IND_CUST_01164,2023-11-27,Lucknow,Uttar Pradesh,North,New & Promising
IND_CUST_01165,2023-06-14,Pune,Maharashtra,West,Lost Customers
IND_CUST_01166,2023-07-12,Lucknow,Uttar Pradesh,North,New & Promising
IND_CUST_01167,2024-06-04,Ahmedabad,Gujarat,West,New & Promising
IND_CUST_01168,2024-02-05,New Delhi,Delhi,North,Lost Customers
IND_CUST_01169,2024-01-09,Nashik,Maharashtra,West,New & Promising
IND_CUST_01170,2023-03-06,Bengaluru,Karnataka,South,Loyal Customers
IND_CUST_01171,2024-01-22,Madurai,Tamil Nadu,South,New & Promising
IND_CUST_01172,2024-05-09,Thiruvananthapuram,Kerala,South,New & Promising
IND_CUST_01173,2024-02-19,Coimbatore,Tamil Nadu,South,New & Promising
IND_CUST_01174,2023-01-30,Mysuru,Karnataka,South,New & Promising
IND_CUST_01175,2023-09-23,Chennai,Tamil Nadu,South,New & Promising
IND_CUST_01176,2023-11-24,North Delhi,Delhi,North,New & Promising
IND_CUST_01177,2024-05-06,Varanasi,Uttar Pradesh,North,Lost Customers
IND_CUST_01178,2023-08-05,Nashik,Maharashtra,West,New & Promising
IND_CUST_01179,2023-11-16,Agra,Uttar Pradesh,North,New & Promising
IND_CUST_01180,2024-02-03,Coimbatore,Tamil Nadu,South,Lost Customers
IND_CUST_01181,2023-04-15,Jaipur,Rajasthan,North,Lost Customers
IND_CUST_01182,2023-11-26,Mysuru,Karnataka,South,New & Promising
IND_CUST_01183,2024-10-21,Madurai,Tamil Nadu,South,Champions
IND_CUST_01184,2024-09-08,Siliguri,West Bengal,East,Champions
IND_CUST_01185,2023-02-16,Mumbai,Maharashtra,West,New & Promising
IND_CUST_01186,2024-08-21,Durgapur,West Bengal,East,Potential Loyalists
IND_CUST_01187,2024-10-02,Hyderabad,Telangana,South,New & Promising
IND_CUST_01188,2023-11-10,Nashik,Maharashtra,West,Loyal Customers
IND_CUST_01189,2023-05-27,Mysuru,Karnataka,South,Loyal Customers
IND_CUST_01190,2024-04-06,Warangal,Telangana,South,New & Promising
IND_CUST_01191,2024-08-06,Nagpur,Maharashtra,West,New & Promising
IND_CUST_01192,2024-04-30,Coimbatore,Tamil Nadu,South,New & Promising
IND_CUST_01193,2024-10-13,Bengaluru,Karnataka,South,Potential Loyalists
IND_CUST_01194,2024-02-14,Chennai,Tamil Nadu,South,Loyal Customers
IND_CUST_01195,2023-01-27,Mumbai,Maharashtra,West,New & Promising
IND_CUST_01196,2023-01-29,Ahmedabad,Gujarat,West,Lost Customers
IND_CUST_01197,2023-09-28,Kochi,Kerala,South,New & Promising
IND_CUST_01198,2024-05-15,Udaipur,Rajasthan,North,Lost Customers
IND_CUST_01199,2023-09-10,Kanpur,Uttar Pradesh,North,New & Promising
IND_CUST_01200,2024-01-20,Nashik,Maharashtra,West,New & Promising
IND_CUST_01201,2023-03-01,Agra,Uttar Pradesh,North,Lost Customers
IND_CUST_01202,2023-04-17,Pune,Maharashtra,West,At Risk
IND_CUST_01203,2023-08-08,Mumbai,Maharashtra,West,Champions
IND_CUST_01204,2024-03-16,Hubballi,Karnataka,South,Lost Customers
IND_CUST_01205,2024-10-19,New Delhi,Delhi,North,Loyal Customers
IND_CUST_01206,2024-07-17,Kanpur,Uttar Pradesh,North,Champions
IND_CUST_01207,2024-07-25,Nizamabad,Telangana,South,New & Promising
IND_CUST_01208,2024-06-29,New Delhi,Delhi,North,New & Promising
IND_CUST_01209,2023-04-06,Bengaluru,Karnataka,South,Lost Customers
IND_CUST_01210,2023-03-30,Thiruvananthapuram,Kerala,South,New & Promising
IND_CUST_01211,2023-08-19,South Delhi,Delhi,North,At Risk
IND_CUST_01212,2023-10-02,North Delhi,Delhi,North,New & Promising
IND_CUST_01213,2023-09-03,Nashik,Maharashtra,West,Lost Customers
IND_CUST_01214,2023-04-21,Noida,Uttar Pradesh,North,New & Promising
IND_CUST_01215,2023-08-22,Nizamabad,Telangana,South,New & Promising
IND_CUST_01216,2023-10-05,Mysuru,Karnataka,South,Lost Customers
IND_CUST_01217,2024-04-21,Pune,Maharashtra,West,New & Promising
IND_CUST_01218,2024-02-21,Warangal,Telangana,South,New & Promising
IND_CUST_01219,2023-05-08,Hyderabad,Telangana,South,Lost Customers
IND_CUST_01220,2023-08-25,Bengaluru,Karnataka,South,Lost Customers
IND_CUST_01221,2024-09-10,Jaipur,Rajasthan,North,Loyal Customers
IND_CUST_01222,2023-05-08,Nagpur,Maharashtra,West,Lost Customers
IND_CUST_01223,2024-01-29,New Delhi,Delhi,North,Champions
IND_CUST_01224,2024-04-19,Udaipur,Rajasthan,North,New & Promising
IND_CUST_01225,2024-10-16,North Delhi,Delhi,North,New & Promising
IND_CUST_01226,2024-01-30,Coimbatore,Tamil Nadu,South,New & Promising
IND_CUST_01227,2023-04-21,Mangaluru,Karnataka,South,Loyal Customers
IND_CUST_01228,2023-03-31,Bengaluru,Karnataka,South,Lost Customers
IND_CUST_01229,2023-10-07,Thiruvananthapuram,Kerala,South,Loyal Customers
IND_CUST_01230,2023-11-29,New Delhi,Delhi,North,New & Promising
IND_CUST_01231,2023-08-12,Siliguri,West Bengal,East,At Risk
IND_CUST_01232,2023-04-11,Mysuru,Karnataka,South,New & Promising
IND_CUST_01233,2023-05-12,Mumbai,Maharashtra,West,Lost Customers
IND_CUST_01234,2023-01-13,Pune,Maharashtra,West,Champions
IND_CUST_01235,2024-04-01,Warangal,Telangana,South,New & Promising
IND_CUST_01236,2024-03-16,Bengaluru,Karnataka,South,Lost Customers
IND_CUST_01237,2023-04-08,Surat,Gujarat,West,New & Promising
IND_CUST_01238,2023-04-30,North Delhi,Delhi,North,Loyal Customers
IND_CUST_01239,2023-10-20,Jodhpur,Rajasthan,North,New & Promising
IND_CUST_01240,2023-01-01,Pune,Maharashtra,West,New & Promising
IND_CUST_01241,2024-07-25,Vadodara,Gujarat,West,Potential Loyalists
IND_CUST_01242,2023-09-07,Lucknow,Uttar Pradesh,North,Lost Customers
IND_CUST_01243,2024-10-13,Varanasi,Uttar Pradesh,North,New & Promising
IND_CUST_01244,2023-05-29,Surat,Gujarat,West,New & Promising
IND_CUST_01245,2024-01-30,Agra,Uttar Pradesh,North,Lost Customers
IND_CUST_01246,2023-02-13,Tiruchirappalli,Tamil Nadu,South,Lost Customers
IND_CUST_01247,2024-09-11,Nagpur,Maharashtra,West,New & Promising
IND_CUST_01248,2023-02-13,Nashik,Maharashtra,West,New & Promising
IND_CUST_01249,2023-03-19,Durgapur,West Bengal,East,New & Promising
IND_CUST_01250,2023-08-14,Tiruchirappalli,Tamil Nadu,South,New & Promising
IND_CUST_01251,2023-06-11,Noida,Uttar Pradesh,North,New & Promising
IND_CUST_01252,2023-09-10,New Delhi,Delhi,North,New & Promising
IND_CUST_01253,2023-05-12,Mumbai,Maharashtra,West,New & Promising
IND_CUST_01254,2024-03-23,Nagpur,Maharashtra,West,Lost Customers
IND_CUST_01255,2024-04-18,Hyderabad,Telangana,South,New & Promising
IND_CUST_01256,2024-10-17,New Delhi,Delhi,North,New & Promising
IND_CUST_01257,2023-04-19,Nashik,Maharashtra,West,Lost Customers
IND_CUST_01258,2023-02-04,New Delhi,Delhi,North,New & Promising
IND_CUST_01259,2024-04-11,Pune,Maharashtra,West,Champions
IND_CUST_01260,2023-10-02,Chennai,Tamil Nadu,South,New & Promising
IND_CUST_01261,2023-07-06,Hubballi,Karnataka,South,Lost Customers
IND_CUST_01262,2023-08-31,Kanpur,Uttar Pradesh,North,New & Promising
IND_CUST_01263,2023-09-21,Mysuru,Karnataka,South,Lost Customers
IND_CUST_01264,2024-06-05,South Delhi,Delhi,North,Lost Customers
IND_CUST_01265,2024-06-24,Nagpur,Maharashtra,West,New & Promising
IND_CUST_01266,2023-03-28,Nashik,Maharashtra,West,New & Promising
IND_CUST_01267,2024-06-18,Mysuru,Karnataka,South,At Risk
IND_CUST_01268,2023-07-29,Dwarka,Delhi,North,New & Promising
IND_CUST_01269,2023-02-15,Tiruchirappalli,Tamil Nadu,South,Lost Customers
IND_CUST_01270,2024-04-11,Bengaluru,Karnataka,South,Lost Customers
IND_CUST_01271,2024-06-23,Warangal,Telangana,South,Potential Loyalists
IND_CUST_01272,2023-01-26,Ahmedabad,Gujarat,West,Champions
IND_CUST_01273,2023-09-23,Noida,Uttar Pradesh,North,Lost Customers
IND_CUST_01274,2023-06-24,Nashik,Maharashtra,West,Lost Customers
IND_CUST_01275,2024-05-30,South Delhi,Delhi,North,Loyal Customers
IND_CUST_01276,2023-11-07,Pune,Maharashtra,West,New & Promising
IND_CUST_01277,2023-11-18,Hubballi,Karnataka,South,Potential Loyalists
IND_CUST_01278,2024-08-01,Thrissur,Kerala,South,Lost Customers
IND_CUST_01279,2023-05-15,Nashik,Maharashtra,West,Lost Customers
IND_CUST_01280,2023-02-24,Dwarka,Delhi,North,New & Promising
IND_CUST_01281,2024-06-26,Tiruchirappalli,Tamil Nadu,South,New & Promising
IND_CUST_01282,2024-08-08,Nizamabad,Telangana,South,New & Promising
IND_CUST_01283,2024-06-14,Chennai,Tamil Nadu,South,Champions
IND_CUST_01284,2023-06-05,Nagpur,Maharashtra,West,New & Promising
IND_CUST_01285,2024-10-29,Mysuru,Karnataka,South,Champions
IND_CUST_01286,2023-05-27,South Delhi,Delhi,North,New & Promising
IND_CUST_01287,2024-04-29,Nashik,Maharashtra,West,Lost Customers
IND_CUST_01288,2024-08-21,Hubballi,Karnataka,South,New & Promising
IND_CUST_01289,2023-01-20,Mumbai,Maharashtra,West,New & Promising
IND_CUST_01290,2023-09-26,Pune,Maharashtra,West,New & Promising
IND_CUST_01291,2023-11-29,Hubballi,Karnataka,South,New & Promising
IND_CUST_01292,2024-07-08,Mumbai,Maharashtra,West,New & Promising
IND_CUST_01293,2024-02-05,Madurai,Tamil Nadu,South,Champions
IND_CUST_01294,2023-11-02,Warangal,Telangana,South,New & Promising
IND_CUST_01295,2023-01-28,Kanpur,Uttar Pradesh,North,New & Promising
IND_CUST_01296,2024-04-11,Nashik,Maharashtra,West,Loyal Customers
IND_CUST_01297,2023-09-17,Nagpur,Maharashtra,West,New & Promising
IND_CUST_01298,2024-06-17,Mumbai,Maharashtra,West,New & Promising
IND_CUST_01299,2023-04-11,Madurai,Tamil Nadu,South,Loyal Customers
IND_CUST_01300,2024-07-04,Hyderabad,Telangana,South,New & Promising
IND_CUST_01301,2023-12-19,Pune,Maharashtra,West,New & Promising
IND_CUST_01302,2023-10-27,Siliguri,West Bengal,East,Lost Customers
IND_CUST_01303,2023-10-23,Pune,Maharashtra,West,Loyal Customers
IND_CUST_01304,2023-12-19,Coimbatore,Tamil Nadu,South,Lost Customers
IND_CUST_01305,2023-05-10,Nizamabad,Telangana,South,Lost Customers
IND_CUST_01306,2023-06-05,Ahmedabad,Gujarat,West,Champions
IND_CUST_01307,2023-03-15,Warangal,Telangana,South,Lost Customers
IND_CUST_01308,2023-12-08,Lucknow,Uttar Pradesh,North,Loyal Customers
IND_CUST_01309,2024-04-09,Hubballi,Karnataka,South,New & Promising
IND_CUST_01310,2023-03-31,Kanpur,Uttar Pradesh,North,Champions
IND_CUST_01311,2024-08-01,Nagpur,Maharashtra,West,Champions
IND_CUST_01312,2024-03-30,Siliguri,West Bengal,East,Loyal Customers
IND_CUST_01313,2023-11-28,Tiruchirappalli,Tamil Nadu,South,Lost Customers
IND_CUST_01314,2023-12-14,Noida,Uttar Pradesh,North,Champions
IND_CUST_01315,2023-08-21,North Delhi,Delhi,North,New & Promising
IND_CUST_01316,2024-08-20,Chennai,Tamil Nadu,South,New & Promising
IND_CUST_01317,2023-04-12,New Delhi,Delhi,North,Potential Loyalists
IND_CUST_01318,2024-04-25,Nizamabad,Telangana,South,Lost Customers
IND_CUST_01319,2023-08-02,Pune,Maharashtra,West,Lost Customers
IND_CUST_01320,2023-04-18,Mumbai,Maharashtra,West,Lost Customers
IND_CUST_01321,2023-06-14,Hubballi,Karnataka,South,New & Promising
IND_CUST_01322,2024-08-25,Nagpur,Maharashtra,West,New & Promising
IND_CUST_01323,2023-12-01,Rajkot,Gujarat,West,Lost Customers
IND_CUST_01324,2023-03-27,Nashik,Maharashtra,West,Lost Customers
IND_CUST_01325,2024-02-28,Thrissur,Kerala,South,New & Promising
IND_CUST_01326,2024-09-04,Mysuru,Karnataka,South,New & Promising
IND_CUST_01327,2023-12-30,Mumbai,Maharashtra,West,Lost Customers
IND_CUST_01328,2023-03-01,Varanasi,Uttar Pradesh,North,New & Promising
IND_CUST_01329,2024-04-26,Hyderabad,Telangana,South,Champions
IND_CUST_01330,2023-09-07,New Delhi,Delhi,North,Champions
IND_CUST_01331,2024-07-13,Tiruchirappalli,Tamil Nadu,South,Champions
IND_CUST_01332,2023-04-27,Nizamabad,Telangana,South,New & Promising
IND_CUST_01333,2024-06-28,Mangaluru,Karnataka,South,Potential Loyalists
IND_CUST_01334,2023-02-13,Thiruvananthapuram,Kerala,South,New & Promising
IND_CUST_01335,2024-05-23,Thiruvananthapuram,Kerala,South,Potential Loyalists
IND_CUST_01336,2023-06-14,Hyderabad,Telangana,South,Lost Customers
IND_CUST_01337,2024-01-03,Nagpur,Maharashtra,West,Champions
IND_CUST_01338,2023-10-19,Hyderabad,Telangana,South,New & Promising
IND_CUST_01339,2023-10-13,Nashik,Maharashtra,West,Lost Customers
IND_CUST_01340,2023-07-23,Pune,Maharashtra,West,New & Promising
IND_CUST_01341,2024-06-07,Hubballi,Karnataka,South,New & Promising
IND_CUST_01342,2023-05-01,New Delhi,Delhi,North,Champions
IND_CUST_01343,2024-10-25,Ahmedabad,Gujarat,West,New & Promising
IND_CUST_01344,2024-10-25,Nizamabad,Telangana,South,New & Promising
IND_CUST_01345,2023-07-07,Kanpur,Uttar Pradesh,North,Champions
IND_CUST_01346,2023-01-13,New Delhi,Delhi,North,At Risk
IND_CUST_01347,2024-08-25,Mangaluru,Karnataka,South,New & Promising
IND_CUST_01348,2023-07-19,Bengaluru,Karnataka,South,New & Promising
IND_CUST_01349,2024-08-08,Kochi,Kerala,South,Loyal Customers
IND_CUST_01350,2024-03-31,Nashik,Maharashtra,West,Loyal Customers
IND_CUST_01351,2024-03-23,Rajkot,Gujarat,West,At Risk
IND_CUST_01352,2023-03-12,Tiruchirappalli,Tamil Nadu,South,Champions
IND_CUST_01353,2024-08-12,Dwarka,Delhi,North,New & Promising
IND_CUST_01354,2023-05-10,Hyderabad,Telangana,South,New & Promising
IND_CUST_01355,2023-02-12,North Delhi,Delhi,North,New & Promising
IND_CUST_01356,2024-06-03,Surat,Gujarat,West,Champions
IND_CUST_01357,2023-01-13,Durgapur,West Bengal,East,New & Promising
IND_CUST_01358,2024-09-14,New Delhi,Delhi,North,New & Promising
IND_CUST_01359,2024-06-18,Mysuru,Karnataka,South,New & Promising
IND_CUST_01360,2023-10-29,Coimbatore,Tamil Nadu,South,New & Promising
IND_CUST_01361,2024-06-10,Howrah,West Bengal,East,Lost Customers
IND_CUST_01362,2024-10-03,Mumbai,Maharashtra,West,New & Promising
IND_CUST_01363,2024-07-26,Tiruchirappalli,Tamil Nadu,South,New & Promising
IND_CUST_01364,2023-04-25,Tiruchirappalli,Tamil Nadu,South,Potential Loyalists
IND_CUST_01365,2024-04-04,Nizamabad,Telangana,South,Loyal Customers
IND_CUST_01366,2024-05-19,Nagpur,Maharashtra,West,Lost Customers
IND_CUST_01367,2023-11-04,Nizamabad,Telangana,South,Lost Customers
IND_CUST_01368,2023-11-21,Kolkata,West Bengal,East,Lost Customers
IND_CUST_01369,2024-08-01,Pune,Maharashtra,West,New & Promising
IND_CUST_01370,2023-06-24,Mysuru,Karnataka,South,Loyal Customers
IND_CUST_01371,2024-05-28,Kochi,Kerala,South,New & Promising
IND_CUST_01372,2023-06-21,Mumbai,Maharashtra,West,Loyal Customers
IND_CUST_01373,2024-05-16,Rajkot,Gujarat,West,New & Promising
IND_CUST_01374,2023-11-30,Dwarka,Delhi,North,At Risk
IND_CUST_01375,2023-10-11,Hubballi,Karnataka,South,New & Promising
IND_CUST_01376,2024-04-19,Vadodara,Gujarat,West,New & Promising
IND_CUST_01377,2023-02-23,New Delhi,Delhi,North,At Risk
IND_CUST_01378,2024-04-02,South Delhi,Delhi,North,New & Promising
IND_CUST_01379,2024-08-01,Mysuru,Karnataka,South,Champions
IND_CUST_01380,2024-02-24,Chennai,Tamil Nadu,South,Lost Customers
IND_CUST_01381,2024-09-05,Mumbai,Maharashtra,West,New & Promising
IND_CUST_01382,2024-09-23,Mysuru,Karnataka,South,Potential Loyalists
IND_CUST_01383,2024-02-13,Kota,Rajasthan,North,New & Promising
IND_CUST_01384,2023-10-31,Mangaluru,Karnataka,South,Lost Customers
IND_CUST_01385,2024-07-12,Warangal,Telangana,South,New & Promising
IND_CUST_01386,2023-08-10,Mysuru,Karnataka,South,New & Promising
IND_CUST_01387,2024-06-16,Kanpur,Uttar Pradesh,North,Champions
IND_CUST_01388,2023-06-07,Mumbai,Maharashtra,West,Lost Customers
IND_CUST_01389,2023-12-14,Udaipur,Rajasthan,North,New & Promising
IND_CUST_01390,2023-06-08,North Delhi,Delhi,North,New & Promising
IND_CUST_01391,2023-08-23,Hubballi,Karnataka,South,Champions
IND_CUST_01392,2024-10-23,Pune,Maharashtra,West,New & Promising
IND_CUST_01393,2024-02-09,Nagpur,Maharashtra,West,Lost Customers
IND_CUST_01394,2023-09-14,South Delhi,Delhi,North,New & Promising
IND_CUST_01395,2024-08-11,Mangaluru,Karnataka,South,New & Promising
IND_CUST_01396,2024-08-19,Surat,Gujarat,West,New & Promising
IND_CUST_01397,2024-07-11,South Delhi,Delhi,North,New & Promising
IND_CUST_01398,2023-02-16,Bengaluru,Karnataka,South,Lost Customers
IND_CUST_01399,2023-08-01,Madurai,Tamil Nadu,South,Loyal Customers
IND_CUST_01400,2024-04-23,Nizamabad,Telangana,South,Loyal Customers
IND_CUST_01401,2024-05-01,Mumbai,Maharashtra,West,Lost Customers
IND_CUST_01402,2024-07-24,Pune,Maharashtra,West,New & Promising
IND_CUST_01403,2024-07-19,Nashik,Maharashtra,West,New & Promising
IND_CUST_01404,2023-12-08,Hyderabad,Telangana,South,New & Promising
IND_CUST_01405,2024-06-07,Nizamabad,Telangana,South,Champions
IND_CUST_01406,2024-05-17,North Delhi,Delhi,North,New & Promising
IND_CUST_01407,2023-01-06,Vadodara,Gujarat,West,New & Promising
IND_CUST_01408,2023-05-24,Varanasi,Uttar Pradesh,North,At Risk
IND_CUST_01409,2023-09-18,Madurai,Tamil Nadu,South,Lost Customers
IND_CUST_01410,2024-08-07,Ahmedabad,Gujarat,West,Lost Customers
IND_CUST_01411,2023-08-20,Mumbai,Maharashtra,West,At Risk
IND_CUST_01412,2023-09-27,Pune,Maharashtra,West,New & Promising
IND_CUST_01413,2024-03-22,Mysuru,Karnataka,South,New & Promising
IND_CUST_01414,2023-08-10,Nashik,Maharashtra,West,Loyal Customers
IND_CUST_01415,2023-02-21,North Delhi,Delhi,North,Champions
IND_CUST_01416,2023-04-26,Siliguri,West Bengal,East,Loyal Customers
IND_CUST_01417,2024-06-21,Mumbai,Maharashtra,West,New & Promising
IND_CUST_01418,2024-07-18,Mumbai,Maharashtra,West,Champions
IND_CUST_01419,2024-06-24,New Delhi,Delhi,North,New & Promising
IND_CUST_01420,2023-01-19,Howrah,West Bengal,East,New & Promising
IND_CUST_01421,2024-01-27,Bengaluru,Karnataka,South,New & Promising
IND_CUST_01422,2024-09-20,New Delhi,Delhi,North,New & Promising
IND_CUST_01423,2024-09-09,Mumbai,Maharashtra,West,New & Promising
IND_CUST_01424,2024-02-23,Nashik,Maharashtra,West,New & Promising
IND_CUST_01425,2023-11-05,Thrissur,Kerala,South,Champions
IND_CUST_01426,2023-07-05,Jodhpur,Rajasthan,North,Lost Customers
IND_CUST_01427,2023-09-18,Mumbai,Maharashtra,West,Lost Customers
IND_CUST_01428,2024-06-11,Jodhpur,Rajasthan,North,New & Promising
IND_CUST_01429,2023-09-30,Chennai,Tamil Nadu,South,Champions
IND_CUST_01430,2023-06-09,Ahmedabad,Gujarat,West,New & Promising
IND_CUST_01431,2023-08-12,New Delhi,Delhi,North,New & Promising
IND_CUST_01432,2023-09-13,North Delhi,Delhi,North,At Risk
IND_CUST_01433,2023-06-29,North Delhi,Delhi,North,New & Promising
IND_CUST_01434,2023-01-20,Hyderabad,Telangana,South,Lost Customers
IND_CUST_01435,2024-09-15,Nagpur,Maharashtra,West,Lost Customers
IND_CUST_01436,2024-09-23,Pune,Maharashtra,West,Champions
IND_CUST_01437,2024-04-12,Mangaluru,Karnataka,South,Loyal Customers
IND_CUST_01438,2024-09-14,Warangal,Telangana,South,Champions
IND_CUST_01439,2023-07-29,Mumbai,Maharashtra,West,New & Promising
IND_CUST_01440,2024-05-27,Nizamabad,Telangana,South,New & Promising
IND_CUST_01441,2023-02-27,Jaipur,Rajasthan,North,New & Promising
IND_CUST_01442,2023-04-03,Nashik,Maharashtra,West,New & Promising
IND_CUST_01443,2023-08-09,Warangal,Telangana,South,Loyal Customers
IND_CUST_01444,2023-08-20,North Delhi,Delhi,North,New & Promising
IND_CUST_01445,2023-12-30,Ahmedabad,Gujarat,West,Loyal Customers
IND_CUST_01446,2024-09-06,Mumbai,Maharashtra,West,New & Promising
IND_CUST_01447,2024-07-15,Nizamabad,Telangana,South,New & Promising
IND_CUST_01448,2024-01-09,Rajkot,Gujarat,West,Champions
IND_CUST_01449,2024-09-13,Udaipur,Rajasthan,North,Potential Loyalists
IND_CUST_01450,2024-03-31,Warangal,Telangana,South,New & Promising
IND_CUST_01451,2023-03-29,South Delhi,Delhi,North,Loyal Customers
IND_CUST_01452,2023-01-20,Madurai,Tamil Nadu,South,At Risk
IND_CUST_01453,2023-01-14,Surat,Gujarat,West,New & Promising
IND_CUST_01454,2023-05-13,Coimbatore,Tamil Nadu,South,Loyal Customers
IND_CUST_01455,2023-02-03,Pune,Maharashtra,West,Loyal Customers
IND_CUST_01456,2023-07-27,Durgapur,West Bengal,East,New & Promising
IND_CUST_01457,2023-07-18,Warangal,Telangana,South,New & Promising
IND_CUST_01458,2024-08-14,Hyderabad,Telangana,South,Loyal Customers
IND_CUST_01459,2024-08-05,Pune,Maharashtra,West,Potential Loyalists
IND_CUST_01460,2023-06-04,Warangal,Telangana,South,Loyal Customers
IND_CUST_01461,2024-08-12,Mysuru,Karnataka,South,Lost Customers
IND_CUST_01462,2023-03-19,Nizamabad,Telangana,South,Loyal Customers
IND_CUST_01463,2023-06-21,Nashik,Maharashtra,West,Loyal Customers
IND_CUST_01464,2023-10-16,Warangal,Telangana,South,New & Promising
IND_CUST_01465,2024-06-28,Thrissur,Kerala,South,New & Promising
IND_CUST_01466,2024-02-24,Mumbai,Maharashtra,West,Champions
IND_CUST_01467,2023-01-07,Kochi,Kerala,South,Lost Customers
IND_CUST_01468,2023-06-09,North Delhi,Delhi,North,New & Promising
IND_CUST_01469,2023-08-28,Ahmedabad,Gujarat,West,New & Promising
IND_CUST_01470,2024-02-27,Varanasi,Uttar Pradesh,North,Champions
IND_CUST_01471,2024-06-19,Madurai,Tamil Nadu,South,Champions
IND_CUST_01472,2023-03-11,Warangal,Telangana,South,New & Promising
IND_CUST_01473,2023-08-04,Ahmedabad,Gujarat,West,New & Promising
IND_CUST_01474,2023-04-14,Dwarka,Delhi,North,Champions
IND_CUST_01475,2023-02-23,Mangaluru,Karnataka,South,New & Promising
IND_CUST_01476,2023-11-26,Hyderabad,Telangana,South,Lost Customers
IND_CUST_01477,2023-07-22,Varanasi,Uttar Pradesh,North,Champions
IND_CUST_01478,2023-10-15,Lucknow,Uttar Pradesh,North,Champions
IND_CUST_01479,2023-02-14,Varanasi,Uttar Pradesh,North,New & Promising
IND_CUST_01480,2023-07-17,New Delhi,Delhi,North,At Risk
IND_CUST_01481,2023-08-04,Agra,Uttar Pradesh,North,New & Promising
IND_CUST_01482,2024-04-25,Nagpur,Maharashtra,West,New & Promising
IND_CUST_01483,2023-11-05,Chennai,Tamil Nadu,South,New & Promising
IND_CUST_01484,2024-03-10,Mumbai,Maharashtra,West,At Risk
IND_CUST_01485,2023-11-28,Mysuru,Karnataka,South,Champions
IND_CUST_01486,2023-01-27,Mangaluru,Karnataka,South,Loyal Customers
IND_CUST_01487,2023-06-15,Bengaluru,Karnataka,South,New & Promising
IND_CUST_01488,2023-11-14,Warangal,Telangana,South,Lost Customers
IND_CUST_01489,2023-10-01,Hubballi,Karnataka,South,Loyal Customers
IND_CUST_01490,2024-01-18,North Delhi,Delhi,North,New & Promising
IND_CUST_01491,2023-12-31,Mysuru,Karnataka,South,New & Promising
IND_CUST_01492,2023-04-13,Mangaluru,Karnataka,South,Lost Customers
IND_CUST_01493,2024-05-17,Bengaluru,Karnataka,South,Lost Customers
IND_CUST_01494,2024-01-08,Nagpur,Maharashtra,West,Loyal Customers
IND_CUST_01495,2024-09-07,Coimbatore,Tamil Nadu,South,Loyal Customers
IND_CUST_01496,2023-09-02,Hyderabad,Telangana,South,Champions
IND_CUST_01497,2023-06-18,Chennai,Tamil Nadu,South,New & Promising
IND_CUST_01498,2024-09-19,North Delhi,Delhi,North,New & Promising
IND_CUST_01499,2024-10-14,Bengaluru,Karnataka,South,Loyal Customers
IND_CUST_01500,2024-02-22,Surat,Gujarat,West,New & Promising
IND_CUST_01501,2023-12-22,North Delhi,Delhi,North,Lost Customers
IND_CUST_01502,2024-04-22,North Delhi,Delhi,North,New & Promising
IND_CUST_01503,2023-05-05,Nagpur,Maharashtra,West,Lost Customers
IND_CUST_01504,2024-06-20,Mysuru,Karnataka,South,Loyal Customers
IND_CUST_01505,2024-09-03,Mangaluru,Karnataka,South,Lost Customers
IND_CUST_01506,2024-02-06,Bengaluru,Karnataka,South,Champions
IND_CUST_01507,2024-05-31,Madurai,Tamil Nadu,South,At Risk
IND_CUST_01508,2024-06-14,New Delhi,Delhi,North,New & Promising
IND_CUST_01509,2023-09-11,Madurai,Tamil Nadu,South,Lost Customers
IND_CUST_01510,2023-05-01,Varanasi,Uttar Pradesh,North,Champions
IND_CUST_01511,2023-02-01,Kanpur,Uttar Pradesh,North,Lost Customers
IND_CUST_01512,2024-10-22,Nizamabad,Telangana,South,New & Promising
IND_CUST_01513,2023-02-06,Udaipur,Rajasthan,North,Lost Customers
IND_CUST_01514,2023-12-08,Mumbai,Maharashtra,West,New & Promising
IND_CUST_01515,2023-01-13,Pune,Maharashtra,West,Loyal Customers
IND_CUST_01516,2023-07-02,Mumbai,Maharashtra,West,New & Promising
IND_CUST_01517,2024-10-18,Coimbatore,Tamil Nadu,South,Loyal Customers
IND_CUST_01518,2023-09-22,Kolkata,West Bengal,East,New & Promising
IND_CUST_01519,2023-03-29,Mangaluru,Karnataka,South,Champions
IND_CUST_01520,2024-04-06,Durgapur,West Bengal,East,New & Promising
IND_CUST_01521,2023-02-15,Nagpur,Maharashtra,West,Lost Customers
IND_CUST_01522,2024-01-27,Durgapur,West Bengal,East,New & Promising
IND_CUST_01523,2023-04-29,Hubballi,Karnataka,South,Lost Customers
IND_CUST_01524,2024-06-14,Pune,Maharashtra,West,Loyal Customers
IND_CUST_01525,2024-03-22,Dwarka,Delhi,North,New & Promising
IND_CUST_01526,2024-08-28,Mysuru,Karnataka,South,New & Promising
IND_CUST_01527,2023-02-15,Bengaluru,Karnataka,South,At Risk
IND_CUST_01528,2024-05-22,Mysuru,Karnataka,South,New & Promising
IND_CUST_01529,2024-07-11,Agra,Uttar Pradesh,North,New & Promising
IND_CUST_01530,2024-06-09,North Delhi,Delhi,North,New & Promising
IND_CUST_01531,2024-08-19,Mysuru,Karnataka,South,Loyal Customers
IND_CUST_01532,2023-01-03,Tiruchirappalli,Tamil Nadu,South,Champions
IND_CUST_01533,2023-01-28,Warangal,Telangana,South,New & Promising
IND_CUST_01534,2024-01-16,Mangaluru,Karnataka,South,Lost Customers
IND_CUST_01535,2023-06-06,Dwarka,Delhi,North,New & Promising
IND_CUST_01536,2024-05-25,Nagpur,Maharashtra,West,New & Promising
IND_CUST_01537,2023-11-29,Nagpur,Maharashtra,West,New & Promising
IND_CUST_01538,2023-04-24,Hyderabad,Telangana,South,Lost Customers
IND_CUST_01539,2024-01-24,Pune,Maharashtra,West,Lost Customers
IND_CUST_01540,2024-05-01,New Delhi,Delhi,North,Champions
IND_CUST_01541,2023-09-07,Warangal,Telangana,South,Champions
IND_CUST_01542,2024-07-24,Nagpur,Maharashtra,West,New & Promising
IND_CUST_01543,2023-11-11,Madurai,Tamil Nadu,South,New & Promising
IND_CUST_01544,2023-08-27,Mysuru,Karnataka,South,Champions
IND_CUST_01545,2023-08-22,Jodhpur,Rajasthan,North,New & Promising
IND_CUST_01546,2023-10-30,South Delhi,Delhi,North,Loyal Customers
IND_CUST_01547,2024-08-29,Kanpur,Uttar Pradesh,North,New & Promising
IND_CUST_01548,2024-10-14,Chennai,Tamil Nadu,South,New & Promising
IND_CUST_01549,2023-11-30,Nagpur,Maharashtra,West,New & Promising
IND_CUST_01550,2023-04-23,Coimbatore,Tamil Nadu,South,Loyal Customers
IND_CUST_01551,2024-09-12,Jaipur,Rajasthan,North,Champions
IND_CUST_01552,2023-12-28,Coimbatore,Tamil Nadu,South,New & Promising
IND_CUST_01553,2023-04-07,Agra,Uttar Pradesh,North,Loyal Customers
IND_CUST_01554,2023-01-16,Surat,Gujarat,West,Lost Customers
IND_CUST_01555,2024-07-09,Hubballi,Karnataka,South,New & Promising
IND_CUST_01556,2024-01-11,Nashik,Maharashtra,West,Loyal Customers
IND_CUST_01557,2024-01-25,Coimbatore,Tamil Nadu,South,Lost Customers
IND_CUST_01558,2024-09-11,New Delhi,Delhi,North,New & Promising
IND_CUST_01559,2023-08-05,Surat,Gujarat,West,New & Promising
IND_CUST_01560,2024-02-03,Durgapur,West Bengal,East,Loyal Customers
IND_CUST_01561,2023-09-17,Bengaluru,Karnataka,South,Lost Customers
IND_CUST_01562,2023-11-16,Mangaluru,Karnataka,South,Loyal Customers
IND_CUST_01563,2023-07-15,Lucknow,Uttar Pradesh,North,New & Promising
IND_CUST_01564,2024-04-22,Hubballi,Karnataka,South,Loyal Customers
IND_CUST_01565,2024-02-22,Vadodara,Gujarat,West,New & Promising
IND_CUST_01566,2024-04-19,North Delhi,Delhi,North,Champions
IND_CUST_01567,2024-08-29,Warangal,Telangana,South,New & Promising
IND_CUST_01568,2024-07-21,Pune,Maharashtra,West,Loyal Customers
IND_CUST_01569,2024-06-27,Chennai,Tamil Nadu,South,At Risk
IND_CUST_01570,2023-08-19,Dwarka,Delhi,North,Champions
IND_CUST_01571,2024-06-04,Tiruchirappalli,Tamil Nadu,South,Loyal Customers
IND_CUST_01572,2023-07-19,Nashik,Maharashtra,West,Lost Customers
IND_CUST_01573,2024-08-21,Warangal,Telangana,South,Loyal Customers
IND_CUST_01574,2023-01-21,Rajkot,Gujarat,West,Champions
IND_CUST_01575,2023-11-07,Pune,Maharashtra,West,New & Promising
IND_CUST_01576,2024-08-10,Mumbai,Maharashtra,West,New & Promising
IND_CUST_01577,2024-10-14,Nagpur,Maharashtra,West,Champions
IND_CUST_01578,2024-09-29,Coimbatore,Tamil Nadu,South,New & Promising
IND_CUST_01579,2024-08-18,Coimbatore,Tamil Nadu,South,New & Promising
IND_CUST_01580,2024-03-09,Madurai,Tamil Nadu,South,New & Promising
IND_CUST_01581,2024-01-06,Hubballi,Karnataka,South,New & Promising
IND_CUST_01582,2024-07-13,Bengaluru,Karnataka,South,New & Promising
IND_CUST_01583,2023-03-19,Tiruchirappalli,Tamil Nadu,South,At Risk
IND_CUST_01584,2024-06-25,North Delhi,Delhi,North,New & Promising
IND_CUST_01585,2023-10-12,Thrissur,Kerala,South,New & Promising
IND_CUST_01586,2024-10-09,Pune,Maharashtra,West,Loyal Customers
IND_CUST_01587,2023-05-20,Hyderabad,Telangana,South,Loyal Customers
IND_CUST_01588,2024-07-06,South Delhi,Delhi,North,Champions
IND_CUST_01589,2023-10-09,New Delhi,Delhi,North,New & Promising
IND_CUST_01590,2024-07-15,Nizamabad,Telangana,South,Potential Loyalists
IND_CUST_01591,2023-09-15,Hyderabad,Telangana,South,Loyal Customers
IND_CUST_01592,2023-12-26,Kozhikode,Kerala,South,New & Promising
IND_CUST_01593,2024-03-15,Mumbai,Maharashtra,West,New & Promising
IND_CUST_01594,2023-09-27,Nagpur,Maharashtra,West,New & Promising
IND_CUST_01595,2023-05-14,Nizamabad,Telangana,South,Lost Customers
IND_CUST_01596,2024-10-01,Tiruchirappalli,Tamil Nadu,South,New & Promising
IND_CUST_01597,2023-04-14,Mangaluru,Karnataka,South,Loyal Customers
IND_CUST_01598,2023-04-05,Nagpur,Maharashtra,West,Loyal Customers
IND_CUST_01599,2024-07-26,Nagpur,Maharashtra,West,New & Promising
IND_CUST_01600,2024-04-24,Siliguri,West Bengal,East,New & Promising
IND_CUST_01601,2023-08-29,Nashik,Maharashtra,West,New & Promising
IND_CUST_01602,2023-01-13,Mangaluru,Karnataka,South,New & Promising
IND_CUST_01603,2023-05-27,Mysuru,Karnataka,South,At Risk
IND_CUST_01604,2024-08-23,Hubballi,Karnataka,South,Lost Customers
IND_CUST_01605,2023-04-05,Pune,Maharashtra,West,At Risk
IND_CUST_01606,2023-10-20,South Delhi,Delhi,North,Loyal Customers
IND_CUST_01607,2023-01-25,Nashik,Maharashtra,West,New & Promising
IND_CUST_01608,2023-09-29,Lucknow,Uttar Pradesh,North,New & Promising
IND_CUST_01609,2024-05-19,Mysuru,Karnataka,South,Lost Customers
IND_CUST_01610,2023-06-15,Chennai,Tamil Nadu,South,Lost Customers
IND_CUST_01611,2023-03-28,Vadodara,Gujarat,West,Champions
IND_CUST_01612,2024-10-15,Hyderabad,Telangana,South,New & Promising
IND_CUST_01613,2024-10-07,New Delhi,Delhi,North,Potential Loyalists
IND_CUST_01614,2024-09-29,Hubballi,Karnataka,South,Potential Loyalists
IND_CUST_01615,2024-05-05,Bengaluru,Karnataka,South,New & Promising
IND_CUST_01616,2023-05-21,Nizamabad,Telangana,South,New & Promising
IND_CUST_01617,2023-04-13,Kochi,Kerala,South,Lost Customers
IND_CUST_01618,2023-08-14,Nizamabad,Telangana,South,Champions
IND_CUST_01619,2024-07-28,Tiruchirappalli,Tamil Nadu,South,Loyal Customers
IND_CUST_01620,2023-10-21,Nizamabad,Telangana,South,New & Promising
IND_CUST_01621,2023-11-02,South Delhi,Delhi,North,New & Promising
IND_CUST_01622,2023-09-11,Pune,Maharashtra,West,Lost Customers
IND_CUST_01623,2023-06-29,Tiruchirappalli,Tamil Nadu,South,New & Promising
IND_CUST_01624,2023-02-09,Kota,Rajasthan,North,Lost Customers
IND_CUST_01625,2024-06-03,Nashik,Maharashtra,West,New & Promising
IND_CUST_01626,2024-09-07,Hyderabad,Telangana,South,New & Promising
IND_CUST_01627,2024-06-29,Pune,Maharashtra,West,Lost Customers
IND_CUST_01628,2023-08-24,Dwarka,Delhi,North,At Risk
IND_CUST_01629,2024-04-07,Mumbai,Maharashtra,West,New & Promising
IND_CUST_01630,2023-08-16,New Delhi,Delhi,North,At Risk
IND_CUST_01631,2024-04-27,Noida,Uttar Pradesh,North,At Risk
IND_CUST_01632,2024-03-05,Mysuru,Karnataka,South,Lost Customers
IND_CUST_01633,2023-01-22,Hyderabad,Telangana,South,At Risk
IND_CUST_01634,2023-12-09,Agra,Uttar Pradesh,North,At Risk
IND_CUST_01635,2023-02-09,Durgapur,West Bengal,East,Loyal Customers
IND_CUST_01636,2023-06-22,Bengaluru,Karnataka,South,New & Promising
IND_CUST_01637,2024-03-14,Hubballi,Karnataka,South,Champions
IND_CUST_01638,2023-06-28,Nagpur,Maharashtra,West,Lost Customers
IND_CUST_01639,2024-08-20,Kochi,Kerala,South,New & Promising
IND_CUST_01640,2023-05-13,Siliguri,West Bengal,East,Loyal Customers
IND_CUST_01641,2023-12-17,North Delhi,Delhi,North,Loyal Customers
IND_CUST_01642,2024-06-08,Surat,Gujarat,West,Champions
IND_CUST_01643,2024-06-23,New Delhi,Delhi,North,New & Promising
IND_CUST_01644,2024-05-20,Coimbatore,Tamil Nadu,South,Lost Customers
IND_CUST_01645,2023-03-25,Pune,Maharashtra,West,Lost Customers
IND_CUST_01646,2024-04-08,Agra,Uttar Pradesh,North,New & Promising
IND_CUST_01647,2023-12-09,Nagpur,Maharashtra,West,Loyal Customers
IND_CUST_01648,2023-10-07,Ahmedabad,Gujarat,West,New & Promising
IND_CUST_01649,2023-09-20,Lucknow,Uttar Pradesh,North,New & Promising
IND_CUST_01650,2023-06-15,Hyderabad,Telangana,South,Loyal Customers
IND_CUST_01651,2023-10-20,Mumbai,Maharashtra,West,Lost Customers
IND_CUST_01652,2024-05-23,Mysuru,Karnataka,South,Loyal Customers
IND_CUST_01653,2024-08-02,Mysuru,Karnataka,South,New & Promising
IND_CUST_01654,2023-08-14,Bengaluru,Karnataka,South,New & Promising
IND_CUST_01655,2023-06-19,Pune,Maharashtra,West,New & Promising
IND_CUST_01656,2024-08-20,Howrah,West Bengal,East,New & Promising
IND_CUST_01657,2024-10-06,Coimbatore,Tamil Nadu,South,Champions
IND_CUST_01658,2024-03-23,Mysuru,Karnataka,South,New & Promising
IND_CUST_01659,2024-05-16,Mysuru,Karnataka,South,New & Promising
IND_CUST_01660,2024-06-10,Dwarka,Delhi,North,Lost Customers
IND_CUST_01661,2024-01-14,Coimbatore,Tamil Nadu,South,Loyal Customers
IND_CUST_01662,2023-07-20,South Delhi,Delhi,North,At Risk
IND_CUST_01663,2024-09-10,Kolkata,West Bengal,East,New & Promising
IND_CUST_01664,2023-09-07,Dwarka,Delhi,North,New & Promising
IND_CUST_01665,2024-02-13,Thrissur,Kerala,South,Champions
IND_CUST_01666,2024-08-23,Surat,Gujarat,West,New & Promising
IND_CUST_01667,2023-05-05,Mumbai,Maharashtra,West,At Risk
IND_CUST_01668,2023-04-23,Siliguri,West Bengal,East,Potential Loyalists
IND_CUST_01669,2023-05-17,Pune,Maharashtra,West,At Risk
IND_CUST_01670,2024-05-10,Agra,Uttar Pradesh,North,New & Promising
IND_CUST_01671,2023-05-30,Mysuru,Karnataka,South,Lost Customers
IND_CUST_01672,2023-12-09,Surat,Gujarat,West,New & Promising
IND_CUST_01673,2024-08-02,Surat,Gujarat,West,Potential Loyalists
IND_CUST_01674,2023-11-17,Lucknow,Uttar Pradesh,North,Lost Customers
IND_CUST_01675,2024-06-15,Varanasi,Uttar Pradesh,North,New & Promising
IND_CUST_01676,2023-10-16,Hubballi,Karnataka,South,Lost Customers
IND_CUST_01677,2024-05-03,Pune,Maharashtra,West,Loyal Customers
IND_CUST_01678,2024-05-06,North Delhi,Delhi,North,New & Promising
IND_CUST_01679,2024-09-03,Nagpur,Maharashtra,West,New & Promising
IND_CUST_01680,2023-09-09,Nizamabad,Telangana,South,Loyal Customers
IND_CUST_01681,2023-03-18,Mangaluru,Karnataka,South,Lost Customers
IND_CUST_01682,2024-10-08,Kozhikode,Kerala,South,New & Promising
IND_CUST_01683,2024-01-27,Tiruchirappalli,Tamil Nadu,South,New & Promising
IND_CUST_01684,2024-02-16,Surat,Gujarat,West,Potential Loyalists
IND_CUST_01685,2023-06-22,Mumbai,Maharashtra,West,New & Promising
IND_CUST_01686,2023-07-20,Ahmedabad,Gujarat,West,Loyal Customers
IND_CUST_01687,2023-08-05,Kolkata,West Bengal,East,Loyal Customers
IND_CUST_01688,2024-01-11,New Delhi,Delhi,North,Loyal Customers
IND_CUST_01689,2024-08-08,Coimbatore,Tamil Nadu,South,New & Promising
IND_CUST_01690,2023-01-11,Agra,Uttar Pradesh,North,New & Promising
IND_CUST_01691,2023-01-12,Nagpur,Maharashtra,West,Loyal Customers
IND_CUST_01692,2024-08-12,South Delhi,Delhi,North,New & Promising
IND_CUST_01693,2024-03-10,Bengaluru,Karnataka,South,New & Promising
IND_CUST_01694,2024-08-30,Nagpur,Maharashtra,West,New & Promising
IND_CUST_01695,2024-01-08,Mangaluru,Karnataka,South,Champions
IND_CUST_01696,2023-09-30,Pune,Maharashtra,West,New & Promising
IND_CUST_01697,2024-07-29,Mumbai,Maharashtra,West,New & Promising
IND_CUST_01698,2024-05-23,Mumbai,Maharashtra,West,Loyal Customers
IND_CUST_01699,2023-05-12,Jodhpur,Rajasthan,North,New & Promising
IND_CUST_01700,2023-11-15,Madurai,Tamil Nadu,South,New & Promising
IND_CUST_01701,2024-09-12,Jodhpur,Rajasthan,North,Lost Customers
IND_CUST_01702,2023-06-17,North Delhi,Delhi,North,New & Promising
IND_CUST_01703,2024-02-01,Hubballi,Karnataka,South,New & Promising
IND_CUST_01704,2023-06-29,North Delhi,Delhi,North,New & Promising
IND_CUST_01705,2023-02-27,South Delhi,Delhi,North,New & Promising
IND_CUST_01706,2024-04-24,Nagpur,Maharashtra,West,Lost Customers
IND_CUST_01707,2024-08-13,Coimbatore,Tamil Nadu,South,Champions
IND_CUST_01708,2024-04-04,Nashik,Maharashtra,West,Champions
IND_CUST_01709,2023-03-02,Madurai,Tamil Nadu,South,New & Promising
IND_CUST_01710,2024-01-04,Warangal,Telangana,South,New & Promising
IND_CUST_01711,2023-05-01,Nagpur,Maharashtra,West,New & Promising
IND_CUST_01712,2024-06-29,Nashik,Maharashtra,West,New & Promising
IND_CUST_01713,2024-08-04,Noida,Uttar Pradesh,North,New & Promising
IND_CUST_01714,2023-01-17,South Delhi,Delhi,North,Loyal Customers
IND_CUST_01715,2024-05-10,Nagpur,Maharashtra,West,Loyal Customers
IND_CUST_01716,2024-05-11,Thiruvananthapuram,Kerala,South,New & Promising
IND_CUST_01717,2024-05-19,Nagpur,Maharashtra,West,New & Promising
IND_CUST_01718,2024-06-15,Hyderabad,Telangana,South,Lost Customers
IND_CUST_01719,2023-11-11,Thrissur,Kerala,South,New & Promising
IND_CUST_01720,2023-03-10,Mangaluru,Karnataka,South,Champions
IND_CUST_01721,2023-06-10,Mumbai,Maharashtra,West,Potential Loyalists
IND_CUST_01722,2024-09-05,Nagpur,Maharashtra,West,Champions
IND_CUST_01723,2023-05-25,Hubballi,Karnataka,South,Champions
IND_CUST_01724,2024-07-22,Mumbai,Maharashtra,West,Loyal Customers
IND_CUST_01725,2024-08-17,Warangal,Telangana,South,New & Promising
IND_CUST_01726,2024-01-20,Nashik,Maharashtra,West,Champions
IND_CUST_01727,2023-09-26,New Delhi,Delhi,North,New & Promising
IND_CUST_01728,2024-03-29,Kochi,Kerala,South,New & Promising
IND_CUST_01729,2024-06-01,Kanpur,Uttar Pradesh,North,New & Promising
IND_CUST_01730,2023-12-16,Tiruchirappalli,Tamil Nadu,South,New & Promising
IND_CUST_01731,2023-04-20,Hubballi,Karnataka,South,New & Promising
IND_CUST_01732,2024-04-27,Chennai,Tamil Nadu,South,Lost Customers
IND_CUST_01733,2024-02-11,North Delhi,Delhi,North,New & Promising
IND_CUST_01734,2024-10-11,Dwarka,Delhi,North,New & Promising
IND_CUST_01735,2023-02-20,Mumbai,Maharashtra,West,Lost Customers
IND_CUST_01736,2024-02-07,Ahmedabad,Gujarat,West,New & Promising
IND_CUST_01737,2024-07-16,North Delhi,Delhi,North,Champions
IND_CUST_01738,2024-04-20,Mumbai,Maharashtra,West,New & Promising
IND_CUST_01739,2023-03-28,Bengaluru,Karnataka,South,Lost Customers
IND_CUST_01740,2023-03-09,Dwarka,Delhi,North,Champions
IND_CUST_01741,2024-08-18,Rajkot,Gujarat,West,New & Promising
IND_CUST_01742,2023-02-11,Nizamabad,Telangana,South,Lost Customers
IND_CUST_01743,2023-02-26,Varanasi,Uttar Pradesh,North,Loyal Customers
IND_CUST_01744,2023-07-15,Nagpur,Maharashtra,West,At Risk
IND_CUST_01745,2023-03-03,South Delhi,Delhi,North,Lost Customers
IND_CUST_01746,2023-09-20,North Delhi,Delhi,North,New & Promising
IND_CUST_01747,2023-04-22,Pune,Maharashtra,West,Loyal Customers
IND_CUST_01748,2023-06-27,Bengaluru,Karnataka,South,Lost Customers
IND_CUST_01749,2023-01-26,Kanpur,Uttar Pradesh,North,New & Promising
IND_CUST_01750,2024-02-14,Nashik,Maharashtra,West,Lost Customers
IND_CUST_01751,2024-06-14,North Delhi,Delhi,North,Lost Customers
IND_CUST_01752,2023-11-13,Nagpur,Maharashtra,West,Loyal Customers
IND_CUST_01753,2024-06-15,Nashik,Maharashtra,West,Champions
IND_CUST_01754,2023-04-16,Hubballi,Karnataka,South,Lost Customers
IND_CUST_01755,2024-04-08,Thiruvananthapuram,Kerala,South,New & Promising
IND_CUST_01756,2023-09-03,Noida,Uttar Pradesh,North,At Risk
IND_CUST_01757,2023-03-22,Udaipur,Rajasthan,North,Loyal Customers
IND_CUST_01758,2024-10-23,Dwarka,Delhi,North,New & Promising
IND_CUST_01759,2024-01-31,Pune,Maharashtra,West,Champions
IND_CUST_01760,2024-06-05,Chennai,Tamil Nadu,South,Loyal Customers
IND_CUST_01761,2023-09-21,Dwarka,Delhi,North,Lost Customers
IND_CUST_01762,2024-10-22,Rajkot,Gujarat,West,New & Promising
IND_CUST_01763,2023-10-01,Nashik,Maharashtra,West,At Risk
IND_CUST_01764,2023-06-21,South Delhi,Delhi,North,Champions
IND_CUST_01765,2023-09-22,Pune,Maharashtra,West,Lost Customers
IND_CUST_01766,2023-01-26,Mangaluru,Karnataka,South,At Risk
IND_CUST_01767,2024-04-13,Nizamabad,Telangana,South,New & Promising
IND_CUST_01768,2024-04-20,North Delhi,Delhi,North,Loyal Customers
IND_CUST_01769,2023-12-22,Mysuru,Karnataka,South,At Risk
IND_CUST_01770,2023-01-26,Hubballi,Karnataka,South,At Risk
IND_CUST_01771,2023-02-03,South Delhi,Delhi,North,Champions
IND_CUST_01772,2023-09-21,Lucknow,Uttar Pradesh,North,Potential Loyalists
IND_CUST_01773,2023-05-18,Kolkata,West Bengal,East,Lost Customers
IND_CUST_01774,2024-07-19,Udaipur,Rajasthan,North,Lost Customers
IND_CUST_01775,2024-04-06,Lucknow,Uttar Pradesh,North,New & Promising
IND_CUST_01776,2023-06-17,Mysuru,Karnataka,South,Loyal Customers
IND_CUST_01777,2024-09-22,Hyderabad,Telangana,South,New & Promising
IND_CUST_01778,2024-10-16,Dwarka,Delhi,North,New & Promising
IND_CUST_01779,2023-03-22,Bengaluru,Karnataka,South,Lost Customers
IND_CUST_01780,2024-02-11,Ahmedabad,Gujarat,West,At Risk
IND_CUST_01781,2024-07-27,Nagpur,Maharashtra,West,New & Promising
IND_CUST_01782,2023-02-15,Howrah,West Bengal,East,New & Promising
IND_CUST_01783,2024-08-21,North Delhi,Delhi,North,New & Promising
IND_CUST_01784,2024-09-02,Coimbatore,Tamil Nadu,South,Loyal Customers
IND_CUST_01785,2023-02-22,Hyderabad,Telangana,South,Lost Customers
IND_CUST_01786,2024-04-20,Howrah,West Bengal,East,At Risk
IND_CUST_01787,2024-08-14,Madurai,Tamil Nadu,South,Loyal Customers
IND_CUST_01788,2023-01-16,Chennai,Tamil Nadu,South,New & Promising
IND_CUST_01789,2023-12-26,Mumbai,Maharashtra,West,New & Promising
IND_CUST_01790,2024-05-01,New Delhi,Delhi,North,Lost Customers
IND_CUST_01791,2024-05-16,Mumbai,Maharashtra,West,Champions
IND_CUST_01792,2023-05-21,Nizamabad,Telangana,South,New & Promising
IND_CUST_01793,2024-09-11,North Delhi,Delhi,North,New & Promising
IND_CUST_01794,2024-03-22,Nizamabad,Telangana,South,At Risk
IND_CUST_01795,2023-10-17,Pune,Maharashtra,West,New & Promising
IND_CUST_01796,2023-07-28,Nagpur,Maharashtra,West,Lost Customers
IND_CUST_01797,2024-04-19,Hyderabad,Telangana,South,Loyal Customers
IND_CUST_01798,2024-02-17,Mumbai,Maharashtra,West,Lost Customers
IND_CUST_01799,2024-03-02,Nagpur,Maharashtra,West,Loyal Customers
IND_CUST_01800,2024-01-06,Nagpur,Maharashtra,West,Loyal Customers
IND_CUST_01801,2024-10-25,Kota,Rajasthan,North,New & Promising
IND_CUST_01802,2023-10-17,Warangal,Telangana,South,New & Promising
IND_CUST_01803,2024-03-07,Mangaluru,Karnataka,South,Champions
IND_CUST_01804,2023-09-25,Hubballi,Karnataka,South,At Risk
IND_CUST_01805,2023-05-31,Mangaluru,Karnataka,South,Champions
IND_CUST_01806,2023-09-12,Varanasi,Uttar Pradesh,North,Champions
IND_CUST_01807,2023-12-19,Warangal,Telangana,South,New & Promising
IND_CUST_01808,2024-01-12,Nashik,Maharashtra,West,New & Promising
IND_CUST_01809,2024-10-14,Pune,Maharashtra,West,Potential Loyalists
IND_CUST_01810,2023-12-24,Pune,Maharashtra,West,New & Promising
IND_CUST_01811,2024-08-30,Nizamabad,Telangana,South,Loyal Customers
IND_CUST_01812,2024-01-05,Agra,Uttar Pradesh,North,Champions
IND_CUST_01813,2023-08-15,Bengaluru,Karnataka,South,Champions
IND_CUST_01814,2023-10-30,Mumbai,Maharashtra,West,Lost Customers
IND_CUST_01815,2024-01-24,Nagpur,Maharashtra,West,Lost Customers
IND_CUST_01816,2024-01-12,Jaipur,Rajasthan,North,New & Promising
IND_CUST_01817,2023-04-28,Hubballi,Karnataka,South,New & Promising
IND_CUST_01818,2023-01-05,Kanpur,Uttar Pradesh,North,At Risk
IND_CUST_01819,2024-03-19,Chennai,Tamil Nadu,South,New & Promising
IND_CUST_01820,2023-12-18,Mysuru,Karnataka,South,Loyal Customers
IND_CUST_01821,2024-06-16,Nashik,Maharashtra,West,Loyal Customers
IND_CUST_01822,2024-10-25,Nagpur,Maharashtra,West,New & Promising
IND_CUST_01823,2024-10-01,Chennai,Tamil Nadu,South,New & Promising
IND_CUST_01824,2023-05-04,Agra,Uttar Pradesh,North,Lost Customers
IND_CUST_01825,2024-10-19,Madurai,Tamil Nadu,South,New & Promising
IND_CUST_01826,2023-10-04,Dwarka,Delhi,North,Loyal Customers
IND_CUST_01827,2024-01-29,Nashik,Maharashtra,West,Lost Customers
IND_CUST_01828,2024-10-25,Udaipur,Rajasthan,North,New & Promising
IND_CUST_01829,2023-12-26,Kanpur,Uttar Pradesh,North,New & Promising
IND_CUST_01830,2024-09-14,Hubballi,Karnataka,South,New & Promising
IND_CUST_01831,2024-04-13,Kochi,Kerala,South,Loyal Customers
IND_CUST_01832,2024-09-19,Coimbatore,Tamil Nadu,South,New & Promising
IND_CUST_01833,2023-02-26,Tiruchirappalli,Tamil Nadu,South,Lost Customers
IND_CUST_01834,2023-09-08,Noida,Uttar Pradesh,North,Lost Customers
IND_CUST_01835,2023-05-30,Kanpur,Uttar Pradesh,North,New & Promising
IND_CUST_01836,2024-03-27,Nizamabad,Telangana,South,New & Promising
IND_CUST_01837,2023-06-11,Pune,Maharashtra,West,Lost Customers
IND_CUST_01838,2023-04-30,Hubballi,Karnataka,South,Loyal Customers
IND_CUST_01839,2024-08-04,Kolkata,West Bengal,East,Potential Loyalists
IND_CUST_01840,2023-12-17,Bengaluru,Karnataka,South,New & Promising
IND_CUST_01841,2023-04-09,Mysuru,Karnataka,South,Lost Customers
IND_CUST_01842,2023-06-16,New Delhi,Delhi,North,Loyal Customers
IND_CUST_01843,2024-10-24,Dwarka,Delhi,North,New & Promising
IND_CUST_01844,2024-05-28,Chennai,Tamil Nadu,South,At Risk
IND_CUST_01845,2024-10-25,Jaipur,Rajasthan,North,New & Promising
IND_CUST_01846,2024-02-05,Bengaluru,Karnataka,South,Loyal Customers
IND_CUST_01847,2023-12-31,Nashik,Maharashtra,West,Champions
IND_CUST_01848,2024-07-30,Nagpur,Maharashtra,West,New & Promising
IND_CUST_01849,2023-11-22,Ahmedabad,Gujarat,West,Potential Loyalists
IND_CUST_01850,2024-08-03,Coimbatore,Tamil Nadu,South,Loyal Customers
IND_CUST_01851,2024-09-24,Mangaluru,Karnataka,South,New & Promising
IND_CUST_01852,2024-09-12,Lucknow,Uttar Pradesh,North,New & Promising
IND_CUST_01853,2023-09-04,Ahmedabad,Gujarat,West,New & Promising
IND_CUST_01854,2024-03-09,Surat,Gujarat,West,Loyal Customers
IND_CUST_01855,2023-04-03,Kolkata,West Bengal,East,Champions
IND_CUST_01856,2023-09-25,Mangaluru,Karnataka,South,Loyal Customers
IND_CUST_01857,2024-09-06,Lucknow,Uttar Pradesh,North,Potential Loyalists
IND_CUST_01858,2024-09-15,North Delhi,Delhi,North,Loyal Customers
IND_CUST_01859,2023-11-17,Ahmedabad,Gujarat,West,Lost Customers
IND_CUST_01860,2023-03-03,Hyderabad,Telangana,South,New & Promising
IND_CUST_01861,2023-10-27,Kanpur,Uttar Pradesh,North,New & Promising
IND_CUST_01862,2024-02-07,Hyderabad,Telangana,South,Champions
IND_CUST_01863,2024-10-09,Mumbai,Maharashtra,West,Champions
IND_CUST_01864,2024-07-20,Madurai,Tamil Nadu,South,Lost Customers
IND_CUST_01865,2024-09-11,Kochi,Kerala,South,Lost Customers
IND_CUST_01866,2023-10-30,Kolkata,West Bengal,East,New & Promising
IND_CUST_01867,2023-09-10,Nagpur,Maharashtra,West,At Risk
IND_CUST_01868,2024-04-22,Nashik,Maharashtra,West,New & Promising
IND_CUST_01869,2024-01-04,Nashik,Maharashtra,West,New & Promising
IND_CUST_01870,2023-06-09,Hyderabad,Telangana,South,Lost Customers
IND_CUST_01871,2023-06-15,Noida,Uttar Pradesh,North,Lost Customers
IND_CUST_01872,2023-07-24,Nagpur,Maharashtra,West,Lost Customers
IND_CUST_01873,2023-09-24,South Delhi,Delhi,North,New & Promising
IND_CUST_01874,2023-05-18,Rajkot,Gujarat,West,Loyal Customers
IND_CUST_01875,2024-01-03,Warangal,Telangana,South,Loyal Customers
IND_CUST_01876,2024-03-18,Chennai,Tamil Nadu,South,Loyal Customers
IND_CUST_01877,2024-07-20,Coimbatore,Tamil Nadu,South,New & Promising
IND_CUST_01878,2023-01-17,North Delhi,Delhi,North,Champions
IND_CUST_01879,2023-03-09,Hubballi,Karnataka,South,At Risk
IND_CUST_01880,2023-05-13,Chennai,Tamil Nadu,South,Lost Customers
IND_CUST_01881,2024-03-05,Hyderabad,Telangana,South,New & Promising
IND_CUST_01882,2023-11-04,Vadodara,Gujarat,West,New & Promising
IND_CUST_01883,2024-10-11,Coimbatore,Tamil Nadu,South,New & Promising
IND_CUST_01884,2023-06-23,Kanpur,Uttar Pradesh,North,At Risk
IND_CUST_01885,2024-02-16,Nashik,Maharashtra,West,New & Promising
IND_CUST_01886,2023-04-07,New Delhi,Delhi,North,Loyal Customers
IND_CUST_01887,2023-06-03,Nashik,Maharashtra,West,New & Promising
IND_CUST_01888,2023-08-30,Hubballi,Karnataka,South,New & Promising
IND_CUST_01889,2023-10-31,Hyderabad,Telangana,South,New & Promising
IND_CUST_01890,2023-10-12,Thrissur,Kerala,South,Lost Customers
IND_CUST_01891,2023-01-27,Nashik,Maharashtra,West,New & Promising
IND_CUST_01892,2024-02-06,North Delhi,Delhi,North,Champions
IND_CUST_01893,2023-12-26,Noida,Uttar Pradesh,North,New & Promising
IND_CUST_01894,2023-03-01,Nashik,Maharashtra,West,Lost Customers
IND_CUST_01895,2023-07-21,Tiruchirappalli,Tamil Nadu,South,New & Promising
IND_CUST_01896,2024-08-03,Warangal,Telangana,South,New & Promising
IND_CUST_01897,2024-01-05,Tiruchirappalli,Tamil Nadu,South,Loyal Customers
IND_CUST_01898,2024-06-16,Nashik,Maharashtra,West,New & Promising
IND_CUST_01899,2023-06-01,Mangaluru,Karnataka,South,Lost Customers
IND_CUST_01900,2023-04-12,Lucknow,Uttar Pradesh,North,Champions
IND_CUST_01901,2024-08-29,Tiruchirappalli,Tamil Nadu,South,New & Promising
IND_CUST_01902,2024-03-21,Nashik,Maharashtra,West,New & Promising
IND_CUST_01903,2023-08-17,Agra,Uttar Pradesh,North,New & Promising
IND_CUST_01904,2023-05-05,Mumbai,Maharashtra,West,Lost Customers
IND_CUST_01905,2023-08-24,Lucknow,Uttar Pradesh,North,New & Promising
IND_CUST_01906,2023-06-11,Nagpur,Maharashtra,West,New & Promising
IND_CUST_01907,2024-07-07,Jaipur,Rajasthan,North,Champions
IND_CUST_01908,2023-12-19,Mysuru,Karnataka,South,Potential Loyalists
IND_CUST_01909,2023-03-09,Mangaluru,Karnataka,South,Lost Customers
IND_CUST_01910,2023-06-22,Nashik,Maharashtra,West,Lost Customers
IND_CUST_01911,2024-09-28,Mysuru,Karnataka,South,New & Promising
IND_CUST_01912,2024-07-12,Rajkot,Gujarat,West,New & Promising
IND_CUST_01913,2023-09-18,Thrissur,Kerala,South,Lost Customers
IND_CUST_01914,2023-08-05,Hubballi,Karnataka,South,New & Promising
IND_CUST_01915,2023-05-04,Dwarka,Delhi,North,New & Promising
IND_CUST_01916,2023-06-11,Hyderabad,Telangana,South,At Risk
IND_CUST_01917,2023-07-20,Rajkot,Gujarat,West,New & Promising
IND_CUST_01918,2024-03-29,Coimbatore,Tamil Nadu,South,Lost Customers
IND_CUST_01919,2024-02-06,Hubballi,Karnataka,South,New & Promising
IND_CUST_01920,2024-04-06,Dwarka,Delhi,North,New & Promising
IND_CUST_01921,2023-10-02,Warangal,Telangana,South,New & Promising
IND_CUST_01922,2023-07-25,Mumbai,Maharashtra,West,New & Promising
IND_CUST_01923,2023-02-09,Tiruchirappalli,Tamil Nadu,South,New & Promising
IND_CUST_01924,2023-09-30,Hubballi,Karnataka,South,Lost Customers
IND_CUST_01925,2023-04-03,Lucknow,Uttar Pradesh,North,Lost Customers
IND_CUST_01926,2023-02-11,Nagpur,Maharashtra,West,Lost Customers
IND_CUST_01927,2024-04-09,Tiruchirappalli,Tamil Nadu,South,New & Promising
IND_CUST_01928,2024-01-14,New Delhi,Delhi,North,Champions
IND_CUST_01929,2023-04-17,Madurai,Tamil Nadu,South,New & Promising
IND_CUST_01930,2023-11-24,Mumbai,Maharashtra,West,New & Promising
IND_CUST_01931,2023-03-06,Coimbatore,Tamil Nadu,South,Champions
IND_CUST_01932,2023-12-31,Tiruchirappalli,Tamil Nadu,South,New & Promising
IND_CUST_01933,2024-04-28,Chennai,Tamil Nadu,South,At Risk
IND_CUST_01934,2024-10-08,Coimbatore,Tamil Nadu,South,Potential Loyalists
IND_CUST_01935,2023-01-24,Warangal,Telangana,South,New & Promising
IND_CUST_01936,2024-06-23,Noida,Uttar Pradesh,North,New & Promising
IND_CUST_01937,2023-03-03,Mysuru,Karnataka,South,Lost Customers
IND_CUST_01938,2024-05-05,Vadodara,Gujarat,West,Lost Customers
IND_CUST_01939,2023-09-30,Dwarka,Delhi,North,New & Promising
IND_CUST_01940,2023-08-17,Pune,Maharashtra,West,Champions
IND_CUST_01941,2023-01-20,Mumbai,Maharashtra,West,Lost Customers
IND_CUST_01942,2023-01-03,Mangaluru,Karnataka,South,Loyal Customers
IND_CUST_01943,2024-02-25,Kanpur,Uttar Pradesh,North,Loyal Customers
IND_CUST_01944,2023-11-03,Warangal,Telangana,South,New & Promising
IND_CUST_01945,2024-03-07,Lucknow,Uttar Pradesh,North,Loyal Customers
IND_CUST_01946,2023-05-16,New Delhi,Delhi,North,New & Promising
IND_CUST_01947,2024-05-29,South Delhi,Delhi,North,New & Promising
IND_CUST_01948,2023-07-12,Mumbai,Maharashtra,West,Loyal Customers
IND_CUST_01949,2024-08-07,Mysuru,Karnataka,South,New & Promising
IND_CUST_01950,2024-02-19,South Delhi,Delhi,North,Champions
IND_CUST_01951,2023-04-28,Mumbai,Maharashtra,West,Loyal Customers
IND_CUST_01952,2024-10-27,Bengaluru,Karnataka,South,New & Promising
IND_CUST_01953,2023-07-28,Chennai,Tamil Nadu,South,New & Promising
IND_CUST_01954,2023-02-03,Hyderabad,Telangana,South,Lost Customers
IND_CUST_01955,2024-10-10,Kochi,Kerala,South,New & Promising
IND_CUST_01956,2023-11-14,Siliguri,West Bengal,East,New & Promising
IND_CUST_01957,2023-04-30,Chennai,Tamil Nadu,South,Lost Customers
IND_CUST_01958,2024-09-18,South Delhi,Delhi,North,Champions
IND_CUST_01959,2024-06-08,Chennai,Tamil Nadu,South,New & Promising
IND_CUST_01960,2024-08-03,Lucknow,Uttar Pradesh,North,New & Promising
IND_CUST_01961,2023-03-30,Pune,Maharashtra,West,Lost Customers
IND_CUST_01962,2024-05-26,New Delhi,Delhi,North,Loyal Customers
IND_CUST_01963,2023-02-16,Rajkot,Gujarat,West,New & Promising
IND_CUST_01964,2024-06-05,Mysuru,Karnataka,South,At Risk
IND_CUST_01965,2023-10-11,Madurai,Tamil Nadu,South,Champions
IND_CUST_01966,2024-01-12,Chennai,Tamil Nadu,South,Potential Loyalists
IND_CUST_01967,2024-09-29,Nagpur,Maharashtra,West,Champions
IND_CUST_01968,2023-05-14,Mangaluru,Karnataka,South,Loyal Customers
IND_CUST_01969,2024-10-28,Bengaluru,Karnataka,South,New & Promising
IND_CUST_01970,2023-09-05,Pune,Maharashtra,West,Lost Customers
IND_CUST_01971,2024-10-13,Nagpur,Maharashtra,West,New & Promising
IND_CUST_01972,2023-11-14,Surat,Gujarat,West,Loyal Customers
IND_CUST_01973,2024-03-11,Mysuru,Karnataka,South,Lost Customers
IND_CUST_01974,2023-06-25,New Delhi,Delhi,North,New & Promising
IND_CUST_01975,2024-08-08,Hubballi,Karnataka,South,Champions
IND_CUST_01976,2023-12-17,Kota,Rajasthan,North,Lost Customers
IND_CUST_01977,2023-05-23,Mysuru,Karnataka,South,New & Promising
IND_CUST_01978,2024-02-02,New Delhi,Delhi,North,New & Promising
IND_CUST_01979,2024-09-15,Ahmedabad,Gujarat,West,Champions
IND_CUST_01980,2024-10-04,Rajkot,Gujarat,West,New & Promising
IND_CUST_01981,2024-01-04,Mumbai,Maharashtra,West,New & Promising
IND_CUST_01982,2024-05-15,Noida,Uttar Pradesh,North,New & Promising
IND_CUST_01983,2024-09-13,South Delhi,Delhi,North,Loyal Customers
IND_CUST_01984,2024-01-05,South Delhi,Delhi,North,New & Promising
IND_CUST_01985,2024-08-01,Pune,Maharashtra,West,Champions
IND_CUST_01986,2024-01-17,Nagpur,Maharashtra,West,Champions
IND_CUST_01987,2023-03-27,Hyderabad,Telangana,South,Loyal Customers
IND_CUST_01988,2024-04-04,North Delhi,Delhi,North,New & Promising
IND_CUST_01989,2023-11-21,Dwarka,Delhi,North,Champions
IND_CUST_01990,2024-06-05,Hyderabad,Telangana,South,Champions
IND_CUST_01991,2024-05-03,Varanasi,Uttar Pradesh,North,Champions
IND_CUST_01992,2024-02-01,Pune,Maharashtra,West,Lost Customers
IND_CUST_01993,2023-12-21,Coimbatore,Tamil Nadu,South,Loyal Customers
IND_CUST_01994,2023-10-15,Nashik,Maharashtra,West,New & Promising
IND_CUST_01995,2024-04-03,Agra,Uttar Pradesh,North,Champions
IND_CUST_01996,2024-09-15,Nizamabad,Telangana,South,New & Promising
IND_CUST_01997,2024-06-19,Udaipur,Rajasthan,North,New & Promising
IND_CUST_01998,2023-10-18,Nashik,Maharashtra,West,Champions
IND_CUST_01999,2023-06-17,Pune,Maharashtra,West,New & Promising
IND_CUST_02000,2024-09-12,Bengaluru,Karnataka,South,New & Promising
IND_CUST_02001,2024-03-03,Bengaluru,Karnataka,South,Champions
IND_CUST_02002,2024-05-04,Mysuru,Karnataka,South,Champions
IND_CUST_02003,2023-12-21,Siliguri,West Bengal,East,New & Promising
IND_CUST_02004,2023-07-15,Bengaluru,Karnataka,South,Loyal Customers
IND_CUST_02005,2024-06-28,Mangaluru,Karnataka,South,New & Promising
IND_CUST_02006,2024-10-20,Kanpur,Uttar Pradesh,North,New & Promising
IND_CUST_02007,2023-01-11,North Delhi,Delhi,North,New & Promising
IND_CUST_02008,2024-08-04,Varanasi,Uttar Pradesh,North,New & Promising
IND_CUST_02009,2023-09-13,Nagpur,Maharashtra,West,New & Promising
IND_CUST_02010,2024-01-31,New Delhi,Delhi,North,New & Promising
IND_CUST_02011,2024-02-13,Mumbai,Maharashtra,West,Champions
IND_CUST_02012,2023-12-28,Pune,Maharashtra,West,At Risk
IND_CUST_02013,2023-09-16,Siliguri,West Bengal,East,Loyal Customers
IND_CUST_02014,2023-01-03,Nashik,Maharashtra,West,Lost Customers
IND_CUST_02015,2023-03-25,Dwarka,Delhi,North,New & Promising
IND_CUST_02016,2023-06-05,New Delhi,Delhi,North,Champions
IND_CUST_02017,2024-10-24,Mangaluru,Karnataka,South,Loyal Customers
IND_CUST_02018,2023-06-25,Kolkata,West Bengal,East,New & Promising
IND_CUST_02019,2024-04-16,Pune,Maharashtra,West,New & Promising
IND_CUST_02020,2024-09-10,Nizamabad,Telangana,South,Potential Loyalists
IND_CUST_02021,2024-02-28,Kota,Rajasthan,North,Champions
IND_CUST_02022,2023-05-14,Chennai,Tamil Nadu,South,At Risk
IND_CUST_02023,2024-01-15,Howrah,West Bengal,East,New & Promising
IND_CUST_02024,2024-10-28,Mumbai,Maharashtra,West,New & Promising
IND_CUST_02025,2023-10-04,Dwarka,Delhi,North,New & Promising
IND_CUST_02026,2023-08-24,Bengaluru,Karnataka,South,Lost Customers
IND_CUST_02027,2023-01-13,Hyderabad,Telangana,South,New & Promising
IND_CUST_02028,2023-12-08,Thiruvananthapuram,Kerala,South,Loyal Customers
IND_CUST_02029,2023-02-04,Hubballi,Karnataka,South,Loyal Customers
IND_CUST_02030,2024-07-12,Warangal,Telangana,South,New & Promising
IND_CUST_02031,2023-08-02,Nagpur,Maharashtra,West,New & Promising
IND_CUST_02032,2024-02-16,Chennai,Tamil Nadu,South,New & Promising
IND_CUST_02033,2024-02-09,South Delhi,Delhi,North,Loyal Customers
IND_CUST_02034,2024-05-08,Kochi,Kerala,South,Champions
IND_CUST_02035,2024-10-19,Chennai,Tamil Nadu,South,New & Promising
IND_CUST_02036,2023-06-08,Mysuru,Karnataka,South,Lost Customers
IND_CUST_02037,2024-09-28,Mumbai,Maharashtra,West,Champions
IND_CUST_02038,2023-04-20,Pune,Maharashtra,West,New & Promising
IND_CUST_02039,2024-07-02,Hubballi,Karnataka,South,New & Promising
IND_CUST_02040,2024-06-09,Hubballi,Karnataka,South,Potential Loyalists
IND_CUST_02041,2023-12-13,Ahmedabad,Gujarat,West,New & Promising
IND_CUST_02042,2024-09-27,Coimbatore,Tamil Nadu,South,Potential Loyalists
IND_CUST_02043,2023-10-06,New Delhi,Delhi,North,At Risk
IND_CUST_02044,2024-04-23,Pune,Maharashtra,West,Loyal Customers
IND_CUST_02045,2023-04-21,Surat,Gujarat,West,New & Promising
IND_CUST_02046,2024-09-27,Warangal,Telangana,South,Champions
IND_CUST_02047,2024-03-06,Nagpur,Maharashtra,West,New & Promising
IND_CUST_02048,2024-06-25,Warangal,Telangana,South,New & Promising
IND_CUST_02049,2023-04-25,Madurai,Tamil Nadu,South,Champions
IND_CUST_02050,2023-03-31,Pune,Maharashtra,West,New & Promising
IND_CUST_02051,2023-07-31,South Delhi,Delhi,North,Lost Customers
IND_CUST_02052,2024-07-03,Dwarka,Delhi,North,Champions
IND_CUST_02053,2024-08-17,Nagpur,Maharashtra,West,Lost Customers
IND_CUST_02054,2024-06-22,Udaipur,Rajasthan,North,New & Promising
IND_CUST_02055,2023-12-26,Ahmedabad,Gujarat,West,Loyal Customers
IND_CUST_02056,2024-04-30,Warangal,Telangana,South,Lost Customers
IND_CUST_02057,2024-01-07,Dwarka,Delhi,North,New & Promising
IND_CUST_02058,2023-08-03,New Delhi,Delhi,North,At Risk
IND_CUST_02059,2023-01-15,Warangal,Telangana,South,At Risk
IND_CUST_02060,2023-09-16,Tiruchirappalli,Tamil Nadu,South,Champions
IND_CUST_02061,2024-04-07,Nashik,Maharashtra,West,New & Promising
IND_CUST_02062,2023-04-30,Dwarka,Delhi,North,New & Promising
IND_CUST_02063,2023-05-08,Lucknow,Uttar Pradesh,North,New & Promising
IND_CUST_02064,2024-06-06,Dwarka,Delhi,North,Loyal Customers
IND_CUST_02065,2024-10-06,Nashik,Maharashtra,West,New & Promising
IND_CUST_02066,2023-11-21,Agra,Uttar Pradesh,North,New & Promising
IND_CUST_02067,2023-11-16,Nagpur,Maharashtra,West,New & Promising
IND_CUST_02068,2024-05-20,Mysuru,Karnataka,South,Lost Customers
IND_CUST_02069,2024-06-09,Nagpur,Maharashtra,West,Lost Customers
IND_CUST_02070,2023-02-19,Bengaluru,Karnataka,South,New & Promising
IND_CUST_02071,2024-08-06,Kanpur,Uttar Pradesh,North,Loyal Customers
IND_CUST_02072,2023-03-10,Dwarka,Delhi,North,New & Promising
IND_CUST_02073,2024-01-26,Nashik,Maharashtra,West,Loyal Customers
IND_CUST_02074,2024-01-18,Surat,Gujarat,West,At Risk
IND_CUST_02075,2023-01-16,Surat,Gujarat,West,Lost Customers
IND_CUST_02076,2024-03-14,Surat,Gujarat,West,New & Promising
IND_CUST_02077,2024-07-21,Bengaluru,Karnataka,South,New & Promising
IND_CUST_02078,2024-09-08,North Delhi,Delhi,North,Champions
IND_CUST_02079,2023-05-12,Kochi,Kerala,South,Lost Customers
IND_CUST_02080,2024-07-13,Varanasi,Uttar Pradesh,North,Loyal Customers
IND_CUST_02081,2023-09-05,Nagpur,Maharashtra,West,Champions
IND_CUST_02082,2023-09-30,Nashik,Maharashtra,West,Champions
IND_CUST_02083,2024-09-14,Dwarka,Delhi,North,Loyal Customers
IND_CUST_02084,2023-12-15,Durgapur,West Bengal,East,At Risk
IND_CUST_02085,2024-04-28,North Delhi,Delhi,North,Champions
IND_CUST_02086,2024-07-03,North Delhi,Delhi,North,At Risk
IND_CUST_02087,2023-12-23,Pune,Maharashtra,West,New & Promising
IND_CUST_02088,2023-11-14,Nizamabad,Telangana,South,New & Promising
IND_CUST_02089,2024-09-24,Surat,Gujarat,West,New & Promising
IND_CUST_02090,2023-02-17,Bengaluru,Karnataka,South,Champions
IND_CUST_02091,2023-01-10,Varanasi,Uttar Pradesh,North,New & Promising
IND_CUST_02092,2023-08-21,Udaipur,Rajasthan,North,Lost Customers
IND_CUST_02093,2023-02-05,Nagpur,Maharashtra,West,Loyal Customers
IND_CUST_02094,2024-02-17,South Delhi,Delhi,North,Lost Customers
IND_CUST_02095,2024-04-06,Hubballi,Karnataka,South,Lost Customers
IND_CUST_02096,2023-01-04,Noida,Uttar Pradesh,North,New & Promising
IND_CUST_02097,2023-02-13,Tiruchirappalli,Tamil Nadu,South,At Risk
IND_CUST_02098,2024-07-21,Madurai,Tamil Nadu,South,Lost Customers
IND_CUST_02099,2024-07-07,Varanasi,Uttar Pradesh,North,New & Promising
IND_CUST_02100,2023-09-12,Mysuru,Karnataka,South,Lost Customers
IND_CUST_02101,2023-04-24,Siliguri,West Bengal,East,Champions
IND_CUST_02102,2024-02-01,South Delhi,Delhi,North,Champions
IND_CUST_02103,2023-06-23,Nashik,Maharashtra,West,New & Promising
IND_CUST_02104,2023-09-12,Nizamabad,Telangana,South,At Risk
IND_CUST_02105,2024-04-10,Kanpur,Uttar Pradesh,North,Loyal Customers
IND_CUST_02106,2023-10-04,Bengaluru,Karnataka,South,New & Promising
IND_CUST_02107,2024-04-08,Ahmedabad,Gujarat,West,New & Promising
IND_CUST_02108,2024-05-16,Siliguri,West Bengal,East,New & Promising
IND_CUST_02109,2024-03-16,Bengaluru,Karnataka,South,Lost Customers
IND_CUST_02110,2023-03-10,Thiruvananthapuram,Kerala,South,New & Promising
IND_CUST_02111,2024-05-23,Nagpur,Maharashtra,West,Loyal Customers
IND_CUST_02112,2023-11-22,Pune,Maharashtra,West,Lost Customers
IND_CUST_02113,2023-03-08,Nashik,Maharashtra,West,New & Promising
IND_CUST_02114,2023-10-31,Howrah,West Bengal,East,New & Promising
IND_CUST_02115,2024-04-28,Nizamabad,Telangana,South,New & Promising
IND_CUST_02116,2024-07-01,Nashik,Maharashtra,West,Lost Customers
IND_CUST_02117,2024-02-21,Dwarka,Delhi,North,Lost Customers
IND_CUST_02118,2023-06-08,Coimbatore,Tamil Nadu,South,Champions
IND_CUST_02119,2023-05-29,Pune,Maharashtra,West,New & Promising
IND_CUST_02120,2023-01-27,Surat,Gujarat,West,Champions
IND_CUST_02121,2024-08-06,Kanpur,Uttar Pradesh,North,New & Promising
IND_CUST_02122,2023-09-05,North Delhi,Delhi,North,New & Promising
IND_CUST_02123,2023-04-11,Udaipur,Rajasthan,North,Lost Customers
IND_CUST_02124,2023-04-06,South Delhi,Delhi,North,Loyal Customers
IND_CUST_02125,2024-01-19,Thrissur,Kerala,South,Potential Loyalists
IND_CUST_02126,2023-10-09,Warangal,Telangana,South,New & Promising
IND_CUST_02127,2023-11-18,Madurai,Tamil Nadu,South,New & Promising
IND_CUST_02128,2024-01-31,Nashik,Maharashtra,West,Loyal Customers
IND_CUST_02129,2023-10-05,Ahmedabad,Gujarat,West,New & Promising
IND_CUST_02130,2024-06-12,South Delhi,Delhi,North,New & Promising
IND_CUST_02131,2023-09-20,Mumbai,Maharashtra,West,New & Promising
IND_CUST_02132,2024-09-10,Pune,Maharashtra,West,New & Promising
IND_CUST_02133,2024-08-02,Madurai,Tamil Nadu,South,New & Promising
IND_CUST_02134,2024-10-01,North Delhi,Delhi,North,New & Promising
IND_CUST_02135,2023-10-20,Warangal,Telangana,South,New & Promising
IND_CUST_02136,2023-10-21,Howrah,West Bengal,East,New & Promising
IND_CUST_02137,2024-08-30,Pune,Maharashtra,West,Loyal Customers
IND_CUST_02138,2024-01-30,Warangal,Telangana,South,At Risk
IND_CUST_02139,2024-05-27,Nagpur,Maharashtra,West,Champions
IND_CUST_02140,2023-06-29,Ahmedabad,Gujarat,West,Loyal Customers
IND_CUST_02141,2023-08-23,Kanpur,Uttar Pradesh,North,Champions
IND_CUST_02142,2023-12-03,Madurai,Tamil Nadu,South,Lost Customers
IND_CUST_02143,2023-01-08,Nizamabad,Telangana,South,Lost Customers
IND_CUST_02144,2024-03-18,Mangaluru,Karnataka,South,New & Promising
IND_CUST_02145,2024-06-22,Dwarka,Delhi,North,Lost Customers
IND_CUST_02146,2024-10-19,Vadodara,Gujarat,West,New & Promising
IND_CUST_02147,2023-04-01,New Delhi,Delhi,North,Loyal Customers
IND_CUST_02148,2023-09-29,Hubballi,Karnataka,South,New & Promising
IND_CUST_02149,2023-01-05,North Delhi,Delhi,North,Loyal Customers
IND_CUST_02150,2024-08-16,Rajkot,Gujarat,West,New & Promising
IND_CUST_02151,2023-08-07,Mangaluru,Karnataka,South,New & Promising
IND_CUST_02152,2023-04-28,Nagpur,Maharashtra,West,New & Promising
IND_CUST_02153,2024-08-15,Nizamabad,Telangana,South,New & Promising
IND_CUST_02154,2024-08-04,Ahmedabad,Gujarat,West,New & Promising
IND_CUST_02155,2023-04-25,Mumbai,Maharashtra,West,New & Promising
IND_CUST_02156,2023-09-20,Mysuru,Karnataka,South,At Risk
IND_CUST_02157,2023-11-02,Nagpur,Maharashtra,West,New & Promising
IND_CUST_02158,2024-10-15,Hubballi,Karnataka,South,Loyal Customers
IND_CUST_02159,2024-02-26,South Delhi,Delhi,North,New & Promising
IND_CUST_02160,2023-07-26,Agra,Uttar Pradesh,North,Potential Loyalists
IND_CUST_02161,2024-09-14,Warangal,Telangana,South,Champions
IND_CUST_02162,2023-10-30,Madurai,Tamil Nadu,South,Loyal Customers
IND_CUST_02163,2023-04-22,Bengaluru,Karnataka,South,New & Promising
IND_CUST_02164,2024-02-21,Ahmedabad,Gujarat,West,New & Promising
IND_CUST_02165,2024-07-08,Dwarka,Delhi,North,Loyal Customers
IND_CUST_02166,2023-10-12,Thrissur,Kerala,South,Potential Loyalists
IND_CUST_02167,2024-10-01,Coimbatore,Tamil Nadu,South,Potential Loyalists
IND_CUST_02168,2023-07-04,Nashik,Maharashtra,West,At Risk
IND_CUST_02169,2023-08-09,Hyderabad,Telangana,South,New & Promising
IND_CUST_02170,2024-03-19,Bengaluru,Karnataka,South,Loyal Customers
IND_CUST_02171,2023-04-27,Nizamabad,Telangana,South,Lost Customers
IND_CUST_02172,2023-03-11,Nagpur,Maharashtra,West,New & Promising
IND_CUST_02173,2023-03-11,Mumbai,Maharashtra,West,Lost Customers
IND_CUST_02174,2024-09-13,Ahmedabad,Gujarat,West,New & Promising
IND_CUST_02175,2024-03-02,Mysuru,Karnataka,South,Champions
IND_CUST_02176,2024-10-05,Surat,Gujarat,West,Champions
IND_CUST_02177,2024-07-21,Bengaluru,Karnataka,South,New & Promising
IND_CUST_02178,2024-03-18,Tiruchirappalli,Tamil Nadu,South,Champions
IND_CUST_02179,2024-08-23,Nizamabad,Telangana,South,New & Promising
IND_CUST_02180,2023-05-17,New Delhi,Delhi,North,Loyal Customers
IND_CUST_02181,2024-05-18,Mangaluru,Karnataka,South,New & Promising
IND_CUST_02182,2023-05-11,Mumbai,Maharashtra,West,At Risk
IND_CUST_02183,2023-08-06,Nagpur,Maharashtra,West,New & Promising
IND_CUST_02184,2023-06-20,Hubballi,Karnataka,South,New & Promising
IND_CUST_02185,2024-04-19,Warangal,Telangana,South,New & Promising
IND_CUST_02186,2024-09-03,Howrah,West Bengal,East,Champions
IND_CUST_02187,2023-05-09,Surat,Gujarat,West,Loyal Customers
IND_CUST_02188,2023-02-26,Kanpur,Uttar Pradesh,North,New & Promising
IND_CUST_02189,2023-06-30,Varanasi,Uttar Pradesh,North,New & Promising
IND_CUST_02190,2023-09-03,Hyderabad,Telangana,South,Champions
IND_CUST_02191,2023-05-24,Mysuru,Karnataka,South,Lost Customers
IND_CUST_02192,2023-02-20,Howrah,West Bengal,East,New & Promising
IND_CUST_02193,2024-01-03,Nizamabad,Telangana,South,Potential Loyalists
IND_CUST_02194,2024-04-03,Madurai,Tamil Nadu,South,New & Promising
IND_CUST_02195,2023-08-06,Mumbai,Maharashtra,West,New & Promising
IND_CUST_02196,2024-09-07,New Delhi,Delhi,North,Loyal Customers
IND_CUST_02197,2024-07-20,Dwarka,Delhi,North,Potential Loyalists
IND_CUST_02198,2023-09-14,Vadodara,Gujarat,West,New & Promising
IND_CUST_02199,2023-06-05,Coimbatore,Tamil Nadu,South,Champions
IND_CUST_02200,2024-07-18,Mangaluru,Karnataka,South,New & Promising
IND_CUST_02201,2024-03-17,Thiruvananthapuram,Kerala,South,New & Promising
IND_CUST_02202,2024-10-23,Nashik,Maharashtra,West,New & Promising
IND_CUST_02203,2023-01-25,North Delhi,Delhi,North,New & Promising
IND_CUST_02204,2024-10-25,Mumbai,Maharashtra,West,Loyal Customers
IND_CUST_02205,2024-06-19,Warangal,Telangana,South,New & Promising
IND_CUST_02206,2023-03-01,Howrah,West Bengal,East,New & Promising
IND_CUST_02207,2024-04-11,Hubballi,Karnataka,South,New & Promising
IND_CUST_02208,2024-03-09,Rajkot,Gujarat,West,Lost Customers
IND_CUST_02209,2023-03-07,Mysuru,Karnataka,South,Champions
IND_CUST_02210,2024-07-18,Siliguri,West Bengal,East,New & Promising
IND_CUST_02211,2023-04-16,Lucknow,Uttar Pradesh,North,New & Promising
IND_CUST_02212,2023-04-06,Agra,Uttar Pradesh,North,Champions
IND_CUST_02213,2024-07-04,Nashik,Maharashtra,West,New & Promising
IND_CUST_02214,2023-06-17,Kota,Rajasthan,North,New & Promising
IND_CUST_02215,2023-02-11,Warangal,Telangana,South,Lost Customers
IND_CUST_02216,2023-04-14,Mysuru,Karnataka,South,At Risk
IND_CUST_02217,2023-07-23,Rajkot,Gujarat,West,New & Promising
IND_CUST_02218,2024-06-03,Hubballi,Karnataka,South,New & Promising
IND_CUST_02219,2023-10-09,Vadodara,Gujarat,West,New & Promising
IND_CUST_02220,2023-02-12,Nagpur,Maharashtra,West,Lost Customers
IND_CUST_02221,2023-04-20,Warangal,Telangana,South,Lost Customers
IND_CUST_02222,2023-07-29,Coimbatore,Tamil Nadu,South,New & Promising
IND_CUST_02223,2023-02-18,Nashik,Maharashtra,West,New & Promising
IND_CUST_02224,2023-04-25,Bengaluru,Karnataka,South,Lost Customers
IND_CUST_02225,2023-06-04,Pune,Maharashtra,West,New & Promising
IND_CUST_02226,2024-10-10,Dwarka,Delhi,North,New & Promising
IND_CUST_02227,2024-05-17,Mangaluru,Karnataka,South,Loyal Customers
IND_CUST_02228,2023-03-12,Chennai,Tamil Nadu,South,At Risk
IND_CUST_02229,2024-06-02,Hubballi,Karnataka,South,Loyal Customers
IND_CUST_02230,2023-12-02,Mangaluru,Karnataka,South,At Risk
IND_CUST_02231,2023-03-08,Varanasi,Uttar Pradesh,North,New & Promising
IND_CUST_02232,2024-05-07,Nagpur,Maharashtra,West,New & Promising
IND_CUST_02233,2024-10-11,Siliguri,West Bengal,East,Potential Loyalists
IND_CUST_02234,2023-08-01,Ahmedabad,Gujarat,West,Loyal Customers
IND_CUST_02235,2023-06-30,Warangal,Telangana,South,New & Promising
IND_CUST_02236,2024-09-04,Madurai,Tamil Nadu,South,New & Promising
IND_CUST_02237,2024-08-21,Howrah,West Bengal,East,Loyal Customers
IND_CUST_02238,2024-08-25,Pune,Maharashtra,West,Potential Loyalists
IND_CUST_02239,2023-09-05,Nagpur,Maharashtra,West,New & Promising
IND_CUST_02240,2023-08-02,Mangaluru,Karnataka,South,Loyal Customers
IND_CUST_02241,2023-12-25,Agra,Uttar Pradesh,North,New & Promising
IND_CUST_02242,2023-09-06,Pune,Maharashtra,West,New & Promising
IND_CUST_02243,2024-09-29,Tiruchirappalli,Tamil Nadu,South,Potential Loyalists
IND_CUST_02244,2024-05-30,Kozhikode,Kerala,South,Lost Customers
IND_CUST_02245,2023-03-29,Surat,Gujarat,West,New & Promising
IND_CUST_02246,2024-10-24,North Delhi,Delhi,North,Loyal Customers
IND_CUST_02247,2023-06-25,Pune,Maharashtra,West,New & Promising
IND_CUST_02248,2024-03-01,Rajkot,Gujarat,West,At Risk
IND_CUST_02249,2024-08-25,Tiruchirappalli,Tamil Nadu,South,New & Promising
IND_CUST_02250,2023-03-22,Nashik,Maharashtra,West,Lost Customers
IND_CUST_02251,2023-05-18,Pune,Maharashtra,West,At Risk
IND_CUST_02252,2024-03-08,Howrah,West Bengal,East,Champions
IND_CUST_02253,2024-04-14,Hyderabad,Telangana,South,New & Promising
IND_CUST_02254,2023-12-16,Ahmedabad,Gujarat,West,Champions
IND_CUST_02255,2023-05-06,Rajkot,Gujarat,West,Loyal Customers
IND_CUST_02256,2023-11-05,Tiruchirappalli,Tamil Nadu,South,Champions
IND_CUST_02257,2023-08-18,South Delhi,Delhi,North,Lost Customers
IND_CUST_02258,2024-04-04,Dwarka,Delhi,North,New & Promising
IND_CUST_02259,2023-12-11,Bengaluru,Karnataka,South,Loyal Customers
IND_CUST_02260,2023-11-06,New Delhi,Delhi,North,Champions
IND_CUST_02261,2023-01-20,Noida,Uttar Pradesh,North,Champions
IND_CUST_02262,2024-07-14,Coimbatore,Tamil Nadu,South,New & Promising
IND_CUST_02263,2024-10-08,Howrah,West Bengal,East,New & Promising
IND_CUST_02264,2024-06-24,Dwarka,Delhi,North,New & Promising
IND_CUST_02265,2024-07-13,Madurai,Tamil Nadu,South,New & Promising
IND_CUST_02266,2024-04-21,Madurai,Tamil Nadu,South,Loyal Customers
IND_CUST_02267,2023-09-26,Madurai,Tamil Nadu,South,Champions
IND_CUST_02268,2023-01-03,Warangal,Telangana,South,Lost Customers
IND_CUST_02269,2023-01-16,Bengaluru,Karnataka,South,Lost Customers
IND_CUST_02270,2024-08-28,New Delhi,Delhi,North,New & Promising
IND_CUST_02271,2023-12-24,Pune,Maharashtra,West,New & Promising
IND_CUST_02272,2024-10-07,Hubballi,Karnataka,South,New & Promising
IND_CUST_02273,2023-05-13,South Delhi,Delhi,North,Lost Customers
IND_CUST_02274,2023-11-08,Nizamabad,Telangana,South,Loyal Customers
IND_CUST_02275,2024-04-26,Jodhpur,Rajasthan,North,New & Promising
IND_CUST_02276,2024-06-27,Madurai,Tamil Nadu,South,New & Promising
IND_CUST_02277,2023-11-01,Varanasi,Uttar Pradesh,North,Loyal Customers
IND_CUST_02278,2023-09-26,South Delhi,Delhi,North,New & Promising
IND_CUST_02279,2024-02-18,Coimbatore,Tamil Nadu,South,Loyal Customers
IND_CUST_02280,2023-01-25,Mumbai,Maharashtra,West,New & Promising
IND_CUST_02281,2023-11-12,Mysuru,Karnataka,South,New & Promising
IND_CUST_02282,2024-07-24,Mysuru,Karnataka,South,Champions
IND_CUST_02283,2024-10-29,Dwarka,Delhi,North,New & Promising
IND_CUST_02284,2023-10-03,Pune,Maharashtra,West,At Risk
IND_CUST_02285,2024-01-24,Pune,Maharashtra,West,New & Promising
IND_CUST_02286,2024-03-19,Mangaluru,Karnataka,South,New & Promising
IND_CUST_02287,2024-03-02,Thrissur,Kerala,South,Champions
IND_CUST_02288,2023-02-26,Bengaluru,Karnataka,South,Champions
IND_CUST_02289,2024-07-19,South Delhi,Delhi,North,New & Promising
IND_CUST_02290,2024-01-03,Pune,Maharashtra,West,Lost Customers
IND_CUST_02291,2023-12-08,Tiruchirappalli,Tamil Nadu,South,Champions
IND_CUST_02292,2023-10-31,Bengaluru,Karnataka,South,New & Promising
IND_CUST_02293,2024-01-09,Nagpur,Maharashtra,West,New & Promising
IND_CUST_02294,2023-04-22,Dwarka,Delhi,North,New & Promising
IND_CUST_02295,2023-01-06,Nagpur,Maharashtra,West,New & Promising
IND_CUST_02296,2023-10-06,Nagpur,Maharashtra,West,New & Promising
IND_CUST_02297,2024-01-17,Pune,Maharashtra,West,Loyal Customers
IND_CUST_02298,2023-01-13,Pune,Maharashtra,West,New & Promising
IND_CUST_02299,2023-10-30,Nashik,Maharashtra,West,Loyal Customers
IND_CUST_02300,2024-07-09,Hubballi,Karnataka,South,Loyal Customers
IND_CUST_02301,2024-09-08,Varanasi,Uttar Pradesh,North,Potential Loyalists
IND_CUST_02302,2023-06-09,Madurai,Tamil Nadu,South,Potential Loyalists
IND_CUST_02303,2023-06-03,Dwarka,Delhi,North,New & Promising
IND_CUST_02304,2023-06-30,Hubballi,Karnataka,South,New & Promising
IND_CUST_02305,2024-06-09,Siliguri,West Bengal,East,New & Promising
IND_CUST_02306,2023-06-29,Hubballi,Karnataka,South,Lost Customers
IND_CUST_02307,2024-01-12,Nagpur,Maharashtra,West,New & Promising
IND_CUST_02308,2023-06-17,Chennai,Tamil Nadu,South,New & Promising
IND_CUST_02309,2023-08-02,Nagpur,Maharashtra,West,Champions
IND_CUST_02310,2023-05-30,Mysuru,Karnataka,South,Champions
IND_CUST_02311,2023-01-16,North Delhi,Delhi,North,New & Promising
IND_CUST_02312,2023-04-01,Surat,Gujarat,West,New & Promising
IND_CUST_02313,2023-04-30,South Delhi,Delhi,North,Lost Customers
IND_CUST_02314,2023-09-10,Warangal,Telangana,South,New & Promising
IND_CUST_02315,2023-03-01,Kochi,Kerala,South,New & Promising
IND_CUST_02316,2023-09-23,Nashik,Maharashtra,West,New & Promising
IND_CUST_02317,2024-02-13,Hubballi,Karnataka,South,At Risk
IND_CUST_02318,2023-01-31,Mysuru,Karnataka,South,Loyal Customers
IND_CUST_02319,2023-01-21,New Delhi,Delhi,North,At Risk
IND_CUST_02320,2024-08-15,Dwarka,Delhi,North,Lost Customers
IND_CUST_02321,2023-10-16,Kolkata,West Bengal,East,Loyal Customers
IND_CUST_02322,2024-06-26,Warangal,Telangana,South,Loyal Customers
IND_CUST_02323,2024-05-12,Chennai,Tamil Nadu,South,New & Promising
IND_CUST_02324,2024-04-18,Mangaluru,Karnataka,South,Lost Customers
IND_CUST_02325,2024-02-09,Surat,Gujarat,West,New & Promising
IND_CUST_02326,2024-07-01,Kota,Rajasthan,North,Lost Customers
IND_CUST_02327,2023-05-12,Ahmedabad,Gujarat,West,Potential Loyalists
IND_CUST_02328,2023-11-20,Nagpur,Maharashtra,West,Loyal Customers
IND_CUST_02329,2023-05-12,Madurai,Tamil Nadu,South,Lost Customers
IND_CUST_02330,2024-06-04,Nagpur,Maharashtra,West,Champions
IND_CUST_02331,2023-01-30,Hubballi,Karnataka,South,At Risk
IND_CUST_02332,2024-09-18,Nashik,Maharashtra,West,New & Promising
IND_CUST_02333,2023-10-28,Madurai,Tamil Nadu,South,New & Promising
IND_CUST_02334,2023-01-04,Warangal,Telangana,South,New & Promising
IND_CUST_02335,2023-11-21,Nagpur,Maharashtra,West,New & Promising
IND_CUST_02336,2024-05-23,Mangaluru,Karnataka,South,Loyal Customers
IND_CUST_02337,2023-08-25,South Delhi,Delhi,North,New & Promising
IND_CUST_02338,2024-06-18,Hubballi,Karnataka,South,Lost Customers
IND_CUST_02339,2023-01-16,Nagpur,Maharashtra,West,Lost Customers
IND_CUST_02340,2024-06-17,Dwarka,Delhi,North,New & Promising
IND_CUST_02341,2024-08-06,Agra,Uttar Pradesh,North,Potential Loyalists
IND_CUST_02342,2024-03-21,Nagpur,Maharashtra,West,Lost Customers
IND_CUST_02343,2024-05-17,Nagpur,Maharashtra,West,New & Promising
IND_CUST_02344,2023-08-18,Mysuru,Karnataka,South,New & Promising
IND_CUST_02345,2023-04-17,Jaipur,Rajasthan,North,Loyal Customers
IND_CUST_02346,2024-01-24,Warangal,Telangana,South,New & Promising
IND_CUST_02347,2023-09-20,Nizamabad,Telangana,South,New & Promising
IND_CUST_02348,2024-07-16,Mysuru,Karnataka,South,Loyal Customers
IND_CUST_02349,2023-03-06,Coimbatore,Tamil Nadu,South,Lost Customers
IND_CUST_02350,2023-09-22,Nagpur,Maharashtra,West,Lost Customers
IND_CUST_02351,2023-12-04,Chennai,Tamil Nadu,South,Loyal Customers
IND_CUST_02352,2023-10-28,Kolkata,West Bengal,East,Loyal Customers
IND_CUST_02353,2024-01-13,Coimbatore,Tamil Nadu,South,New & Promising
IND_CUST_02354,2023-06-24,Vadodara,Gujarat,West,New & Promising
IND_CUST_02355,2023-06-01,Warangal,Telangana,South,Lost Customers
IND_CUST_02356,2024-04-20,Nashik,Maharashtra,West,New & Promising
IND_CUST_02357,2023-09-23,Howrah,West Bengal,East,New & Promising
IND_CUST_02358,2023-11-25,Pune,Maharashtra,West,New & Promising
IND_CUST_02359,2023-06-12,South Delhi,Delhi,North,New & Promising
IND_CUST_02360,2024-03-13,Nagpur,Maharashtra,West,Loyal Customers
IND_CUST_02361,2023-12-09,Nashik,Maharashtra,West,Loyal Customers
IND_CUST_02362,2024-01-02,Dwarka,Delhi,North,Loyal Customers
IND_CUST_02363,2024-04-09,Bengaluru,Karnataka,South,Loyal Customers
IND_CUST_02364,2023-07-18,South Delhi,Delhi,North,New & Promising
IND_CUST_02365,2024-05-14,Coimbatore,Tamil Nadu,South,Loyal Customers
IND_CUST_02366,2023-01-16,Pune,Maharashtra,West,New & Promising
IND_CUST_02367,2023-10-23,Mumbai,Maharashtra,West,New & Promising
IND_CUST_02368,2024-05-25,Madurai,Tamil Nadu,South,New & Promising
IND_CUST_02369,2023-08-27,Mysuru,Karnataka,South,New & Promising
IND_CUST_02370,2024-08-03,Hyderabad,Telangana,South,Loyal Customers
IND_CUST_02371,2023-10-28,Hyderabad,Telangana,South,Loyal Customers
IND_CUST_02372,2023-01-06,Surat,Gujarat,West,New & Promising
IND_CUST_02373,2023-08-08,Warangal,Telangana,South,Lost Customers
IND_CUST_02374,2024-03-28,Dwarka,Delhi,North,New & Promising
IND_CUST_02375,2024-03-08,Nizamabad,Telangana,South,At Risk
IND_CUST_02376,2024-01-21,Mangaluru,Karnataka,South,Loyal Customers
IND_CUST_02377,2024-09-10,Bengaluru,Karnataka,South,New & Promising
IND_CUST_02378,2023-10-22,Varanasi,Uttar Pradesh,North,Lost Customers
IND_CUST_02379,2023-04-28,New Delhi,Delhi,North,New & Promising
IND_CUST_02380,2024-02-09,Varanasi,Uttar Pradesh,North,New & Promising
IND_CUST_02381,2024-08-16,Vadodara,Gujarat,West,New & Promising
IND_CUST_02382,2024-07-19,Rajkot,Gujarat,West,New & Promising
IND_CUST_02383,2023-01-12,Kolkata,West Bengal,East,Lost Customers
IND_CUST_02384,2023-07-28,South Delhi,Delhi,North,Lost Customers
IND_CUST_02385,2023-06-14,Mangaluru,Karnataka,South,Lost Customers
IND_CUST_02386,2023-10-21,Madurai,Tamil Nadu,South,At Risk
IND_CUST_02387,2024-06-02,Bengaluru,Karnataka,South,Champions
IND_CUST_02388,2023-03-19,Madurai,Tamil Nadu,South,New & Promising
IND_CUST_02389,2024-03-09,Hyderabad,Telangana,South,New & Promising
IND_CUST_02390,2024-07-30,Warangal,Telangana,South,New & Promising
IND_CUST_02391,2024-09-05,Mangaluru,Karnataka,South,New & Promising
IND_CUST_02392,2023-03-18,Nashik,Maharashtra,West,Lost Customers
IND_CUST_02393,2023-02-17,New Delhi,Delhi,North,Lost Customers
IND_CUST_02394,2023-03-23,Mumbai,Maharashtra,West,Loyal Customers
IND_CUST_02395,2023-07-28,Howrah,West Bengal,East,Potential Loyalists
IND_CUST_02396,2024-03-20,Mangaluru,Karnataka,South,New & Promising
IND_CUST_02397,2024-08-18,Mumbai,Maharashtra,West,Loyal Customers
IND_CUST_02398,2024-06-05,Pune,Maharashtra,West,New & Promising
IND_CUST_02399,2023-01-29,Coimbatore,Tamil Nadu,South,Lost Customers
IND_CUST_02400,2023-10-31,Chennai,Tamil Nadu,South,New & Promising
IND_CUST_02401,2024-04-09,Mangaluru,Karnataka,South,Potential Loyalists
IND_CUST_02402,2024-05-16,Nagpur,Maharashtra,West,New & Promising
IND_CUST_02403,2024-03-21,South Delhi,Delhi,North,Champions
IND_CUST_02404,2024-09-19,Mysuru,Karnataka,South,Potential Loyalists
IND_CUST_02405,2024-05-04,Nizamabad,Telangana,South,Potential Loyalists
IND_CUST_02406,2024-03-03,Madurai,Tamil Nadu,South,Loyal Customers
IND_CUST_02407,2024-07-12,Bengaluru,Karnataka,South,Champions
IND_CUST_02408,2023-12-25,Pune,Maharashtra,West,Champions
IND_CUST_02409,2023-04-01,Thrissur,Kerala,South,Lost Customers
IND_CUST_02410,2023-02-22,North Delhi,Delhi,North,Champions
IND_CUST_02411,2024-08-11,Hyderabad,Telangana,South,New & Promising
IND_CUST_02412,2023-07-23,Nagpur,Maharashtra,West,Lost Customers
IND_CUST_02413,2024-07-09,Dwarka,Delhi,North,Champions
IND_CUST_02414,2023-06-05,Pune,Maharashtra,West,New & Promising
IND_CUST_02415,2023-01-02,South Delhi,Delhi,North,Champions
IND_CUST_02416,2023-12-23,Jodhpur,Rajasthan,North,New & Promising
IND_CUST_02417,2024-07-22,Mangaluru,Karnataka,South,New & Promising
IND_CUST_02418,2023-02-27,Pune,Maharashtra,West,Champions
IND_CUST_02419,2023-09-11,Pune,Maharashtra,West,Lost Customers
IND_CUST_02420,2023-06-29,Mysuru,Karnataka,South,New & Promising
IND_CUST_02421,2024-05-07,Nagpur,Maharashtra,West,New & Promising
IND_CUST_02422,2024-10-30,Nashik,Maharashtra,West,Champions
IND_CUST_02423,2023-02-04,Kanpur,Uttar Pradesh,North,New & Promising
IND_CUST_02424,2023-03-16,South Delhi,Delhi,North,Loyal Customers
IND_CUST_02425,2023-10-16,Bengaluru,Karnataka,South,Lost Customers
IND_CUST_02426,2024-01-06,Howrah,West Bengal,East,New & Promising
IND_CUST_02427,2024-08-09,Pune,Maharashtra,West,New & Promising
IND_CUST_02428,2023-11-25,Kota,Rajasthan,North,Loyal Customers
IND_CUST_02429,2024-08-12,Mysuru,Karnataka,South,Loyal Customers
IND_CUST_02430,2023-10-31,Ahmedabad,Gujarat,West,Loyal Customers
IND_CUST_02431,2024-08-01,Madurai,Tamil Nadu,South,Champions
IND_CUST_02432,2023-08-09,Rajkot,Gujarat,West,Loyal Customers
IND_CUST_02433,2023-06-13,Thrissur,Kerala,South,Loyal Customers
IND_CUST_02434,2024-04-24,Mysuru,Karnataka,South,Lost Customers
IND_CUST_02435,2024-03-30,Kota,Rajasthan,North,New & Promising
IND_CUST_02436,2024-01-10,Hubballi,Karnataka,South,At Risk
IND_CUST_02437,2023-08-08,Mangaluru,Karnataka,South,Champions
IND_CUST_02438,2023-09-11,Hubballi,Karnataka,South,New & Promising
IND_CUST_02439,2023-07-07,Chennai,Tamil Nadu,South,Lost Customers
IND_CUST_02440,2023-07-10,Mumbai,Maharashtra,West,New & Promising
IND_CUST_02441,2024-01-24,Madurai,Tamil Nadu,South,Loyal Customers
IND_CUST_02442,2023-08-03,Coimbatore,Tamil Nadu,South,Champions
IND_CUST_02443,2024-01-10,Varanasi,Uttar Pradesh,North,Lost Customers
IND_CUST_02444,2023-03-27,Surat,Gujarat,West,Lost Customers
IND_CUST_02445,2024-04-18,Dwarka,Delhi,North,New & Promising
IND_CUST_02446,2024-09-09,Bengaluru,Karnataka,South,Lost Customers
IND_CUST_02447,2024-06-14,Bengaluru,Karnataka,South,Loyal Customers
IND_CUST_02448,2023-02-16,Mumbai,Maharashtra,West,New & Promising
IND_CUST_02449,2023-03-06,Nashik,Maharashtra,West,New & Promising
IND_CUST_02450,2024-04-19,Bengaluru,Karnataka,South,New & Promising
IND_CUST_02451,2023-05-26,Bengaluru,Karnataka,South,Loyal Customers
IND_CUST_02452,2024-01-17,Jaipur,Rajasthan,North,New & Promising
IND_CUST_02453,2023-03-07,Chennai,Tamil Nadu,South,New & Promising
IND_CUST_02454,2024-05-31,Mysuru,Karnataka,South,Champions
IND_CUST_02455,2023-04-03,Chennai,Tamil Nadu,South,Champions
IND_CUST_02456,2024-03-01,Mumbai,Maharashtra,West,Lost Customers
IND_CUST_02457,2024-04-12,North Delhi,Delhi,North,Lost Customers
IND_CUST_02458,2023-04-04,Coimbatore,Tamil Nadu,South,Lost Customers
IND_CUST_02459,2024-09-09,Dwarka,Delhi,North,New & Promising
IND_CUST_02460,2023-05-13,South Delhi,Delhi,North,New & Promising
IND_CUST_02461,2024-03-09,Kochi,Kerala,South,New & Promising
IND_CUST_02462,2023-12-07,Ahmedabad,Gujarat,West,New & Promising
IND_CUST_02463,2023-11-10,Chennai,Tamil Nadu,South,New & Promising
IND_CUST_02464,2024-08-13,Tiruchirappalli,Tamil Nadu,South,New & Promising
IND_CUST_02465,2023-07-31,Chennai,Tamil Nadu,South,Lost Customers
IND_CUST_02466,2024-06-03,Nagpur,Maharashtra,West,New & Promising
IND_CUST_02467,2023-06-08,Mysuru,Karnataka,South,Lost Customers
IND_CUST_02468,2023-09-25,Nashik,Maharashtra,West,Champions
IND_CUST_02469,2024-10-22,North Delhi,Delhi,North,New & Promising
IND_CUST_02470,2024-08-25,Chennai,Tamil Nadu,South,New & Promising
IND_CUST_02471,2024-04-18,Bengaluru,Karnataka,South,New & Promising
IND_CUST_02472,2024-02-14,Jaipur,Rajasthan,North,New & Promising
IND_CUST_02473,2024-04-18,Siliguri,West Bengal,East,New & Promising
IND_CUST_02474,2023-12-22,Nizamabad,Telangana,South,New & Promising
IND_CUST_02475,2023-07-12,Dwarka,Delhi,North,Champions
IND_CUST_02476,2023-09-28,Surat,Gujarat,West,At Risk
IND_CUST_02477,2023-04-24,Mumbai,Maharashtra,West,Lost Customers
IND_CUST_02478,2024-06-06,Noida,Uttar Pradesh,North,Champions
IND_CUST_02479,2023-02-24,Mumbai,Maharashtra,West,Loyal Customers
IND_CUST_02480,2023-03-06,Noida,Uttar Pradesh,North,Loyal Customers
IND_CUST_02481,2023-09-29,Hubballi,Karnataka,South,At Risk
IND_CUST_02482,2024-05-16,Surat,Gujarat,West,New & Promising
IND_CUST_02483,2024-10-23,Jodhpur,Rajasthan,North,New & Promising
IND_CUST_02484,2023-12-28,Nashik,Maharashtra,West,New & Promising
IND_CUST_02485,2023-05-26,South Delhi,Delhi,North,Loyal Customers
IND_CUST_02486,2023-07-28,Kochi,Kerala,South,Champions
IND_CUST_02487,2023-10-13,North Delhi,Delhi,North,Loyal Customers
IND_CUST_02488,2023-01-10,Surat,Gujarat,West,Loyal Customers
IND_CUST_02489,2023-07-05,Madurai,Tamil Nadu,South,New & Promising
IND_CUST_02490,2024-07-27,Mangaluru,Karnataka,South,New & Promising
IND_CUST_02491,2024-08-19,Mangaluru,Karnataka,South,New & Promising
IND_CUST_02492,2024-04-08,Mumbai,Maharashtra,West,New & Promising
IND_CUST_02493,2023-05-14,Varanasi,Uttar Pradesh,North,Loyal Customers
IND_CUST_02494,2023-06-20,Bengaluru,Karnataka,South,Lost Customers
IND_CUST_02495,2023-08-01,North Delhi,Delhi,North,New & Promising
IND_CUST_02496,2024-06-13,Dwarka,Delhi,North,New & Promising
IND_CUST_02497,2024-05-16,Tiruchirappalli,Tamil Nadu,South,New & Promising
IND_CUST_02498,2024-07-25,Vadodara,Gujarat,West,Lost Customers
IND_CUST_02499,2024-08-22,Kochi,Kerala,South,New & Promising
IND_CUST_02500,2023-01-27,Dwarka,Delhi,North,New & Promising
IND_CUST_02501,2023-03-09,Vadodara,Gujarat,West,Lost Customers
IND_CUST_02502,2024-02-12,Kanpur,Uttar Pradesh,North,Loyal Customers
IND_CUST_02503,2024-07-05,Madurai,Tamil Nadu,South,New & Promising
IND_CUST_02504,2023-04-19,Kota,Rajasthan,North,Lost Customers
IND_CUST_02505,2023-03-15,Nashik,Maharashtra,West,At Risk
IND_CUST_02506,2024-07-31,Nashik,Maharashtra,West,New & Promising
IND_CUST_02507,2023-09-19,Vadodara,Gujarat,West,New & Promising
IND_CUST_02508,2024-01-03,North Delhi,Delhi,North,Lost Customers
IND_CUST_02509,2023-08-25,Ahmedabad,Gujarat,West,Lost Customers
IND_CUST_02510,2024-01-01,Siliguri,West Bengal,East,New & Promising
IND_CUST_02511,2023-10-13,Nashik,Maharashtra,West,Loyal Customers
IND_CUST_02512,2024-01-13,Ahmedabad,Gujarat,West,Lost Customers
IND_CUST_02513,2024-10-22,North Delhi,Delhi,North,New & Promising
IND_CUST_02514,2024-01-11,New Delhi,Delhi,North,Champions
IND_CUST_02515,2024-09-10,Tiruchirappalli,Tamil Nadu,South,New & Promising
IND_CUST_02516,2024-10-14,Siliguri,West Bengal,East,Champions
IND_CUST_02517,2023-03-17,Nagpur,Maharashtra,West,At Risk
IND_CUST_02518,2023-01-09,Dwarka,Delhi,North,Potential Loyalists
IND_CUST_02519,2023-07-15,Nizamabad,Telangana,South,New & Promising
IND_CUST_02520,2024-09-21,Nizamabad,Telangana,South,Loyal Customers
IND_CUST_02521,2023-10-17,Nizamabad,Telangana,South,At Risk
IND_CUST_02522,2023-03-02,Nagpur,Maharashtra,West,New & Promising
IND_CUST_02523,2024-01-24,Mysuru,Karnataka,South,New & Promising
IND_CUST_02524,2024-07-16,Mysuru,Karnataka,South,New & Promising
IND_CUST_02525,2024-07-17,Lucknow,Uttar Pradesh,North,New & Promising
IND_CUST_02526,2024-09-25,Mangaluru,Karnataka,South,Loyal Customers
IND_CUST_02527,2023-01-08,Mumbai,Maharashtra,West,New & Promising
IND_CUST_02528,2024-01-04,Jaipur,Rajasthan,North,Champions
IND_CUST_02529,2023-02-14,Pune,Maharashtra,West,New & Promising
IND_CUST_02530,2023-12-10,Kochi,Kerala,South,Champions
IND_CUST_02531,2024-01-10,Hyderabad,Telangana,South,Lost Customers
IND_CUST_02532,2024-09-10,Vadodara,Gujarat,West,New & Promising
IND_CUST_02533,2023-01-27,Hubballi,Karnataka,South,Loyal Customers
IND_CUST_02534,2023-07-12,Nashik,Maharashtra,West,Lost Customers
IND_CUST_02535,2023-12-23,Hyderabad,Telangana,South,Loyal Customers
IND_CUST_02536,2023-03-03,Rajkot,Gujarat,West,Lost Customers
IND_CUST_02537,2023-03-03,Varanasi,Uttar Pradesh,North,New & Promising
IND_CUST_02538,2024-02-26,Mumbai,Maharashtra,West,New & Promising
IND_CUST_02539,2024-09-24,Lucknow,Uttar Pradesh,North,New & Promising
IND_CUST_02540,2024-07-04,Agra,Uttar Pradesh,North,Champions
IND_CUST_02541,2024-01-15,Nizamabad,Telangana,South,Loyal Customers
IND_CUST_02542,2023-10-04,Agra,Uttar Pradesh,North,New & Promising
IND_CUST_02543,2024-08-28,Surat,Gujarat,West,Champions
IND_CUST_02544,2024-03-06,Tiruchirappalli,Tamil Nadu,South,Lost Customers
IND_CUST_02545,2023-04-25,Nashik,Maharashtra,West,New & Promising
IND_CUST_02546,2023-05-01,South Delhi,Delhi,North,Lost Customers
IND_CUST_02547,2024-06-08,Nagpur,Maharashtra,West,New & Promising
IND_CUST_02548,2024-02-20,South Delhi,Delhi,North,New & Promising
IND_CUST_02549,2023-06-12,Dwarka,Delhi,North,Loyal Customers
IND_CUST_02550,2023-12-03,Nagpur,Maharashtra,West,New & Promising
IND_CUST_02551,2024-01-14,Bengaluru,Karnataka,South,Champions
IND_CUST_02552,2023-11-20,Nashik,Maharashtra,West,Lost Customers
IND_CUST_02553,2023-06-22,Lucknow,Uttar Pradesh,North,New & Promising
IND_CUST_02554,2023-03-05,Kota,Rajasthan,North,Loyal Customers
IND_CUST_02555,2023-04-11,Mumbai,Maharashtra,West,Lost Customers
IND_CUST_02556,2023-11-18,Jaipur,Rajasthan,North,Potential Loyalists
IND_CUST_02557,2023-03-07,South Delhi,Delhi,North,New & Promising
IND_CUST_02558,2024-07-10,Mangaluru,Karnataka,South,New & Promising
IND_CUST_02559,2024-08-21,Nashik,Maharashtra,West,New & Promising
IND_CUST_02560,2024-04-02,Dwarka,Delhi,North,Lost Customers
IND_CUST_02561,2024-08-01,Kanpur,Uttar Pradesh,North,New & Promising
IND_CUST_02562,2024-03-28,Hyderabad,Telangana,South,New & Promising
IND_CUST_02563,2023-09-16,Mumbai,Maharashtra,West,Lost Customers
IND_CUST_02564,2024-03-01,Nagpur,Maharashtra,West,Potential Loyalists
IND_CUST_02565,2023-06-27,New Delhi,Delhi,North,Lost Customers
IND_CUST_02566,2023-10-07,Bengaluru,Karnataka,South,Champions
IND_CUST_02567,2023-12-10,Hubballi,Karnataka,South,Lost Customers
IND_CUST_02568,2023-01-17,Bengaluru,Karnataka,South,New & Promising
IND_CUST_02569,2023-10-23,Lucknow,Uttar Pradesh,North,New & Promising
IND_CUST_02570,2023-07-21,Siliguri,West Bengal,East,Champions
IND_CUST_02571,2023-07-13,North Delhi,Delhi,North,New & Promising
IND_CUST_02572,2023-05-29,Kolkata,West Bengal,East,Potential Loyalists
IND_CUST_02573,2024-01-10,Bengaluru,Karnataka,South,Loyal Customers
IND_CUST_02574,2023-02-04,Dwarka,Delhi,North,New & Promising
IND_CUST_02575,2024-01-04,Hubballi,Karnataka,South,New & Promising
IND_CUST_02576,2023-01-29,Chennai,Tamil Nadu,South,New & Promising
IND_CUST_02577,2023-08-09,Kozhikode,Kerala,South,New & Promising
IND_CUST_02578,2023-02-22,Madurai,Tamil Nadu,South,Lost Customers
IND_CUST_02579,2023-12-19,Hubballi,Karnataka,South,New & Promising
IND_CUST_02580,2024-01-27,Madurai,Tamil Nadu,South,New & Promising
IND_CUST_02581,2023-03-17,Nagpur,Maharashtra,West,New & Promising
IND_CUST_02582,2024-05-08,Surat,Gujarat,West,Champions
IND_CUST_02583,2024-06-05,Dwarka,Delhi,North,New & Promising
IND_CUST_02584,2023-04-27,South Delhi,Delhi,North,At Risk
IND_CUST_02585,2023-10-07,Coimbatore,Tamil Nadu,South,Lost Customers
IND_CUST_02586,2023-06-24,Chennai,Tamil Nadu,South,New & Promising
IND_CUST_02587,2023-10-22,Nagpur,Maharashtra,West,New & Promising
IND_CUST_02588,2024-03-26,Hyderabad,Telangana,South,New & Promising
IND_CUST_02589,2024-06-01,Hubballi,Karnataka,South,New & Promising
IND_CUST_02590,2023-01-21,Warangal,Telangana,South,New & Promising
IND_CUST_02591,2023-03-14,Surat,Gujarat,West,New & Promising
IND_CUST_02592,2023-02-05,Noida,Uttar Pradesh,North,New & Promising
IND_CUST_02593,2024-05-21,Tiruchirappalli,Tamil Nadu,South,Loyal Customers
IND_CUST_02594,2023-08-21,South Delhi,Delhi,North,New & Promising
IND_CUST_02595,2024-05-11,Mumbai,Maharashtra,West,Champions
IND_CUST_02596,2023-07-25,Noida,Uttar Pradesh,North,New & Promising
IND_CUST_02597,2024-03-01,Mysuru,Karnataka,South,Loyal Customers
IND_CUST_02598,2023-02-13,Dwarka,Delhi,North,Lost Customers
IND_CUST_02599,2023-04-01,Mangaluru,Karnataka,South,Lost Customers
IND_CUST_02600,2024-04-14,Pune,Maharashtra,West,New & Promising
IND_CUST_02601,2024-08-27,Coimbatore,Tamil Nadu,South,New & Promising
IND_CUST_02602,2024-04-11,Nagpur,Maharashtra,West,Champions
IND_CUST_02603,2024-03-29,Varanasi,Uttar Pradesh,North,New & Promising
IND_CUST_02604,2024-08-17,Mysuru,Karnataka,South,New & Promising
IND_CUST_02605,2023-11-29,Mumbai,Maharashtra,West,New & Promising
IND_CUST_02606,2024-05-21,New Delhi,Delhi,North,New & Promising
IND_CUST_02607,2024-04-14,Nashik,Maharashtra,West,New & Promising
IND_CUST_02608,2023-01-21,Hubballi,Karnataka,South,Champions
IND_CUST_02609,2023-08-16,Warangal,Telangana,South,Loyal Customers
IND_CUST_02610,2024-01-11,Mumbai,Maharashtra,West,Lost Customers
IND_CUST_02611,2023-05-10,Surat,Gujarat,West,New & Promising
IND_CUST_02612,2024-09-11,Nashik,Maharashtra,West,New & Promising
IND_CUST_02613,2024-02-18,Mangaluru,Karnataka,South,Loyal Customers
IND_CUST_02614,2023-03-12,Noida,Uttar Pradesh,North,Lost Customers
IND_CUST_02615,2024-02-08,Mangaluru,Karnataka,South,Potential Loyalists
IND_CUST_02616,2024-07-15,Nagpur,Maharashtra,West,Champions
IND_CUST_02617,2024-08-29,Mangaluru,Karnataka,South,New & Promising
IND_CUST_02618,2024-02-01,Mangaluru,Karnataka,South,Loyal Customers
IND_CUST_02619,2023-12-03,Rajkot,Gujarat,West,New & Promising
IND_CUST_02620,2024-10-05,Mysuru,Karnataka,South,Potential Loyalists
IND_CUST_02621,2024-05-19,Agra,Uttar Pradesh,North,New & Promising
IND_CUST_02622,2023-10-03,Kolkata,West Bengal,East,Loyal Customers
IND_CUST_02623,2023-01-13,New Delhi,Delhi,North,At Risk
IND_CUST_02624,2023-01-03,Durgapur,West Bengal,East,Loyal Customers
IND_CUST_02625,2023-08-12,Mysuru,Karnataka,South,Loyal Customers
IND_CUST_02626,2023-06-24,Udaipur,Rajasthan,North,Potential Loyalists
IND_CUST_02627,2024-01-20,Nashik,Maharashtra,West,New & Promising
IND_CUST_02628,2024-08-24,Nizamabad,Telangana,South,Loyal Customers
IND_CUST_02629,2023-08-29,New Delhi,Delhi,North,Lost Customers
IND_CUST_02630,2024-06-30,Hubballi,Karnataka,South,At Risk
IND_CUST_02631,2023-01-14,Chennai,Tamil Nadu,South,New & Promising
IND_CUST_02632,2023-07-14,Nizamabad,Telangana,South,Champions
IND_CUST_02633,2024-02-01,Pune,Maharashtra,West,New & Promising
IND_CUST_02634,2024-03-06,Nashik,Maharashtra,West,Champions
IND_CUST_02635,2023-11-02,Hyderabad,Telangana,South,New & Promising
IND_CUST_02636,2023-11-30,Nizamabad,Telangana,South,New & Promising
IND_CUST_02637,2024-02-14,Jodhpur,Rajasthan,North,New & Promising
IND_CUST_02638,2023-01-03,Lucknow,Uttar Pradesh,North,New & Promising
IND_CUST_02639,2024-07-05,Kota,Rajasthan,North,Loyal Customers
IND_CUST_02640,2024-03-27,Nizamabad,Telangana,South,Champions
IND_CUST_02641,2024-05-09,Mangaluru,Karnataka,South,Champions
IND_CUST_02642,2024-02-21,Nagpur,Maharashtra,West,Champions
IND_CUST_02643,2024-01-26,Lucknow,Uttar Pradesh,North,New & Promising
IND_CUST_02644,2024-01-08,Coimbatore,Tamil Nadu,South,New & Promising
IND_CUST_02645,2024-09-19,Nashik,Maharashtra,West,New & Promising
IND_CUST_02646,2023-02-21,Mysuru,Karnataka,South,Lost Customers
IND_CUST_02647,2024-01-11,Jaipur,Rajasthan,North,New & Promising
IND_CUST_02648,2024-01-30,North Delhi,Delhi,North,Champions
IND_CUST_02649,2023-05-22,New Delhi,Delhi,North,New & Promising
IND_CUST_02650,2023-03-27,North Delhi,Delhi,North,Champions
IND_CUST_02651,2024-04-08,Nashik,Maharashtra,West,New & Promising
IND_CUST_02652,2023-02-15,Mangaluru,Karnataka,South,Potential Loyalists
IND_CUST_02653,2023-08-26,Bengaluru,Karnataka,South,Loyal Customers
IND_CUST_02654,2023-01-10,Nashik,Maharashtra,West,Loyal Customers
IND_CUST_02655,2024-10-25,Lucknow,Uttar Pradesh,North,Potential Loyalists
IND_CUST_02656,2024-07-26,Dwarka,Delhi,North,Champions
IND_CUST_02657,2024-06-13,Surat,Gujarat,West,Champions
IND_CUST_02658,2024-08-20,Vadodara,Gujarat,West,New & Promising
IND_CUST_02659,2024-10-10,Nagpur,Maharashtra,West,New & Promising
IND_CUST_02660,2024-10-01,Warangal,Telangana,South,Loyal Customers
IND_CUST_02661,2024-09-07,Dwarka,Delhi,North,Potential Loyalists
IND_CUST_02662,2023-06-27,Ahmedabad,Gujarat,West,Lost Customers
IND_CUST_02663,2023-01-06,Nashik,Maharashtra,West,New & Promising
IND_CUST_02664,2023-11-03,Hyderabad,Telangana,South,Lost Customers
IND_CUST_02665,2024-07-01,Tiruchirappalli,Tamil Nadu,South,Loyal Customers
IND_CUST_02666,2023-11-23,Mysuru,Karnataka,South,Lost Customers
IND_CUST_02667,2023-12-22,Nagpur,Maharashtra,West,Loyal Customers
IND_CUST_02668,2024-01-30,Hyderabad,Telangana,South,New & Promising
IND_CUST_02669,2023-10-27,Nizamabad,Telangana,South,New & Promising
IND_CUST_02670,2024-06-09,Bengaluru,Karnataka,South,Lost Customers
IND_CUST_02671,2023-10-12,Coimbatore,Tamil Nadu,South,Champions
IND_CUST_02672,2023-11-26,Hubballi,Karnataka,South,New & Promising
IND_CUST_02673,2023-02-19,Hyderabad,Telangana,South,New & Promising
IND_CUST_02674,2024-09-13,Nashik,Maharashtra,West,Loyal Customers
IND_CUST_02675,2024-01-13,Howrah,West Bengal,East,Lost Customers
IND_CUST_02676,2024-08-22,Mysuru,Karnataka,South,New & Promising
IND_CUST_02677,2024-06-21,Mysuru,Karnataka,South,Lost Customers
IND_CUST_02678,2023-05-24,Nashik,Maharashtra,West,New & Promising
IND_CUST_02679,2023-03-01,Nashik,Maharashtra,West,Loyal Customers
IND_CUST_02680,2023-03-16,South Delhi,Delhi,North,New & Promising
IND_CUST_02681,2023-01-03,Mangaluru,Karnataka,South,At Risk
IND_CUST_02682,2024-07-28,Vadodara,Gujarat,West,Champions
IND_CUST_02683,2024-03-23,Pune,Maharashtra,West,Lost Customers
IND_CUST_02684,2023-10-02,Hubballi,Karnataka,South,New & Promising
IND_CUST_02685,2024-06-13,Bengaluru,Karnataka,South,Lost Customers
IND_CUST_02686,2024-08-14,Pune,Maharashtra,West,New & Promising
IND_CUST_02687,2023-08-03,Pune,Maharashtra,West,Lost Customers
IND_CUST_02688,2024-04-29,South Delhi,Delhi,North,Loyal Customers
IND_CUST_02689,2023-11-25,North Delhi,Delhi,North,New & Promising
IND_CUST_02690,2023-09-12,Dwarka,Delhi,North,New & Promising
IND_CUST_02691,2024-01-22,New Delhi,Delhi,North,Champions
IND_CUST_02692,2023-05-06,Madurai,Tamil Nadu,South,Lost Customers
IND_CUST_02693,2024-08-06,Nagpur,Maharashtra,West,New & Promising
IND_CUST_02694,2024-07-03,North Delhi,Delhi,North,New & Promising
IND_CUST_02695,2023-11-20,Kota,Rajasthan,North,At Risk
IND_CUST_02696,2023-07-23,North Delhi,Delhi,North,Loyal Customers
IND_CUST_02697,2023-06-21,Warangal,Telangana,South,New & Promising
IND_CUST_02698,2023-08-05,Hubballi,Karnataka,South,Lost Customers
IND_CUST_02699,2023-09-02,Lucknow,Uttar Pradesh,North,Lost Customers
IND_CUST_02700,2023-12-02,Noida,Uttar Pradesh,North,Lost Customers
IND_CUST_02701,2023-10-25,North Delhi,Delhi,North,New & Promising
IND_CUST_02702,2023-07-01,Thiruvananthapuram,Kerala,South,Lost Customers
IND_CUST_02703,2023-11-30,Nagpur,Maharashtra,West,Loyal Customers
IND_CUST_02704,2024-05-25,Pune,Maharashtra,West,New & Promising
IND_CUST_02705,2024-01-18,Noida,Uttar Pradesh,North,Lost Customers
IND_CUST_02706,2023-07-18,Agra,Uttar Pradesh,North,Loyal Customers
IND_CUST_02707,2023-11-28,Nagpur,Maharashtra,West,Lost Customers
IND_CUST_02708,2023-06-14,Hubballi,Karnataka,South,New & Promising
IND_CUST_02709,2023-08-30,Pune,Maharashtra,West,New & Promising
IND_CUST_02710,2024-10-03,Mangaluru,Karnataka,South,Champions
IND_CUST_02711,2023-08-15,Lucknow,Uttar Pradesh,North,Loyal Customers
IND_CUST_02712,2024-09-25,New Delhi,Delhi,North,New & Promising
IND_CUST_02713,2024-07-09,Mangaluru,Karnataka,South,New & Promising
IND_CUST_02714,2024-03-26,Mangaluru,Karnataka,South,New & Promising
IND_CUST_02715,2023-07-15,Nashik,Maharashtra,West,Loyal Customers
IND_CUST_02716,2023-07-23,Mysuru,Karnataka,South,New & Promising
IND_CUST_02717,2024-04-02,Chennai,Tamil Nadu,South,Potential Loyalists
IND_CUST_02718,2023-09-14,Kozhikode,Kerala,South,New & Promising
IND_CUST_02719,2024-06-12,Surat,Gujarat,West,Champions
IND_CUST_02720,2023-09-29,Nagpur,Maharashtra,West,Potential Loyalists
IND_CUST_02721,2023-01-09,Durgapur,West Bengal,East,Lost Customers
IND_CUST_02722,2023-07-20,Lucknow,Uttar Pradesh,North,Champions
IND_CUST_02723,2023-02-28,Agra,Uttar Pradesh,North,Lost Customers
IND_CUST_02724,2024-01-28,Dwarka,Delhi,North,New & Promising
IND_CUST_02725,2024-10-13,Hubballi,Karnataka,South,Champions
IND_CUST_02726,2023-04-29,Hubballi,Karnataka,South,New & Promising
IND_CUST_02727,2024-07-06,Pune,Maharashtra,West,Champions
IND_CUST_02728,2024-02-03,Hubballi,Karnataka,South,New & Promising
IND_CUST_02729,2023-11-27,Bengaluru,Karnataka,South,New & Promising
IND_CUST_02730,2023-09-24,Dwarka,Delhi,North,Loyal Customers
IND_CUST_02731,2024-06-03,Lucknow,Uttar Pradesh,North,Lost Customers
IND_CUST_02732,2024-04-24,South Delhi,Delhi,North,New & Promising
IND_CUST_02733,2023-05-14,Pune,Maharashtra,West,New & Promising
IND_CUST_02734,2023-12-21,Jodhpur,Rajasthan,North,Potential Loyalists
IND_CUST_02735,2024-08-06,Udaipur,Rajasthan,North,Champions
IND_CUST_02736,2024-05-12,Noida,Uttar Pradesh,North,Lost Customers
IND_CUST_02737,2024-09-16,Thiruvananthapuram,Kerala,South,Loyal Customers
IND_CUST_02738,2023-04-17,Madurai,Tamil Nadu,South,New & Promising
IND_CUST_02739,2023-10-17,Jodhpur,Rajasthan,North,New & Promising
IND_CUST_02740,2024-09-20,Nashik,Maharashtra,West,Loyal Customers
IND_CUST_02741,2024-09-23,Bengaluru,Karnataka,South,Loyal Customers
IND_CUST_02742,2023-05-27,Bengaluru,Karnataka,South,Champions
IND_CUST_02743,2023-11-23,Nashik,Maharashtra,West,At Risk
IND_CUST_02744,2024-02-19,Nashik,Maharashtra,West,Lost Customers
IND_CUST_02745,2023-07-29,Coimbatore,Tamil Nadu,South,Loyal Customers
IND_CUST_02746,2023-10-23,Varanasi,Uttar Pradesh,North,Loyal Customers
IND_CUST_02747,2024-02-02,Chennai,Tamil Nadu,South,New & Promising
IND_CUST_02748,2023-04-13,Nashik,Maharashtra,West,Lost Customers
IND_CUST_02749,2024-09-27,Kanpur,Uttar Pradesh,North,Champions
IND_CUST_02750,2024-05-22,Madurai,Tamil Nadu,South,New & Promising
IND_CUST_02751,2023-07-28,Mysuru,Karnataka,South,New & Promising
IND_CUST_02752,2024-03-03,Hyderabad,Telangana,South,Loyal Customers
IND_CUST_02753,2024-01-28,Hubballi,Karnataka,South,At Risk
IND_CUST_02754,2023-04-19,Mangaluru,Karnataka,South,New & Promising
IND_CUST_02755,2023-12-14,Siliguri,West Bengal,East,New & Promising
IND_CUST_02756,2023-02-19,Hubballi,Karnataka,South,At Risk
IND_CUST_02757,2023-04-15,North Delhi,Delhi,North,At Risk
IND_CUST_02758,2024-02-24,Durgapur,West Bengal,East,Champions
IND_CUST_02759,2024-01-08,Warangal,Telangana,South,New & Promising
IND_CUST_02760,2023-01-27,Nashik,Maharashtra,West,Lost Customers
IND_CUST_02761,2023-09-30,Nashik,Maharashtra,West,New & Promising
IND_CUST_02762,2024-10-10,Nagpur,Maharashtra,West,New & Promising
IND_CUST_02763,2023-12-06,Madurai,Tamil Nadu,South,New & Promising
IND_CUST_02764,2023-10-28,Dwarka,Delhi,North,New & Promising
IND_CUST_02765,2024-04-24,Mumbai,Maharashtra,West,At Risk
IND_CUST_02766,2024-06-27,Jaipur,Rajasthan,North,At Risk
IND_CUST_02767,2024-07-10,Dwarka,Delhi,North,Loyal Customers
IND_CUST_02768,2023-09-22,Bengaluru,Karnataka,South,New & Promising
IND_CUST_02769,2024-06-25,North Delhi,Delhi,North,New & Promising
IND_CUST_02770,2024-08-18,Nizamabad,Telangana,South,New & Promising
IND_CUST_02771,2023-06-15,Pune,Maharashtra,West,New & Promising
IND_CUST_02772,2023-11-12,Hubballi,Karnataka,South,Lost Customers
IND_CUST_02773,2023-01-01,Noida,Uttar Pradesh,North,Lost Customers
IND_CUST_02774,2023-09-18,New Delhi,Delhi,North,Loyal Customers
IND_CUST_02775,2023-03-04,Tiruchirappalli,Tamil Nadu,South,Champions
IND_CUST_02776,2024-04-27,New Delhi,Delhi,North,Potential Loyalists
IND_CUST_02777,2023-11-17,Mumbai,Maharashtra,West,Loyal Customers
IND_CUST_02778,2023-07-20,Nashik,Maharashtra,West,At Risk
IND_CUST_02779,2023-08-10,Dwarka,Delhi,North,Champions
IND_CUST_02780,2023-06-01,Nagpur,Maharashtra,West,Loyal Customers
IND_CUST_02781,2024-10-05,Mumbai,Maharashtra,West,New & Promising
IND_CUST_02782,2024-09-17,Vadodara,Gujarat,West,Loyal Customers
IND_CUST_02783,2024-04-06,Kozhikode,Kerala,South,New & Promising
IND_CUST_02784,2023-08-05,Lucknow,Uttar Pradesh,North,Lost Customers
IND_CUST_02785,2023-07-15,Ahmedabad,Gujarat,West,Champions
IND_CUST_02786,2023-07-21,Bengaluru,Karnataka,South,New & Promising
IND_CUST_02787,2024-10-08,Jodhpur,Rajasthan,North,New & Promising
IND_CUST_02788,2023-08-22,Nagpur,Maharashtra,West,At Risk
IND_CUST_02789,2023-05-21,Jaipur,Rajasthan,North,Lost Customers
IND_CUST_02790,2024-05-12,Kozhikode,Kerala,South,Loyal Customers
IND_CUST_02791,2024-07-08,Warangal,Telangana,South,New & Promising
IND_CUST_02792,2023-02-26,Thrissur,Kerala,South,At Risk
IND_CUST_02793,2024-05-18,Madurai,Tamil Nadu,South,Champions
IND_CUST_02794,2023-05-22,Bengaluru,Karnataka,South,Loyal Customers
IND_CUST_02795,2024-08-06,Dwarka,Delhi,North,Champions
IND_CUST_02796,2024-06-22,Madurai,Tamil Nadu,South,At Risk
IND_CUST_02797,2024-10-01,Nagpur,Maharashtra,West,New & Promising
IND_CUST_02798,2023-04-16,Tiruchirappalli,Tamil Nadu,South,Lost Customers
IND_CUST_02799,2023-06-14,Thrissur,Kerala,South,Loyal Customers
IND_CUST_02800,2023-08-03,Nashik,Maharashtra,West,Lost Customers
IND_CUST_02801,2023-03-12,Noida,Uttar Pradesh,North,New & Promising
IND_CUST_02802,2024-10-26,Kolkata,West Bengal,East,Champions
IND_CUST_02803,2024-08-01,Udaipur,Rajasthan,North,Loyal Customers
IND_CUST_02804,2023-03-31,Udaipur,Rajasthan,North,Champions
IND_CUST_02805,2023-08-16,North Delhi,Delhi,North,Loyal Customers
IND_CUST_02806,2023-03-20,Kochi,Kerala,South,New & Promising
IND_CUST_02807,2024-08-30,Noida,Uttar Pradesh,North,New & Promising
IND_CUST_02808,2023-12-15,Nashik,Maharashtra,West,At Risk
IND_CUST_02809,2023-09-03,North Delhi,Delhi,North,New & Promising
IND_CUST_02810,2023-09-29,Nizamabad,Telangana,South,Champions
IND_CUST_02811,2024-02-07,Hubballi,Karnataka,South,Loyal Customers
IND_CUST_02812,2024-10-30,Madurai,Tamil Nadu,South,Loyal Customers
IND_CUST_02813,2023-04-26,Hyderabad,Telangana,South,At Risk
IND_CUST_02814,2024-03-10,Nashik,Maharashtra,West,New & Promising
IND_CUST_02815,2024-06-13,Coimbatore,Tamil Nadu,South,Loyal Customers
IND_CUST_02816,2024-03-17,Agra,Uttar Pradesh,North,New & Promising
IND_CUST_02817,2023-06-21,South Delhi,Delhi,North,Champions
IND_CUST_02818,2023-01-16,Pune,Maharashtra,West,New & Promising
IND_CUST_02819,2023-02-25,Nagpur,Maharashtra,West,Loyal Customers
IND_CUST_02820,2024-08-13,Hubballi,Karnataka,South,New & Promising
IND_CUST_02821,2023-04-13,Kolkata,West Bengal,East,New & Promising
IND_CUST_02822,2023-10-11,Hubballi,Karnataka,South,New & Promising
IND_CUST_02823,2024-05-31,Coimbatore,Tamil Nadu,South,Champions
IND_CUST_02824,2024-09-09,Hubballi,Karnataka,South,Potential Loyalists
IND_CUST_02825,2023-10-05,Mangaluru,Karnataka,South,New & Promising
IND_CUST_02826,2024-09-03,Vadodara,Gujarat,West,New & Promising
IND_CUST_02827,2023-09-26,Hyderabad,Telangana,South,New & Promising
IND_CUST_02828,2024-02-04,Pune,Maharashtra,West,New & Promising
IND_CUST_02829,2024-05-17,New Delhi,Delhi,North,Loyal Customers
IND_CUST_02830,2023-03-27,Nashik,Maharashtra,West,Lost Customers
IND_CUST_02831,2023-11-16,South Delhi,Delhi,North,Lost Customers
IND_CUST_02832,2023-02-01,Hyderabad,Telangana,South,At Risk
IND_CUST_02833,2023-12-02,Mumbai,Maharashtra,West,New & Promising
IND_CUST_02834,2023-02-20,Bengaluru,Karnataka,South,Lost Customers
IND_CUST_02835,2023-03-20,Bengaluru,Karnataka,South,Loyal Customers
IND_CUST_02836,2023-06-23,Durgapur,West Bengal,East,Champions
IND_CUST_02837,2024-09-09,Thrissur,Kerala,South,Potential Loyalists
IND_CUST_02838,2024-05-15,Nagpur,Maharashtra,West,Champions
IND_CUST_02839,2024-07-28,Agra,Uttar Pradesh,North,Champions
IND_CUST_02840,2023-03-17,Bengaluru,Karnataka,South,New & Promising
IND_CUST_02841,2023-11-12,Mysuru,Karnataka,South,Lost Customers
IND_CUST_02842,2024-01-08,Noida,Uttar Pradesh,North,Champions
IND_CUST_02843,2023-03-22,Howrah,West Bengal,East,New & Promising
IND_CUST_02844,2024-10-01,Udaipur,Rajasthan,North,New & Promising
IND_CUST_02845,2023-03-12,Tiruchirappalli,Tamil Nadu,South,Lost Customers
IND_CUST_02846,2024-10-27,Mysuru,Karnataka,South,New & Promising
IND_CUST_02847,2024-10-13,Agra,Uttar Pradesh,North,New & Promising
IND_CUST_02848,2023-03-12,Mysuru,Karnataka,South,New & Promising
IND_CUST_02849,2023-02-15,Madurai,Tamil Nadu,South,Loyal Customers
IND_CUST_02850,2023-02-16,Bengaluru,Karnataka,South,Lost Customers
IND_CUST_02851,2024-08-13,Nizamabad,Telangana,South,New & Promising
IND_CUST_02852,2024-02-26,Hubballi,Karnataka,South,New & Promising
IND_CUST_02853,2023-05-29,Pune,Maharashtra,West,At Risk
IND_CUST_02854,2023-05-10,Siliguri,West Bengal,East,Champions
IND_CUST_02855,2024-03-31,Mumbai,Maharashtra,West,Loyal Customers
IND_CUST_02856,2024-09-30,South Delhi,Delhi,North,New & Promising
IND_CUST_02857,2024-09-22,Hubballi,Karnataka,South,Loyal Customers
IND_CUST_02858,2024-05-19,Pune,Maharashtra,West,New & Promising
IND_CUST_02859,2023-09-01,Nagpur,Maharashtra,West,At Risk
IND_CUST_02860,2024-04-18,Nashik,Maharashtra,West,At Risk
IND_CUST_02861,2024-01-17,Surat,Gujarat,West,New & Promising
IND_CUST_02862,2023-04-13,Mysuru,Karnataka,South,Lost Customers
IND_CUST_02863,2024-05-03,Jaipur,Rajasthan,North,New & Promising
IND_CUST_02864,2023-02-06,Chennai,Tamil Nadu,South,New & Promising
IND_CUST_02865,2024-10-15,New Delhi,Delhi,North,Champions
IND_CUST_02866,2024-07-02,Chennai,Tamil Nadu,South,Champions
IND_CUST_02867,2024-06-03,Dwarka,Delhi,North,New & Promising
IND_CUST_02868,2023-11-29,Noida,Uttar Pradesh,North,Loyal Customers
IND_CUST_02869,2024-02-01,Bengaluru,Karnataka,South,Lost Customers
IND_CUST_02870,2023-10-23,Bengaluru,Karnataka,South,At Risk
IND_CUST_02871,2023-04-17,Siliguri,West Bengal,East,Lost Customers
IND_CUST_02872,2024-06-13,Jaipur,Rajasthan,North,New & Promising
IND_CUST_02873,2023-03-24,Siliguri,West Bengal,East,Champions
IND_CUST_02874,2023-10-15,North Delhi,Delhi,North,Lost Customers
IND_CUST_02875,2024-04-05,Lucknow,Uttar Pradesh,North,New & Promising
IND_CUST_02876,2023-08-03,North Delhi,Delhi,North,New & Promising
IND_CUST_02877,2023-10-08,Dwarka,Delhi,North,At Risk
IND_CUST_02878,2024-04-03,Nagpur,Maharashtra,West,New & Promising
IND_CUST_02879,2023-12-10,Chennai,Tamil Nadu,South,Champions
IND_CUST_02880,2023-07-13,Mumbai,Maharashtra,West,New & Promising
IND_CUST_02881,2023-06-07,Bengaluru,Karnataka,South,Lost Customers
IND_CUST_02882,2024-04-09,Ahmedabad,Gujarat,West,Potential Loyalists
IND_CUST_02883,2023-04-14,Nashik,Maharashtra,West,New & Promising
IND_CUST_02884,2023-02-03,Mumbai,Maharashtra,West,At Risk
IND_CUST_02885,2023-04-12,Nashik,Maharashtra,West,New & Promising
IND_CUST_02886,2024-09-30,Udaipur,Rajasthan,North,Loyal Customers
IND_CUST_02887,2023-11-21,North Delhi,Delhi,North,New & Promising
IND_CUST_02888,2024-08-14,New Delhi,Delhi,North,Lost Customers
IND_CUST_02889,2023-05-21,Kanpur,Uttar Pradesh,North,Lost Customers
IND_CUST_02890,2024-04-18,Ahmedabad,Gujarat,West,Lost Customers
IND_CUST_02891,2023-01-31,Hubballi,Karnataka,South,Loyal Customers
IND_CUST_02892,2023-03-04,Warangal,Telangana,South,At Risk
IND_CUST_02893,2024-07-13,Agra,Uttar Pradesh,North,New & Promising
IND_CUST_02894,2023-03-28,Hyderabad,Telangana,South,New & Promising
IND_CUST_02895,2023-10-31,Pune,Maharashtra,West,New & Promising
IND_CUST_02896,2023-03-02,Ahmedabad,Gujarat,West,New & Promising
IND_CUST_02897,2024-01-31,New Delhi,Delhi,North,New & Promising
IND_CUST_02898,2023-11-30,Mysuru,Karnataka,South,Potential Loyalists
IND_CUST_02899,2024-02-15,New Delhi,Delhi,North,Lost Customers
IND_CUST_02900,2023-10-11,Mumbai,Maharashtra,West,Loyal Customers
IND_CUST_02901,2024-04-10,Pune,Maharashtra,West,New & Promising
IND_CUST_02902,2023-03-21,Agra,Uttar Pradesh,North,Lost Customers
IND_CUST_02903,2023-03-18,Nashik,Maharashtra,West,New & Promising
IND_CUST_02904,2024-06-23,Dwarka,Delhi,North,New & Promising
IND_CUST_02905,2023-12-27,North Delhi,Delhi,North,Lost Customers
IND_CUST_02906,2023-03-18,Nashik,Maharashtra,West,Lost Customers
IND_CUST_02907,2024-05-23,Kochi,Kerala,South,New & Promising
IND_CUST_02908,2023-06-13,Bengaluru,Karnataka,South,Champions
IND_CUST_02909,2023-01-09,Mysuru,Karnataka,South,Champions
IND_CUST_02910,2023-06-24,Bengaluru,Karnataka,South,New & Promising
IND_CUST_02911,2024-04-06,Hubballi,Karnataka,South,Champions
IND_CUST_02912,2023-11-03,Mumbai,Maharashtra,West,New & Promising
IND_CUST_02913,2024-08-10,Warangal,Telangana,South,New & Promising
IND_CUST_02914,2023-09-02,Udaipur,Rajasthan,North,Champions
IND_CUST_02915,2023-05-02,Hubballi,Karnataka,South,Loyal Customers
IND_CUST_02916,2023-07-04,Hyderabad,Telangana,South,Champions
IND_CUST_02917,2023-02-01,Varanasi,Uttar Pradesh,North,Lost Customers
IND_CUST_02918,2024-07-22,Ahmedabad,Gujarat,West,Loyal Customers
IND_CUST_02919,2023-11-06,New Delhi,Delhi,North,New & Promising
IND_CUST_02920,2024-01-07,Mysuru,Karnataka,South,New & Promising
IND_CUST_02921,2024-10-17,Mangaluru,Karnataka,South,New & Promising
IND_CUST_02922,2024-08-18,Warangal,Telangana,South,Loyal Customers
IND_CUST_02923,2023-02-25,Varanasi,Uttar Pradesh,North,New & Promising
IND_CUST_02924,2023-09-30,Mumbai,Maharashtra,West,Loyal Customers
IND_CUST_02925,2024-04-08,Mangaluru,Karnataka,South,New & Promising
IND_CUST_02926,2024-03-31,Durgapur,West Bengal,East,Champions
IND_CUST_02927,2023-09-06,Kanpur,Uttar Pradesh,North,New & Promising
IND_CUST_02928,2023-03-19,Kochi,Kerala,South,Champions
IND_CUST_02929,2024-06-17,Kanpur,Uttar Pradesh,North,New & Promising
IND_CUST_02930,2023-04-18,Bengaluru,Karnataka,South,New & Promising
IND_CUST_02931,2023-09-30,Coimbatore,Tamil Nadu,South,Champions
IND_CUST_02932,2023-01-15,Nizamabad,Telangana,South,Loyal Customers
IND_CUST_02933,2024-01-05,Pune,Maharashtra,West,At Risk
IND_CUST_02934,2023-10-31,Tiruchirappalli,Tamil Nadu,South,Loyal Customers
IND_CUST_02935,2023-07-24,Warangal,Telangana,South,Lost Customers
IND_CUST_02936,2023-04-23,Pune,Maharashtra,West,Lost Customers
IND_CUST_02937,2023-09-10,Noida,Uttar Pradesh,North,New & Promising
IND_CUST_02938,2024-03-16,Madurai,Tamil Nadu,South,Champions
IND_CUST_02939,2023-07-05,Jaipur,Rajasthan,North,Lost Customers
IND_CUST_02940,2023-08-15,Mumbai,Maharashtra,West,New & Promising
IND_CUST_02941,2024-06-11,Bengaluru,Karnataka,South,At Risk
IND_CUST_02942,2024-10-29,Coimbatore,Tamil Nadu,South,Potential Loyalists
IND_CUST_02943,2023-12-20,Bengaluru,Karnataka,South,At Risk
IND_CUST_02944,2024-09-14,Nizamabad,Telangana,South,New & Promising
IND_CUST_02945,2023-01-01,Noida,Uttar Pradesh,North,New & Promising
IND_CUST_02946,2024-07-06,Nashik,Maharashtra,West,New & Promising
IND_CUST_02947,2024-07-13,North Delhi,Delhi,North,Potential Loyalists
IND_CUST_02948,2024-02-24,Dwarka,Delhi,North,Champions
IND_CUST_02949,2024-09-11,Hubballi,Karnataka,South,Lost Customers
IND_CUST_02950,2023-06-10,Siliguri,West Bengal,East,Lost Customers
IND_CUST_02951,2023-06-10,Vadodara,Gujarat,West,New & Promising
IND_CUST_02952,2023-05-08,Nizamabad,Telangana,South,New & Promising
IND_CUST_02953,2023-05-31,Hyderabad,Telangana,South,Champions
IND_CUST_02954,2024-03-19,North Delhi,Delhi,North,Champions
IND_CUST_02955,2024-04-15,Siliguri,West Bengal,East,Potential Loyalists
IND_CUST_02956,2024-04-07,Nizamabad,Telangana,South,New & Promising
IND_CUST_02957,2023-01-30,Warangal,Telangana,South,New & Promising
IND_CUST_02958,2024-04-17,Rajkot,Gujarat,West,New & Promising
IND_CUST_02959,2024-07-10,Mangaluru,Karnataka,South,New & Promising
IND_CUST_02960,2023-03-21,Varanasi,Uttar Pradesh,North,New & Promising
IND_CUST_02961,2023-02-08,Mumbai,Maharashtra,West,New & Promising
IND_CUST_02962,2023-08-28,Hubballi,Karnataka,South,Lost Customers
IND_CUST_02963,2024-07-10,Bengaluru,Karnataka,South,Potential Loyalists
IND_CUST_02964,2024-08-12,Thrissur,Kerala,South,Loyal Customers
IND_CUST_02965,2023-12-03,Ahmedabad,Gujarat,West,Champions
IND_CUST_02966,2023-10-07,Hyderabad,Telangana,South,Lost Customers
IND_CUST_02967,2023-04-26,Hyderabad,Telangana,South,Lost Customers
IND_CUST_02968,2023-09-26,Madurai,Tamil Nadu,South,Champions
IND_CUST_02969,2023-12-01,Kota,Rajasthan,North,New & Promising
IND_CUST_02970,2023-11-08,Dwarka,Delhi,North,New & Promising
IND_CUST_02971,2023-02-22,Hubballi,Karnataka,South,New & Promising
IND_CUST_02972,2023-03-09,Mumbai,Maharashtra,West,New & Promising
IND_CUST_02973,2023-02-03,Noida,Uttar Pradesh,North,Loyal Customers
IND_CUST_02974,2024-01-21,Warangal,Telangana,South,Loyal Customers
IND_CUST_02975,2023-09-06,Mysuru,Karnataka,South,Champions
IND_CUST_02976,2023-04-21,Pune,Maharashtra,West,New & Promising
IND_CUST_02977,2023-04-04,Vadodara,Gujarat,West,Loyal Customers
IND_CUST_02978,2024-02-14,Nashik,Maharashtra,West,Lost Customers
IND_CUST_02979,2023-06-28,Warangal,Telangana,South,Lost Customers
IND_CUST_02980,2023-02-16,Thrissur,Kerala,South,Lost Customers
IND_CUST_02981,2024-08-26,Dwarka,Delhi,North,Potential Loyalists
IND_CUST_02982,2024-01-11,Mangaluru,Karnataka,South,Lost Customers
IND_CUST_02983,2024-08-09,Nizamabad,Telangana,South,Champions
IND_CUST_02984,2023-07-21,Kanpur,Uttar Pradesh,North,At Risk
IND_CUST_02985,2024-03-20,Coimbatore,Tamil Nadu,South,New & Promising
IND_CUST_02986,2023-10-24,Jaipur,Rajasthan,North,At Risk
IND_CUST_02987,2023-11-04,Mumbai,Maharashtra,West,Loyal Customers
IND_CUST_02988,2024-05-07,New Delhi,Delhi,North,New & Promising
IND_CUST_02989,2023-12-04,Warangal,Telangana,South,Champions
IND_CUST_02990,2024-10-07,Ahmedabad,Gujarat,West,New & Promising
IND_CUST_02991,2023-03-07,Pune,Maharashtra,West,New & Promising
IND_CUST_02992,2024-02-26,Lucknow,Uttar Pradesh,North,New & Promising
IND_CUST_02993,2024-06-23,Coimbatore,Tamil Nadu,South,New & Promising
IND_CUST_02994,2024-09-20,Bengaluru,Karnataka,South,New & Promising
IND_CUST_02995,2024-05-07,Nashik,Maharashtra,West,New & Promising
IND_CUST_02996,2023-11-13,Ahmedabad,Gujarat,West,Lost Customers
IND_CUST_02997,2024-09-17,Mumbai,Maharashtra,West,Loyal Customers
IND_CUST_02998,2023-03-16,Hubballi,Karnataka,South,Loyal Customers
IND_CUST_02999,2023-02-28,Mysuru,Karnataka,South,Loyal Customers
IND_CUST_03000,2024-01-21,Rajkot,Gujarat,West,New & Promising
IND_CUST_03001,2023-01-15,Nizamabad,Telangana,South,Lost Customers
IND_CUST_03002,2023-08-19,Agra,Uttar Pradesh,North,Loyal Customers
IND_CUST_03003,2024-09-08,Mysuru,Karnataka,South,Loyal Customers
IND_CUST_03004,2023-07-18,Coimbatore,Tamil Nadu,South,Lost Customers
IND_CUST_03005,2023-12-20,Madurai,Tamil Nadu,South,Lost Customers
IND_CUST_03006,2023-02-04,Surat,Gujarat,West,New & Promising
IND_CUST_03007,2023-06-11,Kolkata,West Bengal,East,New & Promising
IND_CUST_03008,2024-04-15,Nashik,Maharashtra,West,Loyal Customers
IND_CUST_03009,2024-06-14,Warangal,Telangana,South,Loyal Customers
IND_CUST_03010,2024-02-27,Nashik,Maharashtra,West,New & Promising
IND_CUST_03011,2023-12-14,Coimbatore,Tamil Nadu,South,New & Promising
IND_CUST_03012,2023-05-27,Mangaluru,Karnataka,South,Champions
IND_CUST_03013,2024-01-09,Mysuru,Karnataka,South,New & Promising
IND_CUST_03014,2024-02-20,Hubballi,Karnataka,South,Potential Loyalists
IND_CUST_03015,2024-05-08,Tiruchirappalli,Tamil Nadu,South,Loyal Customers
IND_CUST_03016,2024-07-12,Mysuru,Karnataka,South,Loyal Customers
IND_CUST_03017,2023-09-13,Warangal,Telangana,South,New & Promising
IND_CUST_03018,2023-04-13,South Delhi,Delhi,North,Lost Customers
IND_CUST_03019,2023-05-01,Nagpur,Maharashtra,West,Lost Customers
IND_CUST_03020,2024-02-23,Kanpur,Uttar Pradesh,North,Champions
IND_CUST_03021,2023-12-16,Mangaluru,Karnataka,South,Loyal Customers
IND_CUST_03022,2024-10-18,Dwarka,Delhi,North,Champions
IND_CUST_03023,2023-02-11,Nizamabad,Telangana,South,New & Promising
IND_CUST_03024,2024-01-02,Bengaluru,Karnataka,South,Lost Customers
IND_CUST_03025,2023-01-29,Mumbai,Maharashtra,West,Loyal Customers
IND_CUST_03026,2023-01-14,Mysuru,Karnataka,South,New & Promising
IND_CUST_03027,2024-04-29,Jaipur,Rajasthan,North,New & Promising
IND_CUST_03028,2023-07-08,Coimbatore,Tamil Nadu,South,At Risk
IND_CUST_03029,2023-10-22,Hyderabad,Telangana,South,Lost Customers
IND_CUST_03030,2023-07-02,Tiruchirappalli,Tamil Nadu,South,Loyal Customers
IND_CUST_03031,2024-07-01,Nagpur,Maharashtra,West,New & Promising
IND_CUST_03032,2023-02-06,South Delhi,Delhi,North,Lost Customers
IND_CUST_03033,2023-01-14,Agra,Uttar Pradesh,North,New & Promising
IND_CUST_03034,2024-09-26,Mumbai,Maharashtra,West,New & Promising
IND_CUST_03035,2024-08-17,Mysuru,Karnataka,South,Potential Loyalists
IND_CUST_03036,2023-06-08,Mangaluru,Karnataka,South,Lost Customers
IND_CUST_03037,2024-05-08,North Delhi,Delhi,North,Lost Customers
IND_CUST_03038,2023-11-25,Thiruvananthapuram,Kerala,South,New & Promising
IND_CUST_03039,2024-09-05,Nagpur,Maharashtra,West,Champions
IND_CUST_03040,2023-03-24,South Delhi,Delhi,North,Potential Loyalists
IND_CUST_03041,2024-07-09,Nagpur,Maharashtra,West,Loyal Customers
IND_CUST_03042,2024-08-02,Kozhikode,Kerala,South,Loyal Customers
IND_CUST_03043,2024-07-13,Pune,Maharashtra,West,Loyal Customers
IND_CUST_03044,2024-07-22,South Delhi,Delhi,North,New & Promising
IND_CUST_03045,2024-08-09,Nizamabad,Telangana,South,Lost Customers
IND_CUST_03046,2023-01-22,Nizamabad,Telangana,South,New & Promising
IND_CUST_03047,2023-05-12,South Delhi,Delhi,North,Lost Customers
IND_CUST_03048,2024-04-09,Bengaluru,Karnataka,South,New & Promising
IND_CUST_03049,2024-03-31,Mangaluru,Karnataka,South,New & Promising
IND_CUST_03050,2023-10-29,Mangaluru,Karnataka,South,New & Promising
IND_CUST_03051,2023-09-24,Pune,Maharashtra,West,Lost Customers
IND_CUST_03052,2024-01-30,North Delhi,Delhi,North,Champions
IND_CUST_03053,2023-04-30,Hubballi,Karnataka,South,Loyal Customers
IND_CUST_03054,2023-09-03,Bengaluru,Karnataka,South,New & Promising
IND_CUST_03055,2024-07-21,Warangal,Telangana,South,New & Promising
IND_CUST_03056,2023-02-07,Jodhpur,Rajasthan,North,Loyal Customers
IND_CUST_03057,2023-09-02,Madurai,Tamil Nadu,South,New & Promising
IND_CUST_03058,2023-01-21,Nagpur,Maharashtra,West,Champions
IND_CUST_03059,2023-04-20,Pune,Maharashtra,West,New & Promising
IND_CUST_03060,2024-08-28,Jodhpur,Rajasthan,North,Champions
IND_CUST_03061,2024-01-29,Mangaluru,Karnataka,South,At Risk
IND_CUST_03062,2024-02-14,Mumbai,Maharashtra,West,Champions
IND_CUST_03063,2024-10-09,Tiruchirappalli,Tamil Nadu,South,Loyal Customers
IND_CUST_03064,2023-01-08,Coimbatore,Tamil Nadu,South,New & Promising
IND_CUST_03065,2024-03-19,Tiruchirappalli,Tamil Nadu,South,New & Promising
IND_CUST_03066,2023-11-24,Mangaluru,Karnataka,South,New & Promising
IND_CUST_03067,2023-10-17,Pune,Maharashtra,West,Lost Customers
IND_CUST_03068,2024-05-25,Udaipur,Rajasthan,North,New & Promising
IND_CUST_03069,2023-12-27,Mysuru,Karnataka,South,Lost Customers
IND_CUST_03070,2024-08-21,Nizamabad,Telangana,South,Champions
IND_CUST_03071,2023-08-07,Warangal,Telangana,South,New & Promising
IND_CUST_03072,2024-02-10,Coimbatore,Tamil Nadu,South,New & Promising
IND_CUST_03073,2024-09-12,Mysuru,Karnataka,South,New & Promising
IND_CUST_03074,2023-08-08,Bengaluru,Karnataka,South,New & Promising
IND_CUST_03075,2024-08-17,Madurai,Tamil Nadu,South,New & Promising
IND_CUST_03076,2023-04-17,Ahmedabad,Gujarat,West,Loyal Customers
IND_CUST_03077,2024-08-03,Jodhpur,Rajasthan,North,New & Promising
IND_CUST_03078,2024-08-31,Nashik,Maharashtra,West,New & Promising
IND_CUST_03079,2023-10-13,Mumbai,Maharashtra,West,New & Promising
IND_CUST_03080,2023-01-08,Udaipur,Rajasthan,North,Lost Customers
IND_CUST_03081,2023-07-08,Warangal,Telangana,South,Lost Customers
IND_CUST_03082,2023-03-22,Ahmedabad,Gujarat,West,New & Promising
IND_CUST_03083,2023-04-18,Nashik,Maharashtra,West,New & Promising
IND_CUST_03084,2023-11-17,Chennai,Tamil Nadu,South,New & Promising
IND_CUST_03085,2024-08-01,Nizamabad,Telangana,South,Champions
IND_CUST_03086,2023-12-12,Hyderabad,Telangana,South,New & Promising
IND_CUST_03087,2023-11-24,Dwarka,Delhi,North,Champions
IND_CUST_03088,2024-07-08,Nashik,Maharashtra,West,Lost Customers
IND_CUST_03089,2023-10-29,Madurai,Tamil Nadu,South,New & Promising
IND_CUST_03090,2023-07-19,Mangaluru,Karnataka,South,New & Promising
IND_CUST_03091,2024-02-23,North Delhi,Delhi,North,New & Promising
IND_CUST_03092,2023-02-08,Kota,Rajasthan,North,Lost Customers
IND_CUST_03093,2023-11-03,Mysuru,Karnataka,South,Potential Loyalists
IND_CUST_03094,2023-01-04,Ahmedabad,Gujarat,West,New & Promising
IND_CUST_03095,2024-09-24,Pune,Maharashtra,West,Champions
IND_CUST_03096,2023-03-18,Warangal,Telangana,South,New & Promising
IND_CUST_03097,2024-04-12,Kochi,Kerala,South,Loyal Customers
IND_CUST_03098,2023-06-28,Nashik,Maharashtra,West,New & Promising
IND_CUST_03099,2024-10-06,Pune,Maharashtra,West,New & Promising
IND_CUST_03100,2023-10-03,Dwarka,Delhi,North,Lost Customers
IND_CUST_03101,2023-06-01,Mumbai,Maharashtra,West,New & Promising
IND_CUST_03102,2023-06-13,Kanpur,Uttar Pradesh,North,New & Promising
IND_CUST_03103,2023-10-17,Durgapur,West Bengal,East,Lost Customers
IND_CUST_03104,2024-01-13,Dwarka,Delhi,North,New & Promising
IND_CUST_03105,2024-09-12,Hubballi,Karnataka,South,Loyal Customers
IND_CUST_03106,2024-09-29,South Delhi,Delhi,North,New & Promising
IND_CUST_03107,2023-11-06,Hyderabad,Telangana,South,New & Promising
IND_CUST_03108,2024-01-24,Nashik,Maharashtra,West,New & Promising
IND_CUST_03109,2024-10-19,Tiruchirappalli,Tamil Nadu,South,New & Promising
IND_CUST_03110,2023-07-02,Chennai,Tamil Nadu,South,Lost Customers
IND_CUST_03111,2023-11-02,Tiruchirappalli,Tamil Nadu,South,New & Promising
IND_CUST_03112,2023-03-13,Mysuru,Karnataka,South,Champions
IND_CUST_03113,2023-08-07,Warangal,Telangana,South,Champions
IND_CUST_03114,2023-06-22,Pune,Maharashtra,West,Lost Customers
IND_CUST_03115,2024-10-14,Nashik,Maharashtra,West,Loyal Customers
IND_CUST_03116,2023-09-29,Surat,Gujarat,West,Lost Customers
IND_CUST_03117,2024-04-12,Warangal,Telangana,South,Lost Customers
IND_CUST_03118,2023-09-26,Mumbai,Maharashtra,West,Lost Customers
IND_CUST_03119,2023-01-20,Bengaluru,Karnataka,South,Champions
IND_CUST_03120,2024-07-31,Nagpur,Maharashtra,West,Lost Customers
IND_CUST_03121,2024-05-17,Hubballi,Karnataka,South,At Risk
IND_CUST_03122,2023-05-27,Hubballi,Karnataka,South,Loyal Customers
IND_CUST_03123,2024-03-04,Nagpur,Maharashtra,West,New & Promising
IND_CUST_03124,2023-06-14,New Delhi,Delhi,North,New & Promising
IND_CUST_03125,2023-11-06,Hyderabad,Telangana,South,New & Promising
IND_CUST_03126,2024-06-01,Chennai,Tamil Nadu,South,New & Promising
IND_CUST_03127,2023-01-14,Warangal,Telangana,South,New & Promising
IND_CUST_03128,2023-05-12,Pune,Maharashtra,West,Lost Customers
IND_CUST_03129,2024-03-14,Udaipur,Rajasthan,North,New & Promising
IND_CUST_03130,2023-09-20,Surat,Gujarat,West,Champions
IND_CUST_03131,2024-10-04,Varanasi,Uttar Pradesh,North,New & Promising
IND_CUST_03132,2023-08-13,Ahmedabad,Gujarat,West,Lost Customers
IND_CUST_03133,2023-09-15,Siliguri,West Bengal,East,New & Promising
IND_CUST_03134,2023-08-22,Madurai,Tamil Nadu,South,New & Promising
IND_CUST_03135,2023-12-02,Nashik,Maharashtra,West,New & Promising
IND_CUST_03136,2024-02-13,Coimbatore,Tamil Nadu,South,Champions
IND_CUST_03137,2023-01-24,Kanpur,Uttar Pradesh,North,Loyal Customers
IND_CUST_03138,2023-09-28,Warangal,Telangana,South,Lost Customers
IND_CUST_03139,2023-04-05,North Delhi,Delhi,North,At Risk
IND_CUST_03140,2023-05-22,Nashik,Maharashtra,West,New & Promising
IND_CUST_03141,2023-03-22,Hubballi,Karnataka,South,Lost Customers
IND_CUST_03142,2023-10-01,Howrah,West Bengal,East,New & Promising
IND_CUST_03143,2023-10-03,Coimbatore,Tamil Nadu,South,Loyal Customers
IND_CUST_03144,2024-04-09,Dwarka,Delhi,North,New & Promising
IND_CUST_03145,2023-07-27,Mangaluru,Karnataka,South,At Risk
IND_CUST_03146,2023-10-23,Mysuru,Karnataka,South,Lost Customers
IND_CUST_03147,2023-02-08,Durgapur,West Bengal,East,New & Promising
IND_CUST_03148,2023-10-15,Warangal,Telangana,South,New & Promising
IND_CUST_03149,2023-05-04,Kanpur,Uttar Pradesh,North,New & Promising
IND_CUST_03150,2023-10-10,New Delhi,Delhi,North,Champions
IND_CUST_03151,2023-06-29,Tiruchirappalli,Tamil Nadu,South,New & Promising
IND_CUST_03152,2023-04-07,Bengaluru,Karnataka,South,At Risk
IND_CUST_03153,2023-07-10,Warangal,Telangana,South,Champions
IND_CUST_03154,2023-03-15,North Delhi,Delhi,North,Lost Customers
IND_CUST_03155,2024-03-22,North Delhi,Delhi,North,New & Promising
IND_CUST_03156,2024-05-11,Chennai,Tamil Nadu,South,Loyal Customers
IND_CUST_03157,2024-07-14,Howrah,West Bengal,East,Champions
IND_CUST_03158,2024-04-28,Nashik,Maharashtra,West,Loyal Customers
IND_CUST_03159,2023-04-26,Vadodara,Gujarat,West,New & Promising
IND_CUST_03160,2024-06-18,Hubballi,Karnataka,South,New & Promising
IND_CUST_03161,2023-04-08,Dwarka,Delhi,North,Loyal Customers
IND_CUST_03162,2023-11-24,Nagpur,Maharashtra,West,Loyal Customers
IND_CUST_03163,2024-02-11,Bengaluru,Karnataka,South,Lost Customers
IND_CUST_03164,2023-11-09,North Delhi,Delhi,North,New & Promising
IND_CUST_03165,2023-05-28,Pune,Maharashtra,West,New & Promising
IND_CUST_03166,2023-12-08,North Delhi,Delhi,North,New & Promising
IND_CUST_03167,2024-05-09,Kolkata,West Bengal,East,Champions
IND_CUST_03168,2023-01-23,Mumbai,Maharashtra,West,Lost Customers
IND_CUST_03169,2023-04-15,Noida,Uttar Pradesh,North,Lost Customers
IND_CUST_03170,2024-08-01,Dwarka,Delhi,North,At Risk
IND_CUST_03171,2024-07-11,Hyderabad,Telangana,South,New & Promising
IND_CUST_03172,2024-08-15,Hubballi,Karnataka,South,New & Promising
IND_CUST_03173,2024-10-20,Nashik,Maharashtra,West,Loyal Customers
IND_CUST_03174,2023-08-10,Nashik,Maharashtra,West,Lost Customers
IND_CUST_03175,2023-01-15,Nashik,Maharashtra,West,Lost Customers
IND_CUST_03176,2024-09-24,Mumbai,Maharashtra,West,New & Promising
IND_CUST_03177,2023-03-19,Hyderabad,Telangana,South,Champions
IND_CUST_03178,2023-11-18,Ahmedabad,Gujarat,West,Champions
IND_CUST_03179,2023-08-29,Lucknow,Uttar Pradesh,North,New & Promising
IND_CUST_03180,2023-01-18,Warangal,Telangana,South,Loyal Customers
IND_CUST_03181,2024-03-29,Nagpur,Maharashtra,West,New & Promising
IND_CUST_03182,2024-03-18,Hubballi,Karnataka,South,Loyal Customers
IND_CUST_03183,2023-10-04,Bengaluru,Karnataka,South,Champions
IND_CUST_03184,2024-02-28,Mysuru,Karnataka,South,Lost Customers
IND_CUST_03185,2024-04-20,South Delhi,Delhi,North,New & Promising
IND_CUST_03186,2023-01-27,Dwarka,Delhi,North,Loyal Customers
IND_CUST_03187,2024-05-28,Mysuru,Karnataka,South,Loyal Customers
IND_CUST_03188,2024-04-08,Hubballi,Karnataka,South,New & Promising
IND_CUST_03189,2023-12-29,Vadodara,Gujarat,West,Champions
IND_CUST_03190,2024-01-18,Agra,Uttar Pradesh,North,New & Promising
IND_CUST_03191,2024-06-08,Mangaluru,Karnataka,South,New & Promising
IND_CUST_03192,2024-01-17,Kolkata,West Bengal,East,New & Promising
IND_CUST_03193,2023-07-03,Udaipur,Rajasthan,North,Lost Customers
IND_CUST_03194,2023-07-13,Bengaluru,Karnataka,South,At Risk
IND_CUST_03195,2024-04-06,Hubballi,Karnataka,South,Lost Customers
IND_CUST_03196,2023-02-25,South Delhi,Delhi,North,New & Promising
IND_CUST_03197,2023-08-18,Jodhpur,Rajasthan,North,Loyal Customers
IND_CUST_03198,2024-05-03,Ahmedabad,Gujarat,West,Potential Loyalists
IND_CUST_03199,2023-01-28,Mumbai,Maharashtra,West,New & Promising
IND_CUST_03200,2024-08-05,Bengaluru,Karnataka,South,Champions
IND_CUST_03201,2023-07-03,Tiruchirappalli,Tamil Nadu,South,Lost Customers
IND_CUST_03202,2024-02-29,North Delhi,Delhi,North,Potential Loyalists
IND_CUST_03203,2024-01-10,Pune,Maharashtra,West,Loyal Customers
IND_CUST_03204,2023-02-10,Surat,Gujarat,West,Lost Customers
IND_CUST_03205,2024-04-28,Hyderabad,Telangana,South,Lost Customers
IND_CUST_03206,2023-09-17,Ahmedabad,Gujarat,West,New & Promising
IND_CUST_03207,2024-03-16,Ahmedabad,Gujarat,West,New & Promising
IND_CUST_03208,2023-03-25,Lucknow,Uttar Pradesh,North,New & Promising
IND_CUST_03209,2023-02-15,North Delhi,Delhi,North,Lost Customers
IND_CUST_03210,2024-03-15,Madurai,Tamil Nadu,South,Loyal Customers
IND_CUST_03211,2024-06-02,Nashik,Maharashtra,West,Champions
IND_CUST_03212,2024-03-13,Warangal,Telangana,South,New & Promising
IND_CUST_03213,2023-05-16,Nagpur,Maharashtra,West,Loyal Customers
IND_CUST_03214,2023-07-02,Hyderabad,Telangana,South,Loyal Customers
IND_CUST_03215,2023-06-21,Mysuru,Karnataka,South,Loyal Customers
IND_CUST_03216,2024-08-12,Nashik,Maharashtra,West,Champions
IND_CUST_03217,2024-06-22,Nashik,Maharashtra,West,Champions
IND_CUST_03218,2023-04-30,Nashik,Maharashtra,West,Loyal Customers
IND_CUST_03219,2023-10-08,Hyderabad,Telangana,South,Lost Customers
IND_CUST_03220,2023-11-04,Hyderabad,Telangana,South,Potential Loyalists
IND_CUST_03221,2023-10-04,New Delhi,Delhi,North,Loyal Customers
IND_CUST_03222,2024-06-13,Mumbai,Maharashtra,West,New & Promising
IND_CUST_03223,2023-10-22,Pune,Maharashtra,West,New & Promising
IND_CUST_03224,2023-02-22,Mumbai,Maharashtra,West,New & Promising
IND_CUST_03225,2024-03-07,Nagpur,Maharashtra,West,Loyal Customers
IND_CUST_03226,2023-02-21,Durgapur,West Bengal,East,Loyal Customers
IND_CUST_03227,2023-03-13,Mysuru,Karnataka,South,New & Promising
IND_CUST_03228,2023-01-28,Mangaluru,Karnataka,South,Lost Customers
IND_CUST_03229,2024-04-13,Mumbai,Maharashtra,West,New & Promising
IND_CUST_03230,2024-06-30,Mysuru,Karnataka,South,New & Promising
IND_CUST_03231,2024-02-05,South Delhi,Delhi,North,At Risk
IND_CUST_03232,2023-07-20,Chennai,Tamil Nadu,South,New & Promising
IND_CUST_03233,2024-09-02,Mangaluru,Karnataka,South,Champions
IND_CUST_03234,2024-04-10,Nagpur,Maharashtra,West,Lost Customers
IND_CUST_03235,2024-10-13,Bengaluru,Karnataka,South,Loyal Customers
IND_CUST_03236,2024-08-17,Hubballi,Karnataka,South,Lost Customers
IND_CUST_03237,2024-07-13,Mumbai,Maharashtra,West,New & Promising
IND_CUST_03238,2024-01-14,Jodhpur,Rajasthan,North,Lost Customers
IND_CUST_03239,2023-06-26,Chennai,Tamil Nadu,South,Loyal Customers
IND_CUST_03240,2023-02-21,Coimbatore,Tamil Nadu,South,Loyal Customers
IND_CUST_03241,2023-03-20,New Delhi,Delhi,North,New & Promising
IND_CUST_03242,2024-01-20,New Delhi,Delhi,North,Lost Customers
IND_CUST_03243,2024-07-29,Tiruchirappalli,Tamil Nadu,South,Champions
IND_CUST_03244,2023-01-08,Nizamabad,Telangana,South,Lost Customers
IND_CUST_03245,2023-08-02,Nizamabad,Telangana,South,Lost Customers
IND_CUST_03246,2023-01-25,Nagpur,Maharashtra,West,Lost Customers
IND_CUST_03247,2024-03-25,New Delhi,Delhi,North,Champions
IND_CUST_03248,2024-04-01,New Delhi,Delhi,North,Loyal Customers
IND_CUST_03249,2024-04-05,Ahmedabad,Gujarat,West,Champions
IND_CUST_03250,2023-07-17,Coimbatore,Tamil Nadu,South,At Risk
IND_CUST_03251,2023-04-04,North Delhi,Delhi,North,Lost Customers
IND_CUST_03252,2024-03-12,Nashik,Maharashtra,West,New & Promising
IND_CUST_03253,2024-06-10,Chennai,Tamil Nadu,South,Lost Customers
IND_CUST_03254,2024-01-13,Nagpur,Maharashtra,West,Loyal Customers
IND_CUST_03255,2024-08-09,Hubballi,Karnataka,South,At Risk
IND_CUST_03256,2023-04-14,Nashik,Maharashtra,West,At Risk
IND_CUST_03257,2024-09-18,Nizamabad,Telangana,South,Potential Loyalists
IND_CUST_03258,2023-02-08,Nashik,Maharashtra,West,Loyal Customers
IND_CUST_03259,2024-04-02,Bengaluru,Karnataka,South,New & Promising
IND_CUST_03260,2023-12-30,Siliguri,West Bengal,East,Champions
IND_CUST_03261,2023-05-15,Mumbai,Maharashtra,West,New & Promising
IND_CUST_03262,2024-01-09,North Delhi,Delhi,North,New & Promising
IND_CUST_03263,2023-08-20,South Delhi,Delhi,North,Lost Customers
IND_CUST_03264,2023-02-08,Pune,Maharashtra,West,New & Promising
IND_CUST_03265,2023-02-16,Noida,Uttar Pradesh,North,Loyal Customers
IND_CUST_03266,2023-02-05,Nashik,Maharashtra,West,Champions
IND_CUST_03267,2023-04-05,New Delhi,Delhi,North,Loyal Customers
IND_CUST_03268,2023-12-27,Chennai,Tamil Nadu,South,New & Promising
IND_CUST_03269,2024-06-08,Chennai,Tamil Nadu,South,New & Promising
IND_CUST_03270,2023-05-26,Nizamabad,Telangana,South,At Risk
IND_CUST_03271,2024-01-03,Mangaluru,Karnataka,South,Loyal Customers
IND_CUST_03272,2023-03-06,Pune,Maharashtra,West,Lost Customers
IND_CUST_03273,2023-08-16,Hyderabad,Telangana,South,New & Promising
IND_CUST_03274,2024-06-03,South Delhi,Delhi,North,New & Promising
IND_CUST_03275,2024-07-08,Surat,Gujarat,West,Lost Customers
IND_CUST_03276,2023-06-30,Ahmedabad,Gujarat,West,Lost Customers
IND_CUST_03277,2024-05-15,Surat,Gujarat,West,Loyal Customers
IND_CUST_03278,2024-08-19,New Delhi,Delhi,North,Loyal Customers
IND_CUST_03279,2023-06-04,Mysuru,Karnataka,South,New & Promising
IND_CUST_03280,2024-06-18,Varanasi,Uttar Pradesh,North,New & Promising
IND_CUST_03281,2024-09-18,Dwarka,Delhi,North,New & Promising
IND_CUST_03282,2024-03-10,Mumbai,Maharashtra,West,Champions
IND_CUST_03283,2023-04-09,Vadodara,Gujarat,West,Lost Customers
IND_CUST_03284,2024-09-07,Rajkot,Gujarat,West,Champions
IND_CUST_03285,2024-01-07,North Delhi,Delhi,North,New & Promising
IND_CUST_03286,2024-07-16,Nashik,Maharashtra,West,Loyal Customers
IND_CUST_03287,2023-12-28,Mangaluru,Karnataka,South,New & Promising
IND_CUST_03288,2023-04-22,Agra,Uttar Pradesh,North,New & Promising
IND_CUST_03289,2024-03-28,Durgapur,West Bengal,East,At Risk
IND_CUST_03290,2023-06-18,Nashik,Maharashtra,West,Loyal Customers
IND_CUST_03291,2024-08-06,Pune,Maharashtra,West,Champions
IND_CUST_03292,2023-05-19,Rajkot,Gujarat,West,Loyal Customers
IND_CUST_03293,2023-08-19,Mysuru,Karnataka,South,New & Promising
IND_CUST_03294,2023-08-27,Tiruchirappalli,Tamil Nadu,South,Lost Customers
IND_CUST_03295,2023-09-10,Kota,Rajasthan,North,New & Promising
IND_CUST_03296,2024-03-11,Nagpur,Maharashtra,West,Champions
IND_CUST_03297,2024-07-14,Tiruchirappalli,Tamil Nadu,South,New & Promising
IND_CUST_03298,2024-02-26,Pune,Maharashtra,West,Champions
IND_CUST_03299,2023-10-30,Mysuru,Karnataka,South,Lost Customers
IND_CUST_03300,2023-03-13,Agra,Uttar Pradesh,North,Lost Customers
IND_CUST_03301,2023-09-20,New Delhi,Delhi,North,New & Promising
IND_CUST_03302,2023-08-10,Kozhikode,Kerala,South,New & Promising
IND_CUST_03303,2023-03-18,Coimbatore,Tamil Nadu,South,Lost Customers
IND_CUST_03304,2023-03-03,Mysuru,Karnataka,South,New & Promising
IND_CUST_03305,2024-04-15,Mysuru,Karnataka,South,At Risk
IND_CUST_03306,2023-06-06,Hubballi,Karnataka,South,Loyal Customers
IND_CUST_03307,2023-05-05,Mysuru,Karnataka,South,Lost Customers
IND_CUST_03308,2023-06-10,Mumbai,Maharashtra,West,Loyal Customers
IND_CUST_03309,2024-06-24,Hubballi,Karnataka,South,Lost Customers
IND_CUST_03310,2024-09-17,New Delhi,Delhi,North,New & Promising
IND_CUST_03311,2024-08-13,Hyderabad,Telangana,South,Lost Customers
IND_CUST_03312,2024-06-18,Nizamabad,Telangana,South,New & Promising
IND_CUST_03313,2023-04-16,Hyderabad,Telangana,South,At Risk
IND_CUST_03314,2023-05-11,Nashik,Maharashtra,West,Champions
IND_CUST_03315,2023-12-23,Pune,Maharashtra,West,New & Promising
IND_CUST_03316,2023-01-02,Nizamabad,Telangana,South,New & Promising
IND_CUST_03317,2023-08-21,New Delhi,Delhi,North,Lost Customers
IND_CUST_03318,2024-01-04,Pune,Maharashtra,West,New & Promising
IND_CUST_03319,2023-09-08,Varanasi,Uttar Pradesh,North,Lost Customers
IND_CUST_03320,2023-04-18,Noida,Uttar Pradesh,North,At Risk
IND_CUST_03321,2023-10-03,Coimbatore,Tamil Nadu,South,New & Promising
IND_CUST_03322,2023-06-29,Nagpur,Maharashtra,West,Champions
IND_CUST_03323,2023-10-20,Agra,Uttar Pradesh,North,Lost Customers
IND_CUST_03324,2024-08-06,Coimbatore,Tamil Nadu,South,Potential Loyalists
IND_CUST_03325,2023-06-24,Varanasi,Uttar Pradesh,North,New & Promising
IND_CUST_03326,2023-05-03,Noida,Uttar Pradesh,North,New & Promising
IND_CUST_03327,2023-08-15,Agra,Uttar Pradesh,North,Loyal Customers
IND_CUST_03328,2024-03-19,New Delhi,Delhi,North,New & Promising
IND_CUST_03329,2024-03-03,Mumbai,Maharashtra,West,Lost Customers
IND_CUST_03330,2023-03-24,Nizamabad,Telangana,South,New & Promising
IND_CUST_03331,2024-10-19,Chennai,Tamil Nadu,South,New & Promising
IND_CUST_03332,2024-09-23,Varanasi,Uttar Pradesh,North,Loyal Customers
IND_CUST_03333,2023-03-06,Nagpur,Maharashtra,West,Lost Customers
IND_CUST_03334,2023-10-08,Nagpur,Maharashtra,West,Champions
IND_CUST_03335,2024-01-26,Durgapur,West Bengal,East,Champions
IND_CUST_03336,2024-03-03,Agra,Uttar Pradesh,North,Potential Loyalists
IND_CUST_03337,2024-09-09,Siliguri,West Bengal,East,Loyal Customers
IND_CUST_03338,2023-04-17,Noida,Uttar Pradesh,North,New & Promising
IND_CUST_03339,2024-07-01,Chennai,Tamil Nadu,South,Lost Customers
IND_CUST_03340,2024-10-20,Warangal,Telangana,South,Potential Loyalists
IND_CUST_03341,2023-09-19,Ahmedabad,Gujarat,West,New & Promising
IND_CUST_03342,2023-06-08,Coimbatore,Tamil Nadu,South,Lost Customers
IND_CUST_03343,2023-09-22,Madurai,Tamil Nadu,South,New & Promising
IND_CUST_03344,2024-04-12,Nashik,Maharashtra,West,New & Promising
IND_CUST_03345,2023-07-21,North Delhi,Delhi,North,Lost Customers
IND_CUST_03346,2023-06-04,Nizamabad,Telangana,South,New & Promising
IND_CUST_03347,2023-01-13,Bengaluru,Karnataka,South,Lost Customers
IND_CUST_03348,2023-10-24,Nagpur,Maharashtra,West,Potential Loyalists
IND_CUST_03349,2024-05-12,Mangaluru,Karnataka,South,New & Promising
IND_CUST_03350,2024-08-19,Hubballi,Karnataka,South,New & Promising
IND_CUST_03351,2023-09-02,Mumbai,Maharashtra,West,New & Promising
IND_CUST_03352,2023-10-27,South Delhi,Delhi,North,At Risk
IND_CUST_03353,2023-12-28,Kolkata,West Bengal,East,Lost Customers
IND_CUST_03354,2023-12-20,North Delhi,Delhi,North,New & Promising
IND_CUST_03355,2024-06-04,Nashik,Maharashtra,West,Loyal Customers
IND_CUST_03356,2024-01-21,Mumbai,Maharashtra,West,Potential Loyalists
IND_CUST_03357,2023-11-08,Hyderabad,Telangana,South,Lost Customers
IND_CUST_03358,2024-02-18,Hubballi,Karnataka,South,Lost Customers
IND_CUST_03359,2023-10-05,Surat,Gujarat,West,New & Promising
IND_CUST_03360,2024-08-15,Hyderabad,Telangana,South,New & Promising
IND_CUST_03361,2023-12-22,Noida,Uttar Pradesh,North,Lost Customers
IND_CUST_03362,2024-06-08,Hubballi,Karnataka,South,Loyal Customers
IND_CUST_03363,2023-01-16,Hyderabad,Telangana,South,New & Promising
IND_CUST_03364,2023-02-14,Mysuru,Karnataka,South,New & Promising
IND_CUST_03365,2023-11-17,Kolkata,West Bengal,East,New & Promising
IND_CUST_03366,2024-10-12,Chennai,Tamil Nadu,South,Loyal Customers
IND_CUST_03367,2023-11-22,Mangaluru,Karnataka,South,Loyal Customers
IND_CUST_03368,2023-05-28,Mangaluru,Karnataka,South,Loyal Customers
IND_CUST_03369,2023-12-21,Pune,Maharashtra,West,Lost Customers
IND_CUST_03370,2023-08-24,Warangal,Telangana,South,Lost Customers
IND_CUST_03371,2024-09-04,Mumbai,Maharashtra,West,New & Promising
IND_CUST_03372,2023-04-15,Madurai,Tamil Nadu,South,New & Promising
IND_CUST_03373,2024-04-18,Bengaluru,Karnataka,South,New & Promising
IND_CUST_03374,2024-01-31,Warangal,Telangana,South,New & Promising
IND_CUST_03375,2024-03-21,Varanasi,Uttar Pradesh,North,Loyal Customers
IND_CUST_03376,2024-08-28,Lucknow,Uttar Pradesh,North,New & Promising
IND_CUST_03377,2023-08-08,Lucknow,Uttar Pradesh,North,Lost Customers
IND_CUST_03378,2024-03-17,Nagpur,Maharashtra,West,New & Promising
IND_CUST_03379,2024-10-06,Pune,Maharashtra,West,Champions
IND_CUST_03380,2024-10-28,Warangal,Telangana,South,New & Promising
IND_CUST_03381,2023-01-28,Mysuru,Karnataka,South,Loyal Customers
IND_CUST_03382,2024-04-19,North Delhi,Delhi,North,New & Promising
IND_CUST_03383,2024-09-19,Pune,Maharashtra,West,Loyal Customers
IND_CUST_03384,2023-11-01,Mysuru,Karnataka,South,Lost Customers
IND_CUST_03385,2024-02-09,Pune,Maharashtra,West,Champions
IND_CUST_03386,2024-05-27,Surat,Gujarat,West,Lost Customers
IND_CUST_03387,2024-05-16,Mangaluru,Karnataka,South,New & Promising
IND_CUST_03388,2023-12-14,Coimbatore,Tamil Nadu,South,New & Promising
IND_CUST_03389,2023-08-28,Nashik,Maharashtra,West,Lost Customers
IND_CUST_03390,2024-07-23,Hyderabad,Telangana,South,Loyal Customers
IND_CUST_03391,2023-12-03,Bengaluru,Karnataka,South,New & Promising
IND_CUST_03392,2023-01-26,Durgapur,West Bengal,East,New & Promising
IND_CUST_03393,2024-02-13,Rajkot,Gujarat,West,Lost Customers
IND_CUST_03394,2023-03-18,Mysuru,Karnataka,South,New & Promising
IND_CUST_03395,2023-08-05,Kolkata,West Bengal,East,New & Promising
IND_CUST_03396,2023-11-24,Kozhikode,Kerala,South,Potential Loyalists
IND_CUST_03397,2023-01-23,Ahmedabad,Gujarat,West,New & Promising
IND_CUST_03398,2023-11-06,Rajkot,Gujarat,West,New & Promising
IND_CUST_03399,2024-08-21,Mangaluru,Karnataka,South,New & Promising
IND_CUST_03400,2023-09-24,Coimbatore,Tamil Nadu,South,At Risk
IND_CUST_03401,2024-02-19,Pune,Maharashtra,West,New & Promising
IND_CUST_03402,2024-10-07,Mumbai,Maharashtra,West,Champions
IND_CUST_03403,2023-09-24,Thiruvananthapuram,Kerala,South,At Risk
IND_CUST_03404,2023-11-29,Hubballi,Karnataka,South,Loyal Customers
IND_CUST_03405,2024-03-25,Kanpur,Uttar Pradesh,North,Loyal Customers
IND_CUST_03406,2024-07-18,Kanpur,Uttar Pradesh,North,New & Promising
IND_CUST_03407,2024-09-02,Ahmedabad,Gujarat,West,At Risk
IND_CUST_03408,2023-09-04,Kozhikode,Kerala,South,New & Promising
IND_CUST_03409,2023-02-05,Mangaluru,Karnataka,South,Lost Customers
IND_CUST_03410,2024-02-05,Nashik,Maharashtra,West,Champions
IND_CUST_03411,2023-01-28,New Delhi,Delhi,North,Champions
IND_CUST_03412,2023-08-08,Pune,Maharashtra,West,Loyal Customers
IND_CUST_03413,2024-02-10,Mumbai,Maharashtra,West,Champions
IND_CUST_03414,2024-09-05,Mysuru,Karnataka,South,Champions
IND_CUST_03415,2023-09-28,Lucknow,Uttar Pradesh,North,Lost Customers
IND_CUST_03416,2024-10-12,Coimbatore,Tamil Nadu,South,Champions
IND_CUST_03417,2024-05-25,Mysuru,Karnataka,South,Loyal Customers
IND_CUST_03418,2023-10-13,Warangal,Telangana,South,New & Promising
IND_CUST_03419,2024-03-29,Bengaluru,Karnataka,South,New & Promising
IND_CUST_03420,2023-11-13,Pune,Maharashtra,West,At Risk
IND_CUST_03421,2024-08-12,Kanpur,Uttar Pradesh,North,New & Promising
IND_CUST_03422,2023-10-24,Madurai,Tamil Nadu,South,New & Promising
IND_CUST_03423,2023-12-04,Lucknow,Uttar Pradesh,North,Loyal Customers
IND_CUST_03424,2023-11-03,Nagpur,Maharashtra,West,New & Promising
IND_CUST_03425,2024-03-03,Rajkot,Gujarat,West,New & Promising
IND_CUST_03426,2023-12-17,Chennai,Tamil Nadu,South,At Risk
IND_CUST_03427,2024-05-25,Chennai,Tamil Nadu,South,At Risk
IND_CUST_03428,2024-06-08,Coimbatore,Tamil Nadu,South,New & Promising
IND_CUST_03429,2024-05-06,Surat,Gujarat,West,Potential Loyalists
IND_CUST_03430,2024-08-16,Tiruchirappalli,Tamil Nadu,South,New & Promising
IND_CUST_03431,2023-01-09,Coimbatore,Tamil Nadu,South,Champions
IND_CUST_03432,2024-05-11,Kozhikode,Kerala,South,Lost Customers
IND_CUST_03433,2024-07-13,Noida,Uttar Pradesh,North,New & Promising
IND_CUST_03434,2024-07-14,South Delhi,Delhi,North,Loyal Customers
IND_CUST_03435,2024-03-15,Hyderabad,Telangana,South,At Risk
IND_CUST_03436,2024-07-05,Hubballi,Karnataka,South,At Risk
IND_CUST_03437,2023-04-18,Bengaluru,Karnataka,South,Loyal Customers
IND_CUST_03438,2023-09-02,Coimbatore,Tamil Nadu,South,Lost Customers
IND_CUST_03439,2023-09-12,Siliguri,West Bengal,East,Loyal Customers
IND_CUST_03440,2023-02-02,Kolkata,West Bengal,East,New & Promising
IND_CUST_03441,2023-01-23,Hubballi,Karnataka,South,Loyal Customers
IND_CUST_03442,2024-07-19,Dwarka,Delhi,North,New & Promising
IND_CUST_03443,2023-02-18,Pune,Maharashtra,West,Lost Customers
IND_CUST_03444,2024-04-06,Kochi,Kerala,South,Loyal Customers
IND_CUST_03445,2024-08-12,Thrissur,Kerala,South,Champions
IND_CUST_03446,2023-12-02,Madurai,Tamil Nadu,South,Lost Customers
IND_CUST_03447,2023-12-24,Lucknow,Uttar Pradesh,North,New & Promising
IND_CUST_03448,2023-05-02,Warangal,Telangana,South,Lost Customers
IND_CUST_03449,2024-03-19,Chennai,Tamil Nadu,South,Lost Customers
IND_CUST_03450,2023-12-25,Nagpur,Maharashtra,West,Lost Customers
IND_CUST_03451,2024-08-24,South Delhi,Delhi,North,Lost Customers
IND_CUST_03452,2023-12-12,Warangal,Telangana,South,Lost Customers
IND_CUST_03453,2023-07-12,Warangal,Telangana,South,Loyal Customers
IND_CUST_03454,2024-02-20,Bengaluru,Karnataka,South,New & Promising
IND_CUST_03455,2024-01-12,Kota,Rajasthan,North,New & Promising
IND_CUST_03456,2024-04-07,Nagpur,Maharashtra,West,Champions
IND_CUST_03457,2024-10-22,South Delhi,Delhi,North,New & Promising
IND_CUST_03458,2023-05-26,Hyderabad,Telangana,South,Loyal Customers
IND_CUST_03459,2024-04-22,Hyderabad,Telangana,South,Lost Customers
IND_CUST_03460,2024-10-14,Coimbatore,Tamil Nadu,South,Loyal Customers
IND_CUST_03461,2024-02-12,Mysuru,Karnataka,South,New & Promising
IND_CUST_03462,2023-10-13,Nashik,Maharashtra,West,Lost Customers
IND_CUST_03463,2023-04-21,Chennai,Tamil Nadu,South,Loyal Customers
IND_CUST_03464,2024-09-11,Tiruchirappalli,Tamil Nadu,South,New & Promising
IND_CUST_03465,2023-02-19,Mumbai,Maharashtra,West,New & Promising
IND_CUST_03466,2023-01-14,Nizamabad,Telangana,South,Loyal Customers
IND_CUST_03467,2023-05-14,New Delhi,Delhi,North,At Risk
IND_CUST_03468,2024-08-10,Hyderabad,Telangana,South,New & Promising
IND_CUST_03469,2024-08-18,Vadodara,Gujarat,West,Champions
IND_CUST_03470,2023-12-09,Mumbai,Maharashtra,West,New & Promising
IND_CUST_03471,2023-10-13,Nashik,Maharashtra,West,Lost Customers
IND_CUST_03472,2023-11-10,Lucknow,Uttar Pradesh,North,New & Promising
IND_CUST_03473,2024-08-28,Tiruchirappalli,Tamil Nadu,South,Champions
IND_CUST_03474,2023-10-24,Nizamabad,Telangana,South,New & Promising
IND_CUST_03475,2024-08-28,Ahmedabad,Gujarat,West,New & Promising
IND_CUST_03476,2024-07-22,Lucknow,Uttar Pradesh,North,Loyal Customers
IND_CUST_03477,2023-06-13,Jodhpur,Rajasthan,North,Champions
IND_CUST_03478,2024-05-11,Dwarka,Delhi,North,At Risk
IND_CUST_03479,2024-09-01,North Delhi,Delhi,North,Loyal Customers
IND_CUST_03480,2023-01-16,Dwarka,Delhi,North,Champions
IND_CUST_03481,2023-12-10,Pune,Maharashtra,West,Potential Loyalists
IND_CUST_03482,2023-03-19,Tiruchirappalli,Tamil Nadu,South,New & Promising
IND_CUST_03483,2023-12-12,Bengaluru,Karnataka,South,New & Promising
IND_CUST_03484,2023-03-13,Kolkata,West Bengal,East,Loyal Customers
IND_CUST_03485,2023-09-27,Chennai,Tamil Nadu,South,At Risk
IND_CUST_03486,2023-10-14,Chennai,Tamil Nadu,South,New & Promising
IND_CUST_03487,2023-03-07,Mysuru,Karnataka,South,Champions
IND_CUST_03488,2023-03-09,Nagpur,Maharashtra,West,Champions
IND_CUST_03489,2023-07-12,Nashik,Maharashtra,West,New & Promising
IND_CUST_03490,2023-02-24,South Delhi,Delhi,North,New & Promising
IND_CUST_03491,2024-01-14,Pune,Maharashtra,West,At Risk
IND_CUST_03492,2023-06-17,Coimbatore,Tamil Nadu,South,New & Promising
IND_CUST_03493,2024-02-13,Vadodara,Gujarat,West,Lost Customers
IND_CUST_03494,2024-05-22,Vadodara,Gujarat,West,New & Promising
IND_CUST_03495,2024-06-20,Warangal,Telangana,South,New & Promising
IND_CUST_03496,2024-10-04,Pune,Maharashtra,West,Loyal Customers
IND_CUST_03497,2023-04-12,Rajkot,Gujarat,West,New & Promising
IND_CUST_03498,2024-02-26,Ahmedabad,Gujarat,West,Loyal Customers
IND_CUST_03499,2024-04-22,Mumbai,Maharashtra,West,New & Promising
IND_CUST_03500,2023-04-30,Nizamabad,Telangana,South,At Risk
IND_CUST_03501,2023-10-18,Mysuru,Karnataka,South,Champions
IND_CUST_03502,2024-05-02,Kanpur,Uttar Pradesh,North,Loyal Customers
IND_CUST_03503,2023-06-10,Kochi,Kerala,South,Champions
IND_CUST_03504,2023-03-19,Mumbai,Maharashtra,West,New & Promising
IND_CUST_03505,2023-02-07,Siliguri,West Bengal,East,New & Promising
IND_CUST_03506,2024-01-29,Chennai,Tamil Nadu,South,New & Promising
IND_CUST_03507,2024-03-16,Thiruvananthapuram,Kerala,South,Loyal Customers
IND_CUST_03508,2024-06-23,Dwarka,Delhi,North,Champions
IND_CUST_03509,2024-04-06,Vadodara,Gujarat,West,New & Promising
IND_CUST_03510,2024-09-03,Pune,Maharashtra,West,Champions
IND_CUST_03511,2023-10-21,Mysuru,Karnataka,South,New & Promising
IND_CUST_03512,2024-02-04,Mumbai,Maharashtra,West,Lost Customers
IND_CUST_03513,2024-09-27,Thiruvananthapuram,Kerala,South,Loyal Customers
IND_CUST_03514,2023-04-02,Lucknow,Uttar Pradesh,North,New & Promising
IND_CUST_03515,2024-08-31,Rajkot,Gujarat,West,Loyal Customers
IND_CUST_03516,2023-01-06,Howrah,West Bengal,East,Lost Customers
IND_CUST_03517,2023-09-28,Pune,Maharashtra,West,Champions
IND_CUST_03518,2024-09-11,Mangaluru,Karnataka,South,Loyal Customers
IND_CUST_03519,2024-07-12,Pune,Maharashtra,West,Loyal Customers
IND_CUST_03520,2023-04-09,Pune,Maharashtra,West,Lost Customers
IND_CUST_03521,2024-06-09,Bengaluru,Karnataka,South,New & Promising
IND_CUST_03522,2023-07-13,South Delhi,Delhi,North,Loyal Customers
IND_CUST_03523,2023-06-06,Bengaluru,Karnataka,South,New & Promising
IND_CUST_03524,2024-10-27,Nagpur,Maharashtra,West,New & Promising
IND_CUST_03525,2023-04-25,Nashik,Maharashtra,West,New & Promising
IND_CUST_03526,2024-01-31,Nashik,Maharashtra,West,Loyal Customers
IND_CUST_03527,2024-10-18,Thrissur,Kerala,South,New & Promising
IND_CUST_03528,2024-06-05,Kanpur,Uttar Pradesh,North,New & Promising
IND_CUST_03529,2023-08-02,Udaipur,Rajasthan,North,New & Promising
IND_CUST_03530,2024-06-16,Dwarka,Delhi,North,Potential Loyalists
IND_CUST_03531,2023-01-15,Hubballi,Karnataka,South,Loyal Customers
IND_CUST_03532,2024-02-23,Noida,Uttar Pradesh,North,New & Promising
IND_CUST_03533,2024-01-03,Mangaluru,Karnataka,South,New & Promising
IND_CUST_03534,2024-09-29,Bengaluru,Karnataka,South,Loyal Customers
IND_CUST_03535,2023-08-01,Mysuru,Karnataka,South,New & Promising
IND_CUST_03536,2023-01-05,Nagpur,Maharashtra,West,New & Promising
IND_CUST_03537,2023-08-19,Bengaluru,Karnataka,South,New & Promising
IND_CUST_03538,2023-07-20,Mysuru,Karnataka,South,Lost Customers
IND_CUST_03539,2024-02-06,Warangal,Telangana,South,New & Promising
IND_CUST_03540,2023-05-29,Mumbai,Maharashtra,West,Lost Customers
IND_CUST_03541,2024-08-06,Nashik,Maharashtra,West,Loyal Customers
IND_CUST_03542,2024-05-06,Agra,Uttar Pradesh,North,Loyal Customers
IND_CUST_03543,2023-08-14,Nashik,Maharashtra,West,Lost Customers
IND_CUST_03544,2024-08-08,Hubballi,Karnataka,South,New & Promising
IND_CUST_03545,2023-06-18,Rajkot,Gujarat,West,New & Promising
IND_CUST_03546,2023-06-01,Nagpur,Maharashtra,West,Loyal Customers
IND_CUST_03547,2023-08-12,Mumbai,Maharashtra,West,New & Promising
IND_CUST_03548,2024-05-18,South Delhi,Delhi,North,Loyal Customers
IND_CUST_03549,2024-07-03,Mysuru,Karnataka,South,New & Promising
IND_CUST_03550,2023-02-13,Madurai,Tamil Nadu,South,Loyal Customers
IND_CUST_03551,2024-05-18,Varanasi,Uttar Pradesh,North,Lost Customers
IND_CUST_03552,2023-08-29,Nashik,Maharashtra,West,Loyal Customers
IND_CUST_03553,2023-12-17,Tiruchirappalli,Tamil Nadu,South,New & Promising
IND_CUST_03554,2023-01-23,South Delhi,Delhi,North,New & Promising
IND_CUST_03555,2024-09-27,Nashik,Maharashtra,West,New & Promising
IND_CUST_03556,2024-08-20,Tiruchirappalli,Tamil Nadu,South,Potential Loyalists
IND_CUST_03557,2023-02-12,Mysuru,Karnataka,South,New & Promising
IND_CUST_03558,2024-04-10,South Delhi,Delhi,North,Lost Customers
IND_CUST_03559,2023-02-09,Pune,Maharashtra,West,Lost Customers
IND_CUST_03560,2023-10-30,Dwarka,Delhi,North,New & Promising
IND_CUST_03561,2023-06-24,Mangaluru,Karnataka,South,New & Promising
IND_CUST_03562,2024-06-15,Rajkot,Gujarat,West,Loyal Customers
IND_CUST_03563,2024-04-05,Nagpur,Maharashtra,West,New & Promising
IND_CUST_03564,2024-09-12,New Delhi,Delhi,North,Champions
IND_CUST_03565,2023-07-12,Dwarka,Delhi,North,Loyal Customers
IND_CUST_03566,2023-09-01,Nizamabad,Telangana,South,At Risk
IND_CUST_03567,2023-10-07,Chennai,Tamil Nadu,South,Lost Customers
IND_CUST_03568,2023-02-05,Hyderabad,Telangana,South,New & Promising
IND_CUST_03569,2024-07-10,Noida,Uttar Pradesh,North,Champions
IND_CUST_03570,2024-06-23,Rajkot,Gujarat,West,Loyal Customers
IND_CUST_03571,2023-06-03,Mangaluru,Karnataka,South,New & Promising
IND_CUST_03572,2023-01-23,New Delhi,Delhi,North,Loyal Customers
IND_CUST_03573,2023-04-01,Ahmedabad,Gujarat,West,Lost Customers
IND_CUST_03574,2024-01-25,Thrissur,Kerala,South,At Risk
IND_CUST_03575,2023-12-25,Rajkot,Gujarat,West,Lost Customers
IND_CUST_03576,2024-07-03,Mysuru,Karnataka,South,Lost Customers
IND_CUST_03577,2023-08-16,Pune,Maharashtra,West,Lost Customers
IND_CUST_03578,2023-07-21,North Delhi,Delhi,North,New & Promising
IND_CUST_03579,2023-12-16,Agra,Uttar Pradesh,North,New & Promising
IND_CUST_03580,2023-02-07,South Delhi,Delhi,North,New & Promising
IND_CUST_03581,2024-05-14,Dwarka,Delhi,North,At Risk
IND_CUST_03582,2023-02-12,Surat,Gujarat,West,Lost Customers
IND_CUST_03583,2024-09-17,Hubballi,Karnataka,South,Champions
IND_CUST_03584,2024-05-31,Rajkot,Gujarat,West,New & Promising
IND_CUST_03585,2023-03-09,South Delhi,Delhi,North,Loyal Customers
IND_CUST_03586,2023-05-03,Bengaluru,Karnataka,South,New & Promising
IND_CUST_03587,2023-12-02,New Delhi,Delhi,North,New & Promising
IND_CUST_03588,2023-06-02,Agra,Uttar Pradesh,North,Potential Loyalists
IND_CUST_03589,2024-10-30,Pune,Maharashtra,West,Potential Loyalists
IND_CUST_03590,2023-06-11,Nashik,Maharashtra,West,New & Promising
IND_CUST_03591,2023-08-02,Jaipur,Rajasthan,North,Loyal Customers
IND_CUST_03592,2024-01-11,Pune,Maharashtra,West,New & Promising
IND_CUST_03593,2024-03-18,Coimbatore,Tamil Nadu,South,New & Promising
IND_CUST_03594,2024-02-27,Coimbatore,Tamil Nadu,South,At Risk
IND_CUST_03595,2024-06-21,North Delhi,Delhi,North,Champions
IND_CUST_03596,2024-09-25,Chennai,Tamil Nadu,South,New & Promising
IND_CUST_03597,2023-08-18,Mysuru,Karnataka,South,Lost Customers
IND_CUST_03598,2023-02-28,Chennai,Tamil Nadu,South,Lost Customers
IND_CUST_03599,2023-04-06,Bengaluru,Karnataka,South,New & Promising
IND_CUST_03600,2023-09-19,Warangal,Telangana,South,Champions
IND_CUST_03601,2023-12-20,Mumbai,Maharashtra,West,Champions
IND_CUST_03602,2023-11-08,Tiruchirappalli,Tamil Nadu,South,New & Promising
IND_CUST_03603,2023-05-16,Nashik,Maharashtra,West,Lost Customers
IND_CUST_03604,2024-04-17,Hubballi,Karnataka,South,At Risk
IND_CUST_03605,2024-09-23,Nashik,Maharashtra,West,Potential Loyalists
IND_CUST_03606,2024-03-05,Mumbai,Maharashtra,West,Loyal Customers
IND_CUST_03607,2024-06-20,Ahmedabad,Gujarat,West,Champions
IND_CUST_03608,2023-05-26,Mangaluru,Karnataka,South,Lost Customers
IND_CUST_03609,2024-06-07,Howrah,West Bengal,East,New & Promising
IND_CUST_03610,2023-03-28,Jodhpur,Rajasthan,North,New & Promising
IND_CUST_03611,2023-04-19,Chennai,Tamil Nadu,South,At Risk
IND_CUST_03612,2024-02-27,Pune,Maharashtra,West,New & Promising
IND_CUST_03613,2023-12-11,Hubballi,Karnataka,South,Champions
IND_CUST_03614,2023-09-23,Lucknow,Uttar Pradesh,North,New & Promising
IND_CUST_03615,2024-08-08,Bengaluru,Karnataka,South,Lost Customers
IND_CUST_03616,2024-05-08,Nashik,Maharashtra,West,Lost Customers
IND_CUST_03617,2023-11-29,Madurai,Tamil Nadu,South,Lost Customers
IND_CUST_03618,2024-02-17,Rajkot,Gujarat,West,New & Promising
IND_CUST_03619,2024-09-05,Varanasi,Uttar Pradesh,North,Loyal Customers
IND_CUST_03620,2024-10-10,Nagpur,Maharashtra,West,Loyal Customers
IND_CUST_03621,2023-07-10,Hyderabad,Telangana,South,Lost Customers
IND_CUST_03622,2023-05-22,Mangaluru,Karnataka,South,Loyal Customers
IND_CUST_03623,2023-03-14,Nashik,Maharashtra,West,Lost Customers
IND_CUST_03624,2023-06-16,Rajkot,Gujarat,West,New & Promising
IND_CUST_03625,2023-06-17,Mysuru,Karnataka,South,Lost Customers
IND_CUST_03626,2024-07-19,Mangaluru,Karnataka,South,New & Promising
IND_CUST_03627,2023-09-16,Nagpur,Maharashtra,West,Champions
IND_CUST_03628,2024-03-14,Ahmedabad,Gujarat,West,Loyal Customers
IND_CUST_03629,2023-04-21,Noida,Uttar Pradesh,North,New & Promising
IND_CUST_03630,2024-06-14,Madurai,Tamil Nadu,South,New & Promising
IND_CUST_03631,2023-10-17,Kanpur,Uttar Pradesh,North,New & Promising
IND_CUST_03632,2024-07-15,Mumbai,Maharashtra,West,New & Promising
IND_CUST_03633,2024-05-24,South Delhi,Delhi,North,Loyal Customers
IND_CUST_03634,2023-06-24,Mysuru,Karnataka,South,Champions
IND_CUST_03635,2023-10-29,Mumbai,Maharashtra,West,Lost Customers
IND_CUST_03636,2023-07-04,North Delhi,Delhi,North,Loyal Customers
IND_CUST_03637,2023-12-05,Siliguri,West Bengal,East,New & Promising
IND_CUST_03638,2024-05-24,Nashik,Maharashtra,West,New & Promising
IND_CUST_03639,2023-11-06,Hubballi,Karnataka,South,Champions
IND_CUST_03640,2024-05-21,Pune,Maharashtra,West,New & Promising
IND_CUST_03641,2023-12-12,Hubballi,Karnataka,South,Champions
IND_CUST_03642,2023-03-22,Durgapur,West Bengal,East,Lost Customers
IND_CUST_03643,2024-01-09,North Delhi,Delhi,North,Champions
IND_CUST_03644,2023-06-05,South Delhi,Delhi,North,New & Promising
IND_CUST_03645,2024-03-07,Noida,Uttar Pradesh,North,Lost Customers
IND_CUST_03646,2024-05-14,Mumbai,Maharashtra,West,Loyal Customers
IND_CUST_03647,2023-05-27,North Delhi,Delhi,North,At Risk
IND_CUST_03648,2024-04-25,South Delhi,Delhi,North,New & Promising
IND_CUST_03649,2024-03-10,Madurai,Tamil Nadu,South,Lost Customers
IND_CUST_03650,2024-06-02,Kozhikode,Kerala,South,Potential Loyalists
IND_CUST_03651,2024-10-30,Varanasi,Uttar Pradesh,North,New & Promising
IND_CUST_03652,2023-03-10,Mysuru,Karnataka,South,New & Promising
IND_CUST_03653,2024-08-28,Surat,Gujarat,West,Lost Customers
IND_CUST_03654,2023-07-05,Nashik,Maharashtra,West,New & Promising
IND_CUST_03655,2023-07-23,Pune,Maharashtra,West,New & Promising
IND_CUST_03656,2024-07-07,Pune,Maharashtra,West,Champions
IND_CUST_03657,2023-01-13,Mangaluru,Karnataka,South,Lost Customers
IND_CUST_03658,2024-10-27,New Delhi,Delhi,North,Potential Loyalists
IND_CUST_03659,2023-10-01,Coimbatore,Tamil Nadu,South,New & Promising
IND_CUST_03660,2023-10-25,Durgapur,West Bengal,East,At Risk
IND_CUST_03661,2023-02-20,South Delhi,Delhi,North,Loyal Customers
IND_CUST_03662,2024-05-14,New Delhi,Delhi,North,New & Promising
IND_CUST_03663,2024-01-04,Nagpur,Maharashtra,West,Loyal Customers
IND_CUST_03664,2024-10-17,Pune,Maharashtra,West,Champions
IND_CUST_03665,2023-12-23,Chennai,Tamil Nadu,South,Lost Customers
IND_CUST_03666,2023-01-03,Dwarka,Delhi,North,New & Promising
IND_CUST_03667,2023-09-11,Surat,Gujarat,West,Lost Customers
IND_CUST_03668,2024-04-19,Nashik,Maharashtra,West,New & Promising
IND_CUST_03669,2024-05-20,Mumbai,Maharashtra,West,New & Promising
IND_CUST_03670,2023-09-13,South Delhi,Delhi,North,New & Promising
IND_CUST_03671,2024-09-01,Mysuru,Karnataka,South,Loyal Customers
IND_CUST_03672,2023-05-30,Pune,Maharashtra,West,New & Promising
IND_CUST_03673,2024-05-02,Hyderabad,Telangana,South,New & Promising
IND_CUST_03674,2023-10-06,Nashik,Maharashtra,West,Lost Customers
IND_CUST_03675,2023-02-28,Chennai,Tamil Nadu,South,Champions
IND_CUST_03676,2024-03-21,Mysuru,Karnataka,South,New & Promising
IND_CUST_03677,2023-04-23,Mumbai,Maharashtra,West,Lost Customers
IND_CUST_03678,2024-07-22,Mysuru,Karnataka,South,New & Promising
IND_CUST_03679,2024-05-03,Noida,Uttar Pradesh,North,Champions
IND_CUST_03680,2024-02-11,Hubballi,Karnataka,South,Potential Loyalists
IND_CUST_03681,2024-01-02,Agra,Uttar Pradesh,North,At Risk
IND_CUST_03682,2023-03-01,Nagpur,Maharashtra,West,New & Promising
IND_CUST_03683,2023-11-25,Agra,Uttar Pradesh,North,Lost Customers
IND_CUST_03684,2024-04-13,Bengaluru,Karnataka,South,New & Promising
IND_CUST_03685,2024-07-20,Warangal,Telangana,South,New & Promising
IND_CUST_03686,2023-03-04,Tiruchirappalli,Tamil Nadu,South,New & Promising
IND_CUST_03687,2023-07-03,Kolkata,West Bengal,East,At Risk
IND_CUST_03688,2023-11-07,Mangaluru,Karnataka,South,Loyal Customers
IND_CUST_03689,2024-06-21,Mumbai,Maharashtra,West,New & Promising
IND_CUST_03690,2023-06-26,Nagpur,Maharashtra,West,New & Promising
IND_CUST_03691,2024-07-28,Ahmedabad,Gujarat,West,Champions
IND_CUST_03692,2024-03-04,North Delhi,Delhi,North,New & Promising
IND_CUST_03693,2023-03-14,Kanpur,Uttar Pradesh,North,Champions
IND_CUST_03694,2023-06-16,Mysuru,Karnataka,South,Lost Customers
IND_CUST_03695,2023-08-13,Mysuru,Karnataka,South,Loyal Customers
IND_CUST_03696,2024-07-30,Pune,Maharashtra,West,New & Promising
IND_CUST_03697,2024-08-03,Kota,Rajasthan,North,Champions
IND_CUST_03698,2023-01-09,Warangal,Telangana,South,New & Promising
IND_CUST_03699,2023-08-24,Siliguri,West Bengal,East,New & Promising
IND_CUST_03700,2023-01-28,Bengaluru,Karnataka,South,New & Promising
IND_CUST_03701,2024-10-07,Coimbatore,Tamil Nadu,South,Loyal Customers
IND_CUST_03702,2023-01-27,Nizamabad,Telangana,South,Champions
IND_CUST_03703,2024-07-03,Mysuru,Karnataka,South,Champions
IND_CUST_03704,2023-07-15,Ahmedabad,Gujarat,West,Champions
IND_CUST_03705,2023-07-22,Udaipur,Rajasthan,North,Champions
IND_CUST_03706,2023-03-26,Vadodara,Gujarat,West,At Risk
IND_CUST_03707,2023-01-30,Hyderabad,Telangana,South,Champions
IND_CUST_03708,2024-04-10,Hubballi,Karnataka,South,Champions
IND_CUST_03709,2023-04-09,Bengaluru,Karnataka,South,Lost Customers
IND_CUST_03710,2023-07-09,Udaipur,Rajasthan,North,Loyal Customers
IND_CUST_03711,2023-01-12,Nagpur,Maharashtra,West,At Risk
IND_CUST_03712,2024-08-25,Hyderabad,Telangana,South,Loyal Customers
IND_CUST_03713,2023-01-30,Hyderabad,Telangana,South,Loyal Customers
IND_CUST_03714,2023-02-07,Madurai,Tamil Nadu,South,New & Promising
IND_CUST_03715,2024-07-25,Kozhikode,Kerala,South,New & Promising
IND_CUST_03716,2023-10-21,Bengaluru,Karnataka,South,Loyal Customers
IND_CUST_03717,2023-12-26,Mangaluru,Karnataka,South,New & Promising
IND_CUST_03718,2024-10-16,Mumbai,Maharashtra,West,New & Promising
IND_CUST_03719,2023-06-29,South Delhi,Delhi,North,New & Promising
IND_CUST_03720,2023-04-22,Hubballi,Karnataka,South,New & Promising
IND_CUST_03721,2024-03-19,Hubballi,Karnataka,South,New & Promising
IND_CUST_03722,2023-01-21,Ahmedabad,Gujarat,West,At Risk
IND_CUST_03723,2023-05-25,Siliguri,West Bengal,East,Champions
IND_CUST_03724,2024-05-13,Nashik,Maharashtra,West,New & Promising
IND_CUST_03725,2023-05-26,Mysuru,Karnataka,South,New & Promising
IND_CUST_03726,2024-03-16,Durgapur,West Bengal,East,Champions
IND_CUST_03727,2024-02-25,Mumbai,Maharashtra,West,Potential Loyalists
IND_CUST_03728,2023-11-12,Nagpur,Maharashtra,West,Lost Customers
IND_CUST_03729,2023-06-15,Mumbai,Maharashtra,West,Loyal Customers
IND_CUST_03730,2024-10-13,Coimbatore,Tamil Nadu,South,Potential Loyalists
IND_CUST_03731,2023-07-22,Mumbai,Maharashtra,West,Loyal Customers
IND_CUST_03732,2024-05-10,Udaipur,Rajasthan,North,Loyal Customers
IND_CUST_03733,2024-09-16,North Delhi,Delhi,North,New & Promising
IND_CUST_03734,2024-04-12,North Delhi,Delhi,North,New & Promising
IND_CUST_03735,2024-01-20,Hubballi,Karnataka,South,New & Promising
IND_CUST_03736,2023-11-10,South Delhi,Delhi,North,Loyal Customers
IND_CUST_03737,2023-09-12,Nizamabad,Telangana,South,At Risk
IND_CUST_03738,2023-01-23,Agra,Uttar Pradesh,North,Lost Customers
IND_CUST_03739,2023-12-05,Noida,Uttar Pradesh,North,Lost Customers
IND_CUST_03740,2024-05-07,Chennai,Tamil Nadu,South,Loyal Customers
IND_CUST_03741,2024-05-25,Durgapur,West Bengal,East,Champions
IND_CUST_03742,2024-01-01,Kanpur,Uttar Pradesh,North,New & Promising
IND_CUST_03743,2024-01-07,Kanpur,Uttar Pradesh,North,Loyal Customers
IND_CUST_03744,2024-08-21,Nashik,Maharashtra,West,Loyal Customers
IND_CUST_03745,2023-08-07,Nashik,Maharashtra,West,New & Promising
IND_CUST_03746,2024-04-19,Mumbai,Maharashtra,West,New & Promising
IND_CUST_03747,2024-02-27,Warangal,Telangana,South,New & Promising
IND_CUST_03748,2023-12-22,Dwarka,Delhi,North,New & Promising
IND_CUST_03749,2024-04-04,New Delhi,Delhi,North,Lost Customers
IND_CUST_03750,2024-05-17,Surat,Gujarat,West,Lost Customers
IND_CUST_03751,2023-01-27,Siliguri,West Bengal,East,Lost Customers
IND_CUST_03752,2023-08-11,Siliguri,West Bengal,East,New & Promising
IND_CUST_03753,2023-05-28,Bengaluru,Karnataka,South,Lost Customers
IND_CUST_03754,2024-02-28,Hyderabad,Telangana,South,Loyal Customers
IND_CUST_03755,2023-12-17,Mangaluru,Karnataka,South,New & Promising
IND_CUST_03756,2023-07-05,Nagpur,Maharashtra,West,New & Promising
IND_CUST_03757,2024-02-19,Mumbai,Maharashtra,West,Loyal Customers
IND_CUST_03758,2024-03-04,Hubballi,Karnataka,South,Lost Customers
IND_CUST_03759,2023-02-10,South Delhi,Delhi,North,Lost Customers
IND_CUST_03760,2024-01-28,Rajkot,Gujarat,West,Lost Customers
IND_CUST_03761,2023-03-20,Pune,Maharashtra,West,Lost Customers
IND_CUST_03762,2024-06-27,Hyderabad,Telangana,South,Champions
IND_CUST_03763,2024-03-25,Dwarka,Delhi,North,New & Promising
IND_CUST_03764,2024-04-18,Mangaluru,Karnataka,South,Loyal Customers
IND_CUST_03765,2023-05-22,South Delhi,Delhi,North,New & Promising
IND_CUST_03766,2023-09-08,Mangaluru,Karnataka,South,Champions
IND_CUST_03767,2023-10-21,Chennai,Tamil Nadu,South,New & Promising
IND_CUST_03768,2024-09-01,North Delhi,Delhi,North,Champions
IND_CUST_03769,2023-05-16,Nashik,Maharashtra,West,New & Promising
IND_CUST_03770,2024-04-28,Nashik,Maharashtra,West,New & Promising
IND_CUST_03771,2023-11-08,Coimbatore,Tamil Nadu,South,Champions
IND_CUST_03772,2024-07-08,Kolkata,West Bengal,East,Loyal Customers
IND_CUST_03773,2024-09-23,Bengaluru,Karnataka,South,New & Promising
IND_CUST_03774,2023-02-15,Nizamabad,Telangana,South,Lost Customers
IND_CUST_03775,2023-08-24,Warangal,Telangana,South,New & Promising
IND_CUST_03776,2023-02-17,Howrah,West Bengal,East,Lost Customers
IND_CUST_03777,2023-07-17,Surat,Gujarat,West,Lost Customers
IND_CUST_03778,2023-03-25,Tiruchirappalli,Tamil Nadu,South,Lost Customers
IND_CUST_03779,2024-06-26,Hyderabad,Telangana,South,New & Promising
IND_CUST_03780,2023-06-10,Siliguri,West Bengal,East,New & Promising
IND_CUST_03781,2024-03-03,Mangaluru,Karnataka,South,New & Promising
IND_CUST_03782,2023-03-12,Bengaluru,Karnataka,South,New & Promising
IND_CUST_03783,2024-06-03,Nashik,Maharashtra,West,New & Promising
IND_CUST_03784,2023-02-21,Ahmedabad,Gujarat,West,Loyal Customers
IND_CUST_03785,2023-02-14,Noida,Uttar Pradesh,North,New & Promising
IND_CUST_03786,2023-10-20,Nagpur,Maharashtra,West,New & Promising
IND_CUST_03787,2024-04-09,Tiruchirappalli,Tamil Nadu,South,New & Promising
IND_CUST_03788,2024-07-03,New Delhi,Delhi,North,Lost Customers
IND_CUST_03789,2024-01-15,Pune,Maharashtra,West,Loyal Customers
IND_CUST_03790,2024-04-22,Thiruvananthapuram,Kerala,South,Lost Customers
IND_CUST_03791,2023-09-19,Pune,Maharashtra,West,New & Promising
IND_CUST_03792,2024-08-02,Nagpur,Maharashtra,West,Champions
IND_CUST_03793,2023-06-28,Chennai,Tamil Nadu,South,Loyal Customers
IND_CUST_03794,2023-12-23,Nizamabad,Telangana,South,New & Promising
IND_CUST_03795,2024-02-23,Nashik,Maharashtra,West,Potential Loyalists
IND_CUST_03796,2023-07-20,Hyderabad,Telangana,South,Lost Customers
IND_CUST_03797,2023-01-13,North Delhi,Delhi,North,New & Promising
IND_CUST_03798,2024-03-18,Mumbai,Maharashtra,West,New & Promising
IND_CUST_03799,2023-10-13,Mumbai,Maharashtra,West,New & Promising
IND_CUST_03800,2023-09-15,Chennai,Tamil Nadu,South,New & Promising
IND_CUST_03801,2024-07-23,Hubballi,Karnataka,South,Champions
IND_CUST_03802,2024-07-01,Durgapur,West Bengal,East,Lost Customers
IND_CUST_03803,2024-05-04,Agra,Uttar Pradesh,North,Loyal Customers
IND_CUST_03804,2024-05-12,Kochi,Kerala,South,Lost Customers
IND_CUST_03805,2023-11-29,Bengaluru,Karnataka,South,New & Promising
IND_CUST_03806,2024-07-15,Udaipur,Rajasthan,North,New & Promising
IND_CUST_03807,2023-02-01,South Delhi,Delhi,North,New & Promising
IND_CUST_03808,2024-09-01,Hubballi,Karnataka,South,New & Promising
IND_CUST_03809,2023-02-12,Mumbai,Maharashtra,West,New & Promising
IND_CUST_03810,2023-12-17,Pune,Maharashtra,West,New & Promising
IND_CUST_03811,2023-11-30,Warangal,Telangana,South,New & Promising
IND_CUST_03812,2024-07-12,North Delhi,Delhi,North,New & Promising
IND_CUST_03813,2023-09-27,Mangaluru,Karnataka,South,Champions
IND_CUST_03814,2024-02-17,Chennai,Tamil Nadu,South,New & Promising
IND_CUST_03815,2024-07-28,Mysuru,Karnataka,South,New & Promising
IND_CUST_03816,2023-01-19,Coimbatore,Tamil Nadu,South,At Risk
IND_CUST_03817,2023-12-13,Mysuru,Karnataka,South,New & Promising
IND_CUST_03818,2024-09-04,Ahmedabad,Gujarat,West,Loyal Customers
IND_CUST_03819,2023-02-06,Surat,Gujarat,West,New & Promising
IND_CUST_03820,2024-09-10,North Delhi,Delhi,North,New & Promising
IND_CUST_03821,2023-04-02,Bengaluru,Karnataka,South,New & Promising
IND_CUST_03822,2023-07-04,Mangaluru,Karnataka,South,Lost Customers
IND_CUST_03823,2023-01-28,Lucknow,Uttar Pradesh,North,Champions
IND_CUST_03824,2024-07-01,Hubballi,Karnataka,South,Loyal Customers
IND_CUST_03825,2024-01-07,Nashik,Maharashtra,West,New & Promising
IND_CUST_03826,2024-06-13,Nashik,Maharashtra,West,New & Promising
IND_CUST_03827,2023-12-11,North Delhi,Delhi,North,Loyal Customers
IND_CUST_03828,2024-02-23,New Delhi,Delhi,North,New & Promising
IND_CUST_03829,2023-07-15,Rajkot,Gujarat,West,New & Promising
IND_CUST_03830,2023-03-19,Hubballi,Karnataka,South,Loyal Customers
IND_CUST_03831,2023-06-16,Hubballi,Karnataka,South,New & Promising
IND_CUST_03832,2023-03-31,Kanpur,Uttar Pradesh,North,Champions
IND_CUST_03833,2023-09-21,Rajkot,Gujarat,West,Loyal Customers
IND_CUST_03834,2024-04-16,Mysuru,Karnataka,South,New & Promising
IND_CUST_03835,2023-07-27,North Delhi,Delhi,North,Loyal Customers
IND_CUST_03836,2023-09-28,Hubballi,Karnataka,South,New & Promising
IND_CUST_03837,2023-09-20,Howrah,West Bengal,East,At Risk
IND_CUST_03838,2024-05-20,Nagpur,Maharashtra,West,New & Promising
IND_CUST_03839,2024-05-26,Siliguri,West Bengal,East,Lost Customers
IND_CUST_03840,2024-07-29,Hyderabad,Telangana,South,Loyal Customers
IND_CUST_03841,2024-06-07,Dwarka,Delhi,North,New & Promising
IND_CUST_03842,2023-11-08,Nashik,Maharashtra,West,Loyal Customers
IND_CUST_03843,2023-06-23,South Delhi,Delhi,North,At Risk
IND_CUST_03844,2024-03-06,Dwarka,Delhi,North,New & Promising
IND_CUST_03845,2024-04-07,Pune,Maharashtra,West,New & Promising
IND_CUST_03846,2023-04-11,Nizamabad,Telangana,South,At Risk
IND_CUST_03847,2023-01-16,Kochi,Kerala,South,Lost Customers
IND_CUST_03848,2023-09-15,Coimbatore,Tamil Nadu,South,Loyal Customers
IND_CUST_03849,2023-09-01,Hyderabad,Telangana,South,Loyal Customers
IND_CUST_03850,2023-12-14,Mumbai,Maharashtra,West,Champions
IND_CUST_03851,2023-09-06,Dwarka,Delhi,North,At Risk
IND_CUST_03852,2023-04-15,Nashik,Maharashtra,West,Lost Customers
IND_CUST_03853,2024-10-28,Madurai,Tamil Nadu,South,Champions
IND_CUST_03854,2023-10-14,Durgapur,West Bengal,East,Loyal Customers
IND_CUST_03855,2023-06-18,Hyderabad,Telangana,South,Champions
IND_CUST_03856,2024-02-24,Mumbai,Maharashtra,West,New & Promising
IND_CUST_03857,2023-02-16,Mysuru,Karnataka,South,New & Promising
IND_CUST_03858,2023-02-12,Chennai,Tamil Nadu,South,At Risk
IND_CUST_03859,2023-11-17,South Delhi,Delhi,North,New & Promising
IND_CUST_03860,2023-08-09,Vadodara,Gujarat,West,New & Promising
IND_CUST_03861,2024-05-27,Varanasi,Uttar Pradesh,North,New & Promising
IND_CUST_03862,2024-03-16,Madurai,Tamil Nadu,South,New & Promising
IND_CUST_03863,2023-05-24,Bengaluru,Karnataka,South,Lost Customers
IND_CUST_03864,2023-01-28,Mangaluru,Karnataka,South,New & Promising
IND_CUST_03865,2024-07-06,Pune,Maharashtra,West,At Risk
IND_CUST_03866,2024-10-20,Mangaluru,Karnataka,South,New & Promising
IND_CUST_03867,2023-06-16,South Delhi,Delhi,North,New & Promising
IND_CUST_03868,2024-09-26,Hyderabad,Telangana,South,New & Promising
IND_CUST_03869,2024-08-08,Nizamabad,Telangana,South,New & Promising
IND_CUST_03870,2023-09-06,Nagpur,Maharashtra,West,Lost Customers
IND_CUST_03871,2023-12-23,Mysuru,Karnataka,South,At Risk
IND_CUST_03872,2023-04-21,Nagpur,Maharashtra,West,Lost Customers
IND_CUST_03873,2023-08-22,Pune,Maharashtra,West,New & Promising
IND_CUST_03874,2023-01-24,Ahmedabad,Gujarat,West,At Risk
IND_CUST_03875,2023-01-26,Nagpur,Maharashtra,West,At Risk
IND_CUST_03876,2024-01-16,Dwarka,Delhi,North,New & Promising
IND_CUST_03877,2023-12-12,Mumbai,Maharashtra,West,Lost Customers
IND_CUST_03878,2024-01-13,Rajkot,Gujarat,West,Lost Customers
IND_CUST_03879,2024-06-05,Tiruchirappalli,Tamil Nadu,South,New & Promising
IND_CUST_03880,2023-01-17,Mangaluru,Karnataka,South,New & Promising
IND_CUST_03881,2023-09-02,New Delhi,Delhi,North,Lost Customers
IND_CUST_03882,2024-09-15,Hyderabad,Telangana,South,New & Promising
IND_CUST_03883,2024-06-22,Udaipur,Rajasthan,North,New & Promising
IND_CUST_03884,2024-08-05,Mangaluru,Karnataka,South,At Risk
IND_CUST_03885,2023-07-21,Surat,Gujarat,West,New & Promising
IND_CUST_03886,2023-09-05,Siliguri,West Bengal,East,New & Promising
IND_CUST_03887,2023-04-28,Kolkata,West Bengal,East,New & Promising
IND_CUST_03888,2023-01-09,Coimbatore,Tamil Nadu,South,New & Promising
IND_CUST_03889,2024-08-20,Chennai,Tamil Nadu,South,Loyal Customers
IND_CUST_03890,2023-01-23,North Delhi,Delhi,North,New & Promising
IND_CUST_03891,2023-08-28,Noida,Uttar Pradesh,North,New & Promising
IND_CUST_03892,2024-08-07,North Delhi,Delhi,North,New & Promising
IND_CUST_03893,2023-01-27,Hyderabad,Telangana,South,At Risk
IND_CUST_03894,2023-03-22,North Delhi,Delhi,North,New & Promising
IND_CUST_03895,2024-08-18,Nizamabad,Telangana,South,New & Promising
IND_CUST_03896,2023-07-18,Surat,Gujarat,West,At Risk
IND_CUST_03897,2024-07-08,Pune,Maharashtra,West,Champions
IND_CUST_03898,2023-04-02,Rajkot,Gujarat,West,Potential Loyalists
IND_CUST_03899,2023-03-25,Madurai,Tamil Nadu,South,New & Promising
IND_CUST_03900,2023-10-27,Vadodara,Gujarat,West,Champions
IND_CUST_03901,2023-10-23,South Delhi,Delhi,North,New & Promising
IND_CUST_03902,2024-10-08,Mysuru,Karnataka,South,Champions
IND_CUST_03903,2024-03-29,Kolkata,West Bengal,East,New & Promising
IND_CUST_03904,2023-10-08,Mysuru,Karnataka,South,New & Promising
IND_CUST_03905,2023-02-28,Surat,Gujarat,West,Lost Customers
IND_CUST_03906,2023-12-08,Dwarka,Delhi,North,Champions
IND_CUST_03907,2024-04-09,New Delhi,Delhi,North,Champions
IND_CUST_03908,2023-12-08,Hubballi,Karnataka,South,Loyal Customers
IND_CUST_03909,2024-09-01,Tiruchirappalli,Tamil Nadu,South,Loyal Customers
IND_CUST_03910,2023-03-03,Mysuru,Karnataka,South,Lost Customers
IND_CUST_03911,2024-09-16,Mumbai,Maharashtra,West,Champions
IND_CUST_03912,2024-03-04,Hubballi,Karnataka,South,Loyal Customers
IND_CUST_03913,2024-10-19,Nagpur,Maharashtra,West,New & Promising
IND_CUST_03914,2023-09-13,Thiruvananthapuram,Kerala,South,New & Promising
IND_CUST_03915,2023-12-13,Udaipur,Rajasthan,North,Champions
IND_CUST_03916,2024-06-09,Hubballi,Karnataka,South,Champions
IND_CUST_03917,2023-10-31,Hyderabad,Telangana,South,New & Promising
IND_CUST_03918,2024-09-06,Mangaluru,Karnataka,South,New & Promising
IND_CUST_03919,2023-09-02,Hyderabad,Telangana,South,Champions
IND_CUST_03920,2024-02-16,Varanasi,Uttar Pradesh,North,New & Promising
IND_CUST_03921,2023-08-05,Kota,Rajasthan,North,Lost Customers
IND_CUST_03922,2024-05-30,South Delhi,Delhi,North,New & Promising
IND_CUST_03923,2024-04-18,Noida,Uttar Pradesh,North,Champions
IND_CUST_03924,2023-02-05,Hubballi,Karnataka,South,New & Promising
IND_CUST_03925,2023-06-27,Thiruvananthapuram,Kerala,South,New & Promising
IND_CUST_03926,2024-01-22,Mumbai,Maharashtra,West,New & Promising
IND_CUST_03927,2023-01-17,Tiruchirappalli,Tamil Nadu,South,At Risk
IND_CUST_03928,2023-02-17,Nizamabad,Telangana,South,Lost Customers
IND_CUST_03929,2023-03-03,Nizamabad,Telangana,South,Lost Customers
IND_CUST_03930,2023-03-10,Mumbai,Maharashtra,West,Lost Customers
IND_CUST_03931,2024-10-20,Kolkata,West Bengal,East,Loyal Customers
IND_CUST_03932,2024-01-01,Nashik,Maharashtra,West,Champions
IND_CUST_03933,2023-06-11,Tiruchirappalli,Tamil Nadu,South,New & Promising
IND_CUST_03934,2024-05-02,Mysuru,Karnataka,South,Loyal Customers
IND_CUST_03935,2024-03-06,Mangaluru,Karnataka,South,New & Promising
IND_CUST_03936,2024-05-03,Madurai,Tamil Nadu,South,Lost Customers
IND_CUST_03937,2023-08-18,North Delhi,Delhi,North,Loyal Customers
IND_CUST_03938,2024-01-05,Pune,Maharashtra,West,Loyal Customers
IND_CUST_03939,2023-06-27,Pune,Maharashtra,West,New & Promising
IND_CUST_03940,2024-02-14,New Delhi,Delhi,North,New & Promising
IND_CUST_03941,2024-07-21,Noida,Uttar Pradesh,North,New & Promising
IND_CUST_03942,2024-08-12,Kolkata,West Bengal,East,New & Promising
IND_CUST_03943,2023-09-27,Pune,Maharashtra,West,New & Promising
IND_CUST_03944,2023-07-25,Mysuru,Karnataka,South,Loyal Customers
IND_CUST_03945,2023-03-23,Nagpur,Maharashtra,West,New & Promising
IND_CUST_03946,2023-07-12,Pune,Maharashtra,West,New & Promising
IND_CUST_03947,2024-09-09,Nizamabad,Telangana,South,Loyal Customers
IND_CUST_03948,2023-07-08,Coimbatore,Tamil Nadu,South,New & Promising
IND_CUST_03949,2023-10-03,Pune,Maharashtra,West,New & Promising
IND_CUST_03950,2023-03-15,Mangaluru,Karnataka,South,New & Promising
IND_CUST_03951,2023-01-10,Pune,Maharashtra,West,Lost Customers
IND_CUST_03952,2024-09-26,Surat,Gujarat,West,New & Promising
IND_CUST_03953,2023-08-04,Kozhikode,Kerala,South,New & Promising
IND_CUST_03954,2023-10-17,Nagpur,Maharashtra,West,New & Promising
IND_CUST_03955,2024-03-20,Mangaluru,Karnataka,South,Potential Loyalists
IND_CUST_03956,2024-07-05,Surat,Gujarat,West,Loyal Customers
IND_CUST_03957,2023-07-12,Howrah,West Bengal,East,Champions
IND_CUST_03958,2024-09-30,South Delhi,Delhi,North,Potential Loyalists
IND_CUST_03959,2023-10-16,Mumbai,Maharashtra,West,Loyal Customers
IND_CUST_03960,2024-08-05,Mumbai,Maharashtra,West,New & Promising
IND_CUST_03961,2024-10-10,Chennai,Tamil Nadu,South,Loyal Customers
IND_CUST_03962,2023-05-24,Hubballi,Karnataka,South,Loyal Customers
IND_CUST_03963,2024-01-24,Nagpur,Maharashtra,West,New & Promising
IND_CUST_03964,2024-02-11,Chennai,Tamil Nadu,South,Loyal Customers
IND_CUST_03965,2024-01-05,Mumbai,Maharashtra,West,New & Promising
IND_CUST_03966,2024-03-16,Lucknow,Uttar Pradesh,North,At Risk
IND_CUST_03967,2024-10-12,Hubballi,Karnataka,South,New & Promising
IND_CUST_03968,2024-07-17,Nagpur,Maharashtra,West,Loyal Customers
IND_CUST_03969,2024-06-12,Chennai,Tamil Nadu,South,New & Promising
IND_CUST_03970,2023-01-13,Bengaluru,Karnataka,South,New & Promising
IND_CUST_03971,2023-12-06,Thrissur,Kerala,South,New & Promising
IND_CUST_03972,2023-11-08,Madurai,Tamil Nadu,South,Champions
IND_CUST_03973,2023-04-14,Mangaluru,Karnataka,South,New & Promising
IND_CUST_03974,2023-12-05,Warangal,Telangana,South,Champions
IND_CUST_03975,2023-07-17,Mangaluru,Karnataka,South,Lost Customers
IND_CUST_03976,2023-10-27,Kolkata,West Bengal,East,Lost Customers
IND_CUST_03977,2024-03-19,Hubballi,Karnataka,South,Champions
IND_CUST_03978,2023-12-25,Madurai,Tamil Nadu,South,At Risk
IND_CUST_03979,2024-01-03,Nashik,Maharashtra,West,New & Promising
IND_CUST_03980,2023-06-18,Dwarka,Delhi,North,At Risk
IND_CUST_03981,2023-05-29,Surat,Gujarat,West,Loyal Customers
IND_CUST_03982,2023-02-11,Agra,Uttar Pradesh,North,New & Promising
IND_CUST_03983,2023-07-21,Bengaluru,Karnataka,South,Loyal Customers
IND_CUST_03984,2023-09-01,Bengaluru,Karnataka,South,Lost Customers
IND_CUST_03985,2024-10-30,Varanasi,Uttar Pradesh,North,New & Promising
IND_CUST_03986,2024-04-08,Siliguri,West Bengal,East,Loyal Customers
IND_CUST_03987,2024-03-24,Mumbai,Maharashtra,West,Lost Customers
IND_CUST_03988,2024-03-12,Dwarka,Delhi,North,Champions
IND_CUST_03989,2024-06-14,Hubballi,Karnataka,South,Potential Loyalists
IND_CUST_03990,2024-07-18,Ahmedabad,Gujarat,West,New & Promising
IND_CUST_03991,2024-08-19,Pune,Maharashtra,West,New & Promising
IND_CUST_03992,2023-09-30,Pune,Maharashtra,West,Champions
IND_CUST_03993,2024-03-05,Kanpur,Uttar Pradesh,North,Loyal Customers
IND_CUST_03994,2023-08-01,Nagpur,Maharashtra,West,Lost Customers
IND_CUST_03995,2023-04-14,North Delhi,Delhi,North,Lost Customers
IND_CUST_03996,2023-07-11,South Delhi,Delhi,North,New & Promising
IND_CUST_03997,2024-10-20,Mysuru,Karnataka,South,Champions
IND_CUST_03998,2024-01-15,Mangaluru,Karnataka,South,Loyal Customers
IND_CUST_03999,2023-03-22,New Delhi,Delhi,North,Loyal Customers
IND_CUST_04000,2024-07-02,Mumbai,Maharashtra,West,Loyal Customers
IND_CUST_04001,2024-01-12,Tiruchirappalli,Tamil Nadu,South,New & Promising
IND_CUST_04002,2023-06-03,Lucknow,Uttar Pradesh,North,New & Promising
IND_CUST_04003,2024-10-03,Lucknow,Uttar Pradesh,North,New & Promising
IND_CUST_04004,2024-07-24,Pune,Maharashtra,West,Loyal Customers
IND_CUST_04005,2023-08-28,Nashik,Maharashtra,West,Lost Customers
IND_CUST_04006,2024-01-09,Bengaluru,Karnataka,South,Champions
IND_CUST_04007,2023-07-23,Hubballi,Karnataka,South,Champions
IND_CUST_04008,2024-09-02,South Delhi,Delhi,North,Lost Customers
IND_CUST_04009,2023-12-16,Hyderabad,Telangana,South,At Risk
IND_CUST_04010,2023-05-23,Nashik,Maharashtra,West,At Risk
IND_CUST_04011,2023-07-08,Nagpur,Maharashtra,West,Loyal Customers
IND_CUST_04012,2023-09-29,Bengaluru,Karnataka,South,Champions
IND_CUST_04013,2024-06-15,Nizamabad,Telangana,South,New & Promising
IND_CUST_04014,2023-10-27,Pune,Maharashtra,West,Champions
IND_CUST_04015,2024-03-01,Coimbatore,Tamil Nadu,South,Lost Customers
IND_CUST_04016,2023-02-15,Mangaluru,Karnataka,South,Loyal Customers
IND_CUST_04017,2023-04-05,Surat,Gujarat,West,New & Promising
IND_CUST_04018,2023-03-05,Durgapur,West Bengal,East,New & Promising
IND_CUST_04019,2024-02-17,Bengaluru,Karnataka,South,New & Promising
IND_CUST_04020,2024-10-04,Bengaluru,Karnataka,South,New & Promising
IND_CUST_04021,2023-01-09,South Delhi,Delhi,North,Loyal Customers
IND_CUST_04022,2024-04-03,Mangaluru,Karnataka,South,At Risk
IND_CUST_04023,2024-02-13,Nizamabad,Telangana,South,Loyal Customers
IND_CUST_04024,2024-04-14,Vadodara,Gujarat,West,Lost Customers
IND_CUST_04025,2024-05-20,Hyderabad,Telangana,South,New & Promising
IND_CUST_04026,2023-03-14,Vadodara,Gujarat,West,At Risk
IND_CUST_04027,2023-03-25,Mysuru,Karnataka,South,Lost Customers
IND_CUST_04028,2023-02-28,Nagpur,Maharashtra,West,New & Promising
IND_CUST_04029,2023-01-21,Warangal,Telangana,South,Loyal Customers
IND_CUST_04030,2024-04-02,Bengaluru,Karnataka,South,Loyal Customers
IND_CUST_04031,2023-06-06,Warangal,Telangana,South,New & Promising
IND_CUST_04032,2023-11-25,Mangaluru,Karnataka,South,Champions
IND_CUST_04033,2024-07-26,Pune,Maharashtra,West,Lost Customers
IND_CUST_04034,2024-07-29,Thrissur,Kerala,South,New & Promising
IND_CUST_04035,2023-07-22,Nashik,Maharashtra,West,New & Promising
IND_CUST_04036,2024-10-02,Thiruvananthapuram,Kerala,South,Champions
IND_CUST_04037,2023-04-16,Kochi,Kerala,South,Champions
IND_CUST_04038,2023-05-02,Noida,Uttar Pradesh,North,Lost Customers
IND_CUST_04039,2023-11-14,Hyderabad,Telangana,South,New & Promising
IND_CUST_04040,2023-07-01,Chennai,Tamil Nadu,South,At Risk
IND_CUST_04041,2024-09-06,Vadodara,Gujarat,West,Lost Customers
IND_CUST_04042,2023-11-12,Bengaluru,Karnataka,South,New & Promising
IND_CUST_04043,2024-09-16,Dwarka,Delhi,North,Champions
IND_CUST_04044,2024-02-10,Coimbatore,Tamil Nadu,South,New & Promising
IND_CUST_04045,2023-03-11,New Delhi,Delhi,North,New & Promising
IND_CUST_04046,2023-06-09,South Delhi,Delhi,North,New & Promising
IND_CUST_04047,2023-08-28,Hubballi,Karnataka,South,Lost Customers
IND_CUST_04048,2024-06-06,Madurai,Tamil Nadu,South,New & Promising
IND_CUST_04049,2023-05-18,Surat,Gujarat,West,Loyal Customers
IND_CUST_04050,2024-05-09,Mumbai,Maharashtra,West,New & Promising
IND_CUST_04051,2023-09-04,Kolkata,West Bengal,East,Potential Loyalists
IND_CUST_04052,2024-06-26,Hyderabad,Telangana,South,Champions
IND_CUST_04053,2024-06-07,Surat,Gujarat,West,Champions
IND_CUST_04054,2023-08-31,Coimbatore,Tamil Nadu,South,Lost Customers
IND_CUST_04055,2024-09-11,Kanpur,Uttar Pradesh,North,Potential Loyalists
IND_CUST_04056,2023-12-02,Nagpur,Maharashtra,West,Lost Customers
IND_CUST_04057,2024-02-26,Noida,Uttar Pradesh,North,New & Promising
IND_CUST_04058,2023-07-13,Pune,Maharashtra,West,New & Promising
IND_CUST_04059,2023-11-04,Surat,Gujarat,West,New & Promising
IND_CUST_04060,2024-10-06,Kochi,Kerala,South,Champions
IND_CUST_04061,2024-05-20,Bengaluru,Karnataka,South,New & Promising
IND_CUST_04062,2023-10-08,Nashik,Maharashtra,West,At Risk
IND_CUST_04063,2024-03-14,Kanpur,Uttar Pradesh,North,New & Promising
IND_CUST_04064,2024-08-30,Hubballi,Karnataka,South,New & Promising
IND_CUST_04065,2024-04-27,Rajkot,Gujarat,West,New & Promising
IND_CUST_04066,2023-08-11,Mumbai,Maharashtra,West,At Risk
IND_CUST_04067,2023-04-27,Mumbai,Maharashtra,West,Loyal Customers
IND_CUST_04068,2023-07-11,Kozhikode,Kerala,South,Lost Customers
IND_CUST_04069,2024-09-09,Nizamabad,Telangana,South,Champions
IND_CUST_04070,2024-05-30,Rajkot,Gujarat,West,New & Promising
IND_CUST_04071,2024-06-13,Mysuru,Karnataka,South,New & Promising
IND_CUST_04072,2023-11-03,Warangal,Telangana,South,Lost Customers
IND_CUST_04073,2024-06-15,Madurai,Tamil Nadu,South,Loyal Customers
IND_CUST_04074,2023-05-02,Tiruchirappalli,Tamil Nadu,South,New & Promising
IND_CUST_04075,2024-10-10,Nizamabad,Telangana,South,New & Promising
IND_CUST_04076,2024-08-14,Coimbatore,Tamil Nadu,South,New & Promising
IND_CUST_04077,2023-06-03,South Delhi,Delhi,North,New & Promising
IND_CUST_04078,2024-06-20,Mysuru,Karnataka,South,Champions
IND_CUST_04079,2024-03-27,Noida,Uttar Pradesh,North,At Risk
IND_CUST_04080,2023-06-18,Bengaluru,Karnataka,South,New & Promising
IND_CUST_04081,2023-02-28,Nizamabad,Telangana,South,New & Promising
IND_CUST_04082,2023-10-28,Mysuru,Karnataka,South,Champions
IND_CUST_04083,2024-07-06,Chennai,Tamil Nadu,South,Champions
IND_CUST_04084,2024-07-03,Kanpur,Uttar Pradesh,North,Loyal Customers
IND_CUST_04085,2023-04-27,Nagpur,Maharashtra,West,New & Promising
IND_CUST_04086,2023-05-07,Nashik,Maharashtra,West,New & Promising
IND_CUST_04087,2024-02-09,Pune,Maharashtra,West,New & Promising
IND_CUST_04088,2024-02-03,Madurai,Tamil Nadu,South,Potential Loyalists
IND_CUST_04089,2024-05-29,Rajkot,Gujarat,West,Loyal Customers
IND_CUST_04090,2024-05-12,Pune,Maharashtra,West,Champions
IND_CUST_04091,2024-06-11,Hyderabad,Telangana,South,New & Promising
IND_CUST_04092,2024-02-02,Hubballi,Karnataka,South,Loyal Customers
IND_CUST_04093,2023-09-22,Dwarka,Delhi,North,New & Promising
IND_CUST_04094,2023-09-20,Kolkata,West Bengal,East,Potential Loyalists
IND_CUST_04095,2024-02-02,Mangaluru,Karnataka,South,New & Promising
IND_CUST_04096,2024-10-07,North Delhi,Delhi,North,Potential Loyalists
IND_CUST_04097,2024-06-10,Pune,Maharashtra,West,New & Promising
IND_CUST_04098,2024-03-11,Mumbai,Maharashtra,West,Potential Loyalists
IND_CUST_04099,2023-12-26,Mangaluru,Karnataka,South,Loyal Customers
IND_CUST_04100,2023-05-09,Nagpur,Maharashtra,West,New & Promising
IND_CUST_04101,2024-09-25,Madurai,Tamil Nadu,South,New & Promising
IND_CUST_04102,2023-08-29,New Delhi,Delhi,North,Lost Customers
IND_CUST_04103,2024-09-18,Chennai,Tamil Nadu,South,Champions
IND_CUST_04104,2023-08-10,Mumbai,Maharashtra,West,New & Promising
IND_CUST_04105,2023-08-02,Mangaluru,Karnataka,South,Lost Customers
IND_CUST_04106,2024-08-14,Nizamabad,Telangana,South,New & Promising
IND_CUST_04107,2023-05-15,Udaipur,Rajasthan,North,Lost Customers
IND_CUST_04108,2024-01-21,Nagpur,Maharashtra,West,Champions
IND_CUST_04109,2023-10-30,Kolkata,West Bengal,East,New & Promising
IND_CUST_04110,2023-10-14,Madurai,Tamil Nadu,South,Champions
IND_CUST_04111,2024-07-15,Coimbatore,Tamil Nadu,South,New & Promising
IND_CUST_04112,2023-07-08,New Delhi,Delhi,North,New & Promising
IND_CUST_04113,2023-10-24,Nagpur,Maharashtra,West,Lost Customers
IND_CUST_04114,2024-06-09,Nashik,Maharashtra,West,New & Promising
IND_CUST_04115,2024-01-24,Chennai,Tamil Nadu,South,At Risk
IND_CUST_04116,2024-04-03,Mysuru,Karnataka,South,Champions
IND_CUST_04117,2023-09-18,Howrah,West Bengal,East,Lost Customers
IND_CUST_04118,2023-04-23,Dwarka,Delhi,North,New & Promising
IND_CUST_04119,2023-02-05,Nashik,Maharashtra,West,New & Promising
IND_CUST_04120,2023-03-20,Hyderabad,Telangana,South,At Risk
IND_CUST_04121,2023-10-02,Bengaluru,Karnataka,South,At Risk
IND_CUST_04122,2023-10-05,North Delhi,Delhi,North,New & Promising
IND_CUST_04123,2023-11-08,Hyderabad,Telangana,South,New & Promising
IND_CUST_04124,2024-06-12,Howrah,West Bengal,East,New & Promising
IND_CUST_04125,2023-07-23,Lucknow,Uttar Pradesh,North,Champions
IND_CUST_04126,2023-01-17,Nizamabad,Telangana,South,At Risk
IND_CUST_04127,2024-04-20,Hyderabad,Telangana,South,At Risk
IND_CUST_04128,2024-05-25,Jaipur,Rajasthan,North,New & Promising
IND_CUST_04129,2023-07-29,Hubballi,Karnataka,South,New & Promising
IND_CUST_04130,2024-05-13,Nashik,Maharashtra,West,Potential Loyalists
IND_CUST_04131,2024-02-06,Mysuru,Karnataka,South,Loyal Customers
IND_CUST_04132,2024-03-04,Mumbai,Maharashtra,West,New & Promising
IND_CUST_04133,2023-03-19,Nizamabad,Telangana,South,Lost Customers
IND_CUST_04134,2024-07-21,Madurai,Tamil Nadu,South,At Risk
IND_CUST_04135,2023-03-21,Tiruchirappalli,Tamil Nadu,South,New & Promising
IND_CUST_04136,2023-11-02,Nashik,Maharashtra,West,Loyal Customers
IND_CUST_04137,2023-02-27,Hyderabad,Telangana,South,New & Promising
IND_CUST_04138,2024-06-13,Hubballi,Karnataka,South,Champions
IND_CUST_04139,2023-07-27,Warangal,Telangana,South,New & Promising
IND_CUST_04140,2024-05-25,Madurai,Tamil Nadu,South,Loyal Customers
IND_CUST_04141,2023-05-15,Mysuru,Karnataka,South,At Risk
IND_CUST_04142,2024-06-05,Pune,Maharashtra,West,New & Promising
IND_CUST_04143,2024-08-03,Mumbai,Maharashtra,West,New & Promising
IND_CUST_04144,2023-03-24,Vadodara,Gujarat,West,Champions
IND_CUST_04145,2024-09-12,Howrah,West Bengal,East,New & Promising
IND_CUST_04146,2023-02-13,Tiruchirappalli,Tamil Nadu,South,New & Promising
IND_CUST_04147,2024-04-27,Pune,Maharashtra,West,Champions
IND_CUST_04148,2024-10-05,Dwarka,Delhi,North,New & Promising
IND_CUST_04149,2024-05-07,Nizamabad,Telangana,South,New & Promising
IND_CUST_04150,2024-05-13,Varanasi,Uttar Pradesh,North,Potential Loyalists
IND_CUST_04151,2023-01-18,Pune,Maharashtra,West,New & Promising
IND_CUST_04152,2024-08-27,Nashik,Maharashtra,West,Champions
IND_CUST_04153,2023-10-21,Nizamabad,Telangana,South,Lost Customers
IND_CUST_04154,2023-05-28,Bengaluru,Karnataka,South,Lost Customers
IND_CUST_04155,2024-04-16,Mysuru,Karnataka,South,New & Promising
IND_CUST_04156,2023-06-21,Pune,Maharashtra,West,New & Promising
IND_CUST_04157,2024-07-16,Madurai,Tamil Nadu,South,Loyal Customers
IND_CUST_04158,2024-06-14,Vadodara,Gujarat,West,New & Promising
IND_CUST_04159,2023-04-30,Udaipur,Rajasthan,North,Loyal Customers
IND_CUST_04160,2023-03-07,Madurai,Tamil Nadu,South,At Risk
IND_CUST_04161,2023-05-21,North Delhi,Delhi,North,Lost Customers
IND_CUST_04162,2024-03-21,Mumbai,Maharashtra,West,New & Promising
IND_CUST_04163,2024-05-20,Tiruchirappalli,Tamil Nadu,South,Champions
IND_CUST_04164,2023-07-08,Mangaluru,Karnataka,South,New & Promising
IND_CUST_04165,2023-06-07,Chennai,Tamil Nadu,South,New & Promising
IND_CUST_04166,2024-09-01,Bengaluru,Karnataka,South,Loyal Customers
IND_CUST_04167,2023-09-03,Bengaluru,Karnataka,South,New & Promising
IND_CUST_04168,2023-02-02,Nagpur,Maharashtra,West,Loyal Customers
IND_CUST_04169,2023-12-27,Mysuru,Karnataka,South,Potential Loyalists
IND_CUST_04170,2023-11-26,Pune,Maharashtra,West,New & Promising
IND_CUST_04171,2024-05-26,Pune,Maharashtra,West,Loyal Customers
IND_CUST_04172,2023-03-12,Kozhikode,Kerala,South,Lost Customers
IND_CUST_04173,2023-11-09,North Delhi,Delhi,North,At Risk
IND_CUST_04174,2023-03-20,South Delhi,Delhi,North,New & Promising
IND_CUST_04175,2023-06-18,Surat,Gujarat,West,Loyal Customers
IND_CUST_04176,2023-06-29,Kochi,Kerala,South,New & Promising
IND_CUST_04177,2024-09-19,Tiruchirappalli,Tamil Nadu,South,Loyal Customers
IND_CUST_04178,2023-09-17,Lucknow,Uttar Pradesh,North,Loyal Customers
IND_CUST_04179,2024-04-30,Mangaluru,Karnataka,South,Lost Customers
IND_CUST_04180,2023-01-05,Bengaluru,Karnataka,South,New & Promising
IND_CUST_04181,2023-10-24,New Delhi,Delhi,North,Loyal Customers
IND_CUST_04182,2024-09-11,Hyderabad,Telangana,South,New & Promising
IND_CUST_04183,2023-12-26,Nizamabad,Telangana,South,Lost Customers
IND_CUST_04184,2023-04-27,Hubballi,Karnataka,South,New & Promising
IND_CUST_04185,2023-12-23,Pune,Maharashtra,West,Potential Loyalists
IND_CUST_04186,2024-03-14,Chennai,Tamil Nadu,South,Potential Loyalists
IND_CUST_04187,2023-11-27,Pune,Maharashtra,West,Champions
IND_CUST_04188,2024-06-08,Coimbatore,Tamil Nadu,South,Lost Customers
IND_CUST_04189,2024-10-15,Hyderabad,Telangana,South,New & Promising
IND_CUST_04190,2023-07-07,Warangal,Telangana,South,Lost Customers
IND_CUST_04191,2023-10-08,Agra,Uttar Pradesh,North,Loyal Customers
IND_CUST_04192,2024-05-25,Vadodara,Gujarat,West,Loyal Customers
IND_CUST_04193,2024-04-10,South Delhi,Delhi,North,At Risk
IND_CUST_04194,2023-04-25,Warangal,Telangana,South,Lost Customers
IND_CUST_04195,2023-08-24,Tiruchirappalli,Tamil Nadu,South,Champions
IND_CUST_04196,2023-12-04,Pune,Maharashtra,West,Loyal Customers
IND_CUST_04197,2024-06-05,Nashik,Maharashtra,West,New & Promising
IND_CUST_04198,2023-07-18,Hubballi,Karnataka,South,Loyal Customers
IND_CUST_04199,2023-02-19,North Delhi,Delhi,North,New & Promising
IND_CUST_04200,2023-05-22,Chennai,Tamil Nadu,South,Loyal Customers
IND_CUST_04201,2024-06-11,Surat,Gujarat,West,Lost Customers
IND_CUST_04202,2024-05-28,Nashik,Maharashtra,West,New & Promising
IND_CUST_04203,2023-01-30,Nashik,Maharashtra,West,Loyal Customers
IND_CUST_04204,2023-03-23,Jodhpur,Rajasthan,North,New & Promising
IND_CUST_04205,2023-01-31,Nashik,Maharashtra,West,New & Promising
IND_CUST_04206,2023-11-29,South Delhi,Delhi,North,At Risk
IND_CUST_04207,2024-10-21,Coimbatore,Tamil Nadu,South,Champions
IND_CUST_04208,2023-06-26,Tiruchirappalli,Tamil Nadu,South,Lost Customers
IND_CUST_04209,2024-01-05,Pune,Maharashtra,West,New & Promising
IND_CUST_04210,2024-06-30,Pune,Maharashtra,West,At Risk
IND_CUST_04211,2024-06-18,Mumbai,Maharashtra,West,Loyal Customers
IND_CUST_04212,2023-04-16,Coimbatore,Tamil Nadu,South,Lost Customers
IND_CUST_04213,2023-04-07,Chennai,Tamil Nadu,South,Lost Customers
IND_CUST_04214,2023-08-18,Mangaluru,Karnataka,South,New & Promising
IND_CUST_04215,2023-08-15,Chennai,Tamil Nadu,South,At Risk
IND_CUST_04216,2024-01-06,Ahmedabad,Gujarat,West,New & Promising
IND_CUST_04217,2023-04-10,Mumbai,Maharashtra,West,Lost Customers
IND_CUST_04218,2024-03-20,South Delhi,Delhi,North,New & Promising
IND_CUST_04219,2024-04-12,Hyderabad,Telangana,South,At Risk
IND_CUST_04220,2023-02-24,Mysuru,Karnataka,South,Loyal Customers
IND_CUST_04221,2023-07-14,Bengaluru,Karnataka,South,New & Promising
IND_CUST_04222,2024-06-03,Coimbatore,Tamil Nadu,South,Champions
IND_CUST_04223,2024-02-28,Kolkata,West Bengal,East,New & Promising
IND_CUST_04224,2023-11-11,Kanpur,Uttar Pradesh,North,Champions
IND_CUST_04225,2023-05-08,Tiruchirappalli,Tamil Nadu,South,Lost Customers
IND_CUST_04226,2023-02-01,Hyderabad,Telangana,South,New & Promising
IND_CUST_04227,2023-04-03,Bengaluru,Karnataka,South,Champions
IND_CUST_04228,2024-06-02,Madurai,Tamil Nadu,South,Potential Loyalists
IND_CUST_04229,2023-09-15,New Delhi,Delhi,North,New & Promising
IND_CUST_04230,2023-08-08,Pune,Maharashtra,West,Champions
IND_CUST_04231,2023-04-16,Hyderabad,Telangana,South,Champions
IND_CUST_04232,2024-07-01,Chennai,Tamil Nadu,South,New & Promising
IND_CUST_04233,2024-02-20,Mangaluru,Karnataka,South,Champions
IND_CUST_04234,2024-07-10,Durgapur,West Bengal,East,New & Promising
IND_CUST_04235,2023-11-05,Mumbai,Maharashtra,West,Potential Loyalists
IND_CUST_04236,2024-01-01,Hubballi,Karnataka,South,Lost Customers
IND_CUST_04237,2024-06-04,Nashik,Maharashtra,West,New & Promising
IND_CUST_04238,2024-04-03,Noida,Uttar Pradesh,North,New & Promising
IND_CUST_04239,2024-08-21,Hyderabad,Telangana,South,Champions
IND_CUST_04240,2024-01-05,Mangaluru,Karnataka,South,New & Promising
IND_CUST_04241,2023-11-27,Warangal,Telangana,South,At Risk
IND_CUST_04242,2024-10-03,Bengaluru,Karnataka,South,Loyal Customers
IND_CUST_04243,2023-01-11,Noida,Uttar Pradesh,North,New & Promising
IND_CUST_04244,2024-05-21,New Delhi,Delhi,North,New & Promising
IND_CUST_04245,2024-02-23,New Delhi,Delhi,North,New & Promising
IND_CUST_04246,2023-05-02,Durgapur,West Bengal,East,Loyal Customers
IND_CUST_04247,2023-08-23,Mysuru,Karnataka,South,Champions
IND_CUST_04248,2023-11-27,Pune,Maharashtra,West,Lost Customers
IND_CUST_04249,2024-06-26,Madurai,Tamil Nadu,South,New & Promising
IND_CUST_04250,2023-12-14,Jaipur,Rajasthan,North,New & Promising
IND_CUST_04251,2024-02-16,Hubballi,Karnataka,South,Loyal Customers
IND_CUST_04252,2023-08-12,Nashik,Maharashtra,West,New & Promising
IND_CUST_04253,2023-06-02,Hubballi,Karnataka,South,Lost Customers
IND_CUST_04254,2023-07-31,New Delhi,Delhi,North,Lost Customers
IND_CUST_04255,2023-04-02,Pune,Maharashtra,West,Lost Customers
IND_CUST_04256,2023-11-27,Warangal,Telangana,South,New & Promising
IND_CUST_04257,2024-04-11,Kochi,Kerala,South,New & Promising
IND_CUST_04258,2024-10-02,Dwarka,Delhi,North,Champions
IND_CUST_04259,2024-07-07,Bengaluru,Karnataka,South,New & Promising
IND_CUST_04260,2023-08-16,Dwarka,Delhi,North,New & Promising
IND_CUST_04261,2023-07-13,Pune,Maharashtra,West,At Risk
IND_CUST_04262,2024-06-13,Rajkot,Gujarat,West,At Risk
IND_CUST_04263,2023-08-31,New Delhi,Delhi,North,Lost Customers
IND_CUST_04264,2024-01-24,Bengaluru,Karnataka,South,Loyal Customers
IND_CUST_04265,2023-10-03,Hyderabad,Telangana,South,At Risk
IND_CUST_04266,2024-03-25,Dwarka,Delhi,North,Champions
IND_CUST_04267,2024-09-30,Tiruchirappalli,Tamil Nadu,South,New & Promising
IND_CUST_04268,2024-08-09,Nashik,Maharashtra,West,New & Promising
IND_CUST_04269,2024-07-27,Lucknow,Uttar Pradesh,North,Champions
IND_CUST_04270,2024-04-22,Udaipur,Rajasthan,North,Champions
IND_CUST_04271,2024-04-24,Madurai,Tamil Nadu,South,New & Promising
IND_CUST_04272,2023-10-15,Jaipur,Rajasthan,North,Lost Customers
IND_CUST_04273,2024-06-23,Pune,Maharashtra,West,New & Promising
IND_CUST_04274,2023-11-26,Dwarka,Delhi,North,Loyal Customers
IND_CUST_04275,2024-04-14,Chennai,Tamil Nadu,South,Champions
IND_CUST_04276,2024-06-17,Coimbatore,Tamil Nadu,South,New & Promising
IND_CUST_04277,2024-04-11,New Delhi,Delhi,North,New & Promising
IND_CUST_04278,2024-02-24,Mysuru,Karnataka,South,New & Promising
IND_CUST_04279,2024-08-30,Pune,Maharashtra,West,New & Promising
IND_CUST_04280,2023-05-02,Hubballi,Karnataka,South,At Risk
IND_CUST_04281,2023-11-04,Mumbai,Maharashtra,West,New & Promising
IND_CUST_04282,2023-11-30,Nizamabad,Telangana,South,Loyal Customers
IND_CUST_04283,2024-02-24,Nagpur,Maharashtra,West,Champions
IND_CUST_04284,2023-11-22,Nashik,Maharashtra,West,Lost Customers
IND_CUST_04285,2024-10-10,Coimbatore,Tamil Nadu,South,New & Promising
IND_CUST_04286,2024-07-26,Tiruchirappalli,Tamil Nadu,South,Champions
IND_CUST_04287,2023-09-07,Ahmedabad,Gujarat,West,Lost Customers
IND_CUST_04288,2023-04-05,Tiruchirappalli,Tamil Nadu,South,New & Promising
IND_CUST_04289,2023-10-23,Mysuru,Karnataka,South,New & Promising
IND_CUST_04290,2023-07-03,Lucknow,Uttar Pradesh,North,Potential Loyalists
IND_CUST_04291,2023-09-17,Chennai,Tamil Nadu,South,Lost Customers
IND_CUST_04292,2024-10-28,Nashik,Maharashtra,West,New & Promising
IND_CUST_04293,2023-07-05,Tiruchirappalli,Tamil Nadu,South,Lost Customers
IND_CUST_04294,2024-02-13,Kolkata,West Bengal,East,Loyal Customers
IND_CUST_04295,2023-03-10,Mysuru,Karnataka,South,New & Promising
IND_CUST_04296,2024-09-18,Mangaluru,Karnataka,South,Potential Loyalists
IND_CUST_04297,2023-01-08,Mumbai,Maharashtra,West,New & Promising
IND_CUST_04298,2023-09-22,Pune,Maharashtra,West,New & Promising
IND_CUST_04299,2024-04-28,New Delhi,Delhi,North,Lost Customers
IND_CUST_04300,2024-09-08,Tiruchirappalli,Tamil Nadu,South,Lost Customers
IND_CUST_04301,2024-01-06,Mumbai,Maharashtra,West,New & Promising
IND_CUST_04302,2023-03-24,Siliguri,West Bengal,East,Lost Customers
IND_CUST_04303,2024-10-07,Kanpur,Uttar Pradesh,North,Champions
IND_CUST_04304,2023-07-30,Madurai,Tamil Nadu,South,New & Promising
IND_CUST_04305,2023-11-09,Surat,Gujarat,West,Lost Customers
IND_CUST_04306,2024-08-26,Pune,Maharashtra,West,New & Promising
IND_CUST_04307,2023-12-03,New Delhi,Delhi,North,Loyal Customers
IND_CUST_04308,2024-05-04,Coimbatore,Tamil Nadu,South,New & Promising
IND_CUST_04309,2024-02-07,Vadodara,Gujarat,West,New & Promising
IND_CUST_04310,2024-09-30,Kanpur,Uttar Pradesh,North,New & Promising
IND_CUST_04311,2023-07-10,Mangaluru,Karnataka,South,At Risk
IND_CUST_04312,2023-12-01,Jodhpur,Rajasthan,North,New & Promising
IND_CUST_04313,2024-06-05,Nagpur,Maharashtra,West,New & Promising
IND_CUST_04314,2024-09-10,Rajkot,Gujarat,West,New & Promising
IND_CUST_04315,2023-03-28,Thrissur,Kerala,South,New & Promising
IND_CUST_04316,2024-08-01,Mumbai,Maharashtra,West,New & Promising
IND_CUST_04317,2023-03-03,Nizamabad,Telangana,South,Lost Customers
IND_CUST_04318,2024-01-22,Mumbai,Maharashtra,West,New & Promising
IND_CUST_04319,2023-05-26,South Delhi,Delhi,North,Lost Customers
IND_CUST_04320,2023-06-02,New Delhi,Delhi,North,Lost Customers
IND_CUST_04321,2024-09-10,Chennai,Tamil Nadu,South,New & Promising
IND_CUST_04322,2024-10-21,Howrah,West Bengal,East,New & Promising
IND_CUST_04323,2023-12-15,Hyderabad,Telangana,South,At Risk
IND_CUST_04324,2023-06-27,North Delhi,Delhi,North,New & Promising
IND_CUST_04325,2024-05-01,Varanasi,Uttar Pradesh,North,New & Promising
IND_CUST_04326,2024-10-22,Udaipur,Rajasthan,North,Champions
IND_CUST_04327,2023-09-04,Nashik,Maharashtra,West,Champions
IND_CUST_04328,2023-09-11,Kozhikode,Kerala,South,Champions
IND_CUST_04329,2024-05-14,Mumbai,Maharashtra,West,Lost Customers
IND_CUST_04330,2024-06-24,Kanpur,Uttar Pradesh,North,Loyal Customers
IND_CUST_04331,2023-12-18,Mangaluru,Karnataka,South,Champions
IND_CUST_04332,2024-05-26,Nashik,Maharashtra,West,New & Promising
IND_CUST_04333,2023-01-13,Dwarka,Delhi,North,Lost Customers
IND_CUST_04334,2024-07-12,Coimbatore,Tamil Nadu,South,Champions
IND_CUST_04335,2023-05-31,Mysuru,Karnataka,South,Loyal Customers
IND_CUST_04336,2023-02-19,Nagpur,Maharashtra,West,New & Promising
IND_CUST_04337,2023-08-03,Madurai,Tamil Nadu,South,New & Promising
IND_CUST_04338,2024-10-05,Kolkata,West Bengal,East,Champions
IND_CUST_04339,2024-01-07,Bengaluru,Karnataka,South,Champions
IND_CUST_04340,2023-04-23,Nagpur,Maharashtra,West,New & Promising
IND_CUST_04341,2023-09-09,North Delhi,Delhi,North,New & Promising
IND_CUST_04342,2023-12-07,Nagpur,Maharashtra,West,Loyal Customers
IND_CUST_04343,2023-02-22,Ahmedabad,Gujarat,West,New & Promising
IND_CUST_04344,2023-05-10,Surat,Gujarat,West,At Risk
IND_CUST_04345,2023-07-12,Coimbatore,Tamil Nadu,South,New & Promising
IND_CUST_04346,2024-08-13,Bengaluru,Karnataka,South,New & Promising
IND_CUST_04347,2023-02-26,Kanpur,Uttar Pradesh,North,New & Promising
IND_CUST_04348,2023-04-07,Tiruchirappalli,Tamil Nadu,South,Loyal Customers
IND_CUST_04349,2023-07-17,Vadodara,Gujarat,West,Champions
IND_CUST_04350,2024-10-08,Madurai,Tamil Nadu,South,Loyal Customers
IND_CUST_04351,2023-05-27,Agra,Uttar Pradesh,North,New & Promising
IND_CUST_04352,2024-07-28,Coimbatore,Tamil Nadu,South,New & Promising
IND_CUST_04353,2024-07-30,New Delhi,Delhi,North,Lost Customers
IND_CUST_04354,2023-10-22,Udaipur,Rajasthan,North,Lost Customers
IND_CUST_04355,2024-09-12,Tiruchirappalli,Tamil Nadu,South,New & Promising
IND_CUST_04356,2023-01-12,Tiruchirappalli,Tamil Nadu,South,New & Promising
IND_CUST_04357,2023-11-29,Mangaluru,Karnataka,South,Lost Customers
IND_CUST_04358,2023-08-08,Chennai,Tamil Nadu,South,Lost Customers
IND_CUST_04359,2024-02-02,Coimbatore,Tamil Nadu,South,New & Promising
IND_CUST_04360,2023-12-08,Mumbai,Maharashtra,West,At Risk
IND_CUST_04361,2024-05-26,Nashik,Maharashtra,West,Champions
IND_CUST_04362,2023-06-21,Madurai,Tamil Nadu,South,At Risk
IND_CUST_04363,2024-04-12,Lucknow,Uttar Pradesh,North,At Risk
IND_CUST_04364,2023-06-15,New Delhi,Delhi,North,Lost Customers
IND_CUST_04365,2023-06-19,Bengaluru,Karnataka,South,New & Promising
IND_CUST_04366,2024-07-17,Warangal,Telangana,South,New & Promising
IND_CUST_04367,2024-05-26,Pune,Maharashtra,West,New & Promising
IND_CUST_04368,2023-07-08,South Delhi,Delhi,North,New & Promising
IND_CUST_04369,2023-04-30,Pune,Maharashtra,West,Champions
IND_CUST_04370,2023-04-15,Nagpur,Maharashtra,West,New & Promising
IND_CUST_04371,2023-02-10,Nashik,Maharashtra,West,New & Promising
IND_CUST_04372,2023-11-17,Mangaluru,Karnataka,South,New & Promising
IND_CUST_04373,2023-12-01,Mumbai,Maharashtra,West,New & Promising
IND_CUST_04374,2023-06-09,Mangaluru,Karnataka,South,New & Promising
IND_CUST_04375,2023-09-21,Dwarka,Delhi,North,Champions
IND_CUST_04376,2024-06-13,South Delhi,Delhi,North,New & Promising
IND_CUST_04377,2024-04-21,Bengaluru,Karnataka,South,New & Promising
IND_CUST_04378,2023-12-18,Surat,Gujarat,West,Champions
IND_CUST_04379,2024-06-28,Mumbai,Maharashtra,West,Loyal Customers
IND_CUST_04380,2023-07-29,Dwarka,Delhi,North,New & Promising
IND_CUST_04381,2024-05-10,Pune,Maharashtra,West,At Risk
IND_CUST_04382,2024-01-17,Mumbai,Maharashtra,West,Lost Customers
IND_CUST_04383,2024-04-25,Chennai,Tamil Nadu,South,Lost Customers
IND_CUST_04384,2023-01-05,Chennai,Tamil Nadu,South,New & Promising
IND_CUST_04385,2023-02-03,Ahmedabad,Gujarat,West,At Risk
IND_CUST_04386,2023-05-25,Madurai,Tamil Nadu,South,Lost Customers
IND_CUST_04387,2023-12-17,Jaipur,Rajasthan,North,Loyal Customers
IND_CUST_04388,2024-08-05,Nashik,Maharashtra,West,Loyal Customers
IND_CUST_04389,2024-04-09,Nashik,Maharashtra,West,Lost Customers
IND_CUST_04390,2023-12-14,Nagpur,Maharashtra,West,New & Promising
IND_CUST_04391,2023-05-05,Pune,Maharashtra,West,Lost Customers
IND_CUST_04392,2023-09-28,Coimbatore,Tamil Nadu,South,Loyal Customers
IND_CUST_04393,2023-12-23,Tiruchirappalli,Tamil Nadu,South,New & Promising
IND_CUST_04394,2024-06-10,Nashik,Maharashtra,West,Lost Customers
IND_CUST_04395,2024-05-12,Udaipur,Rajasthan,North,Champions
IND_CUST_04396,2023-06-02,Surat,Gujarat,West,Potential Loyalists
IND_CUST_04397,2023-02-22,Mysuru,Karnataka,South,Champions
IND_CUST_04398,2023-05-29,Mumbai,Maharashtra,West,New & Promising
IND_CUST_04399,2024-05-17,Mumbai,Maharashtra,West,New & Promising
IND_CUST_04400,2024-03-25,Mumbai,Maharashtra,West,Potential Loyalists
IND_CUST_04401,2023-08-07,Nagpur,Maharashtra,West,New & Promising
IND_CUST_04402,2024-09-16,Dwarka,Delhi,North,New & Promising
IND_CUST_04403,2023-10-04,Hubballi,Karnataka,South,New & Promising
IND_CUST_04404,2024-03-27,Mysuru,Karnataka,South,Champions
IND_CUST_04405,2024-03-03,Thrissur,Kerala,South,New & Promising
IND_CUST_04406,2023-03-24,Hyderabad,Telangana,South,Potential Loyalists
IND_CUST_04407,2023-08-06,Udaipur,Rajasthan,North,Lost Customers
IND_CUST_04408,2024-06-10,Nagpur,Maharashtra,West,New & Promising
IND_CUST_04409,2024-02-08,Bengaluru,Karnataka,South,Loyal Customers
IND_CUST_04410,2023-10-17,Madurai,Tamil Nadu,South,New & Promising
IND_CUST_04411,2024-02-24,Mumbai,Maharashtra,West,New & Promising
IND_CUST_04412,2023-12-05,Pune,Maharashtra,West,New & Promising
IND_CUST_04413,2024-02-23,Warangal,Telangana,South,New & Promising
IND_CUST_04414,2023-07-26,Coimbatore,Tamil Nadu,South,New & Promising
IND_CUST_04415,2023-09-22,New Delhi,Delhi,North,New & Promising
IND_CUST_04416,2023-02-05,South Delhi,Delhi,North,Champions
IND_CUST_04417,2024-01-08,North Delhi,Delhi,North,Champions
IND_CUST_04418,2024-05-02,Pune,Maharashtra,West,New & Promising
IND_CUST_04419,2023-09-16,Mysuru,Karnataka,South,New & Promising
IND_CUST_04420,2024-06-14,Nagpur,Maharashtra,West,New & Promising
IND_CUST_04421,2023-01-23,Nagpur,Maharashtra,West,New & Promising
IND_CUST_04422,2023-04-14,Jaipur,Rajasthan,North,New & Promising
IND_CUST_04423,2023-08-29,Coimbatore,Tamil Nadu,South,Champions
IND_CUST_04424,2023-09-10,Nizamabad,Telangana,South,New & Promising
IND_CUST_04425,2023-05-22,Bengaluru,Karnataka,South,New & Promising
IND_CUST_04426,2024-10-16,Mysuru,Karnataka,South,New & Promising
IND_CUST_04427,2024-03-26,Mangaluru,Karnataka,South,Champions
IND_CUST_04428,2023-11-03,Nagpur,Maharashtra,West,Champions
IND_CUST_04429,2024-05-14,Nashik,Maharashtra,West,Loyal Customers
IND_CUST_04430,2024-09-13,Agra,Uttar Pradesh,North,New & Promising
IND_CUST_04431,2023-01-08,Warangal,Telangana,South,New & Promising
IND_CUST_04432,2023-03-10,Coimbatore,Tamil Nadu,South,Lost Customers
IND_CUST_04433,2024-07-28,South Delhi,Delhi,North,New & Promising
IND_CUST_04434,2023-03-09,Howrah,West Bengal,East,Lost Customers
IND_CUST_04435,2024-02-12,Nashik,Maharashtra,West,Lost Customers
IND_CUST_04436,2024-06-01,Bengaluru,Karnataka,South,New & Promising
IND_CUST_04437,2023-04-29,Hubballi,Karnataka,South,Lost Customers
IND_CUST_04438,2023-01-31,Kanpur,Uttar Pradesh,North,Lost Customers
IND_CUST_04439,2024-06-01,Kochi,Kerala,South,New & Promising
IND_CUST_04440,2024-04-27,Hubballi,Karnataka,South,Loyal Customers
IND_CUST_04441,2023-07-26,Surat,Gujarat,West,New & Promising
IND_CUST_04442,2024-10-30,Surat,Gujarat,West,New & Promising
IND_CUST_04443,2024-08-01,Hubballi,Karnataka,South,Champions
IND_CUST_04444,2024-01-22,Bengaluru,Karnataka,South,Loyal Customers
IND_CUST_04445,2024-02-16,New Delhi,Delhi,North,New & Promising
IND_CUST_04446,2024-01-05,Thiruvananthapuram,Kerala,South,New & Promising
IND_CUST_04447,2023-12-19,Mumbai,Maharashtra,West,At Risk
IND_CUST_04448,2023-12-02,Varanasi,Uttar Pradesh,North,Champions
IND_CUST_04449,2023-10-16,Hubballi,Karnataka,South,Lost Customers
IND_CUST_04450,2023-05-20,Warangal,Telangana,South,New & Promising
IND_CUST_04451,2023-10-27,North Delhi,Delhi,North,Champions
IND_CUST_04452,2023-01-13,Coimbatore,Tamil Nadu,South,Lost Customers
IND_CUST_04453,2024-10-25,Ahmedabad,Gujarat,West,New & Promising
IND_CUST_04454,2024-03-03,Kanpur,Uttar Pradesh,North,New & Promising
IND_CUST_04455,2024-02-04,Rajkot,Gujarat,West,New & Promising
IND_CUST_04456,2023-04-19,Nagpur,Maharashtra,West,Lost Customers
IND_CUST_04457,2024-04-29,Nizamabad,Telangana,South,New & Promising
IND_CUST_04458,2023-12-22,Pune,Maharashtra,West,At Risk
IND_CUST_04459,2023-05-29,Dwarka,Delhi,North,New & Promising
IND_CUST_04460,2023-11-03,Madurai,Tamil Nadu,South,Lost Customers
IND_CUST_04461,2024-06-16,New Delhi,Delhi,North,Champions
IND_CUST_04462,2023-03-01,New Delhi,Delhi,North,Loyal Customers
IND_CUST_04463,2024-03-10,Kozhikode,Kerala,South,New & Promising
IND_CUST_04464,2023-01-21,Pune,Maharashtra,West,At Risk
IND_CUST_04465,2024-01-17,Nizamabad,Telangana,South,At Risk
IND_CUST_04466,2023-09-02,Bengaluru,Karnataka,South,Loyal Customers
IND_CUST_04467,2023-03-14,Nashik,Maharashtra,West,New & Promising
IND_CUST_04468,2024-03-24,Mumbai,Maharashtra,West,Champions
IND_CUST_04469,2023-03-17,Jaipur,Rajasthan,North,Champions
IND_CUST_04470,2024-08-12,Vadodara,Gujarat,West,New & Promising
IND_CUST_04471,2024-01-25,Kolkata,West Bengal,East,Potential Loyalists
IND_CUST_04472,2024-07-30,Thrissur,Kerala,South,New & Promising
IND_CUST_04473,2023-12-08,Pune,Maharashtra,West,New & Promising
IND_CUST_04474,2023-10-17,Hubballi,Karnataka,South,New & Promising
IND_CUST_04475,2024-07-21,Nizamabad,Telangana,South,New & Promising
IND_CUST_04476,2023-11-27,New Delhi,Delhi,North,At Risk
IND_CUST_04477,2023-09-16,New Delhi,Delhi,North,New & Promising
IND_CUST_04478,2024-03-01,Mangaluru,Karnataka,South,Champions
IND_CUST_04479,2023-01-06,Tiruchirappalli,Tamil Nadu,South,Lost Customers
IND_CUST_04480,2023-01-06,Coimbatore,Tamil Nadu,South,Lost Customers
IND_CUST_04481,2023-07-10,Nashik,Maharashtra,West,New & Promising
IND_CUST_04482,2023-05-28,Dwarka,Delhi,North,New & Promising
IND_CUST_04483,2024-02-09,Madurai,Tamil Nadu,South,Lost Customers
IND_CUST_04484,2023-09-15,Chennai,Tamil Nadu,South,Lost Customers
IND_CUST_04485,2024-04-23,Nashik,Maharashtra,West,Champions
IND_CUST_04486,2023-03-31,Lucknow,Uttar Pradesh,North,Lost Customers
IND_CUST_04487,2023-01-10,Nashik,Maharashtra,West,New & Promising
IND_CUST_04488,2023-03-28,Bengaluru,Karnataka,South,Loyal Customers
IND_CUST_04489,2023-05-31,Varanasi,Uttar Pradesh,North,New & Promising
IND_CUST_04490,2024-09-16,Madurai,Tamil Nadu,South,Potential Loyalists
IND_CUST_04491,2023-01-30,Bengaluru,Karnataka,South,Potential Loyalists
IND_CUST_04492,2023-05-08,Nizamabad,Telangana,South,New & Promising
IND_CUST_04493,2023-03-19,Chennai,Tamil Nadu,South,Lost Customers
IND_CUST_04494,2024-02-25,Varanasi,Uttar Pradesh,North,New & Promising
IND_CUST_04495,2023-02-24,Nizamabad,Telangana,South,Lost Customers
IND_CUST_04496,2024-04-24,Coimbatore,Tamil Nadu,South,New & Promising
IND_CUST_04497,2023-11-01,South Delhi,Delhi,North,New & Promising
IND_CUST_04498,2024-06-29,Pune,Maharashtra,West,New & Promising
IND_CUST_04499,2023-04-15,Mangaluru,Karnataka,South,Champions
IND_CUST_04500,2023-06-21,South Delhi,Delhi,North,New & Promising
IND_CUST_04501,2024-05-13,Coimbatore,Tamil Nadu,South,Lost Customers
IND_CUST_04502,2023-01-22,New Delhi,Delhi,North,Lost Customers
IND_CUST_04503,2023-10-14,Hubballi,Karnataka,South,Loyal Customers
IND_CUST_04504,2024-01-26,Nashik,Maharashtra,West,Lost Customers
IND_CUST_04505,2024-09-08,New Delhi,Delhi,North,Champions
IND_CUST_04506,2023-05-29,Mysuru,Karnataka,South,New & Promising
IND_CUST_04507,2023-09-29,Nizamabad,Telangana,South,Lost Customers
IND_CUST_04508,2023-10-26,Nagpur,Maharashtra,West,New & Promising
IND_CUST_04509,2023-06-21,Tiruchirappalli,Tamil Nadu,South,New & Promising
IND_CUST_04510,2023-02-16,Jaipur,Rajasthan,North,New & Promising
IND_CUST_04511,2024-09-17,Nagpur,Maharashtra,West,Lost Customers
IND_CUST_04512,2023-07-26,South Delhi,Delhi,North,Lost Customers
IND_CUST_04513,2024-03-28,Mumbai,Maharashtra,West,New & Promising
IND_CUST_04514,2024-01-30,Madurai,Tamil Nadu,South,New & Promising
IND_CUST_04515,2023-10-28,Chennai,Tamil Nadu,South,Lost Customers
IND_CUST_04516,2023-06-25,New Delhi,Delhi,North,Lost Customers
IND_CUST_04517,2023-04-20,New Delhi,Delhi,North,At Risk
IND_CUST_04518,2023-07-21,Durgapur,West Bengal,East,Champions
IND_CUST_04519,2023-06-17,Mumbai,Maharashtra,West,At Risk
IND_CUST_04520,2024-09-05,Mumbai,Maharashtra,West,Lost Customers
IND_CUST_04521,2023-03-27,Surat,Gujarat,West,Champions
IND_CUST_04522,2024-10-15,Coimbatore,Tamil Nadu,South,New & Promising
IND_CUST_04523,2023-02-20,Durgapur,West Bengal,East,Loyal Customers
IND_CUST_04524,2023-04-22,Chennai,Tamil Nadu,South,New & Promising
IND_CUST_04525,2024-04-07,Lucknow,Uttar Pradesh,North,New & Promising
IND_CUST_04526,2024-03-17,South Delhi,Delhi,North,Champions
IND_CUST_04527,2023-09-28,Noida,Uttar Pradesh,North,New & Promising
IND_CUST_04528,2024-07-30,Howrah,West Bengal,East,Loyal Customers
IND_CUST_04529,2023-12-10,Tiruchirappalli,Tamil Nadu,South,New & Promising
IND_CUST_04530,2023-07-02,Nagpur,Maharashtra,West,Loyal Customers
IND_CUST_04531,2024-05-17,Hubballi,Karnataka,South,Champions
IND_CUST_04532,2023-01-10,Mumbai,Maharashtra,West,Lost Customers
IND_CUST_04533,2024-05-08,Bengaluru,Karnataka,South,Lost Customers
IND_CUST_04534,2023-08-22,Hubballi,Karnataka,South,At Risk
IND_CUST_04535,2023-10-25,Tiruchirappalli,Tamil Nadu,South,Champions
IND_CUST_04536,2023-09-01,Chennai,Tamil Nadu,South,New & Promising
IND_CUST_04537,2024-05-23,New Delhi,Delhi,North,Loyal Customers
IND_CUST_04538,2023-12-17,Madurai,Tamil Nadu,South,Lost Customers
IND_CUST_04539,2023-09-24,Nagpur,Maharashtra,West,New & Promising
IND_CUST_04540,2024-09-21,Mumbai,Maharashtra,West,New & Promising
IND_CUST_04541,2024-10-17,Pune,Maharashtra,West,New & Promising
IND_CUST_04542,2023-07-20,New Delhi,Delhi,North,At Risk
IND_CUST_04543,2023-08-27,Pune,Maharashtra,West,New & Promising
IND_CUST_04544,2023-11-30,Hubballi,Karnataka,South,New & Promising
IND_CUST_04545,2024-02-19,North Delhi,Delhi,North,Loyal Customers
IND_CUST_04546,2024-04-28,Kanpur,Uttar Pradesh,North,At Risk
IND_CUST_04547,2024-03-12,Mumbai,Maharashtra,West,Champions
IND_CUST_04548,2023-09-03,Chennai,Tamil Nadu,South,Loyal Customers
IND_CUST_04549,2023-01-08,Nizamabad,Telangana,South,New & Promising
IND_CUST_04550,2023-06-01,Varanasi,Uttar Pradesh,North,New & Promising
IND_CUST_04551,2024-01-27,Siliguri,West Bengal,East,Champions
IND_CUST_04552,2023-07-30,Mumbai,Maharashtra,West,Champions
IND_CUST_04553,2024-01-02,Nashik,Maharashtra,West,At Risk
IND_CUST_04554,2024-07-23,Ahmedabad,Gujarat,West,New & Promising
IND_CUST_04555,2023-03-27,North Delhi,Delhi,North,Loyal Customers
IND_CUST_04556,2023-02-24,Madurai,Tamil Nadu,South,Lost Customers
IND_CUST_04557,2024-09-25,Warangal,Telangana,South,New & Promising
IND_CUST_04558,2024-03-21,Hyderabad,Telangana,South,Champions
IND_CUST_04559,2024-09-11,Howrah,West Bengal,East,Loyal Customers
IND_CUST_04560,2023-10-31,Thiruvananthapuram,Kerala,South,Champions
IND_CUST_04561,2023-05-12,Hyderabad,Telangana,South,New & Promising
IND_CUST_04562,2024-02-25,Bengaluru,Karnataka,South,Lost Customers
IND_CUST_04563,2024-01-20,Vadodara,Gujarat,West,Lost Customers
IND_CUST_04564,2023-07-17,Pune,Maharashtra,West,Lost Customers
IND_CUST_04565,2023-02-16,Mangaluru,Karnataka,South,New & Promising
IND_CUST_04566,2023-07-22,Durgapur,West Bengal,East,New & Promising
IND_CUST_04567,2023-09-18,Bengaluru,Karnataka,South,New & Promising
IND_CUST_04568,2023-01-24,Bengaluru,Karnataka,South,Lost Customers
IND_CUST_04569,2023-12-06,Pune,Maharashtra,West,Lost Customers
IND_CUST_04570,2024-02-16,Ahmedabad,Gujarat,West,New & Promising
IND_CUST_04571,2023-09-18,Dwarka,Delhi,North,At Risk
IND_CUST_04572,2023-10-13,Nizamabad,Telangana,South,New & Promising
IND_CUST_04573,2024-05-27,Hubballi,Karnataka,South,Champions
IND_CUST_04574,2023-03-27,Noida,Uttar Pradesh,North,At Risk
IND_CUST_04575,2024-03-05,Noida,Uttar Pradesh,North,Champions
IND_CUST_04576,2024-08-03,Bengaluru,Karnataka,South,Lost Customers
IND_CUST_04577,2023-01-31,New Delhi,Delhi,North,At Risk
IND_CUST_04578,2024-08-25,Pune,Maharashtra,West,New & Promising
IND_CUST_04579,2024-03-15,Kozhikode,Kerala,South,At Risk
IND_CUST_04580,2023-12-15,Tiruchirappalli,Tamil Nadu,South,New & Promising
IND_CUST_04581,2024-02-16,Siliguri,West Bengal,East,Loyal Customers
IND_CUST_04582,2024-06-11,Bengaluru,Karnataka,South,Lost Customers
IND_CUST_04583,2023-11-06,Noida,Uttar Pradesh,North,Loyal Customers
IND_CUST_04584,2024-01-31,Agra,Uttar Pradesh,North,New & Promising
IND_CUST_04585,2023-12-04,Warangal,Telangana,South,Champions
IND_CUST_04586,2024-03-12,Kota,Rajasthan,North,Lost Customers
IND_CUST_04587,2024-10-24,Mysuru,Karnataka,South,Potential Loyalists
IND_CUST_04588,2023-12-31,Mumbai,Maharashtra,West,Champions
IND_CUST_04589,2023-04-23,Nizamabad,Telangana,South,At Risk
IND_CUST_04590,2023-06-25,Hyderabad,Telangana,South,New & Promising
IND_CUST_04591,2023-05-29,Madurai,Tamil Nadu,South,Champions
IND_CUST_04592,2023-06-27,Nagpur,Maharashtra,West,New & Promising
IND_CUST_04593,2024-01-17,North Delhi,Delhi,North,Lost Customers
IND_CUST_04594,2023-08-11,Mangaluru,Karnataka,South,Lost Customers
IND_CUST_04595,2023-09-16,North Delhi,Delhi,North,Lost Customers
IND_CUST_04596,2023-07-08,Chennai,Tamil Nadu,South,Lost Customers
IND_CUST_04597,2023-11-02,Varanasi,Uttar Pradesh,North,New & Promising
IND_CUST_04598,2024-01-13,Hubballi,Karnataka,South,New & Promising
IND_CUST_04599,2024-08-24,South Delhi,Delhi,North,Potential Loyalists
IND_CUST_04600,2023-12-09,Bengaluru,Karnataka,South,Lost Customers
IND_CUST_04601,2023-06-05,Nashik,Maharashtra,West,Champions
IND_CUST_04602,2023-02-24,Agra,Uttar Pradesh,North,New & Promising
IND_CUST_04603,2024-03-17,Kolkata,West Bengal,East,New & Promising
IND_CUST_04604,2023-07-19,Mysuru,Karnataka,South,New & Promising
IND_CUST_04605,2024-02-07,Noida,Uttar Pradesh,North,New & Promising
IND_CUST_04606,2024-09-05,Durgapur,West Bengal,East,New & Promising
IND_CUST_04607,2024-10-24,Ahmedabad,Gujarat,West,New & Promising
IND_CUST_04608,2024-09-14,Nashik,Maharashtra,West,Champions
IND_CUST_04609,2024-08-25,Udaipur,Rajasthan,North,New & Promising
IND_CUST_04610,2023-06-26,Bengaluru,Karnataka,South,New & Promising
IND_CUST_04611,2024-03-24,Mangaluru,Karnataka,South,New & Promising
IND_CUST_04612,2024-06-24,Nagpur,Maharashtra,West,New & Promising
IND_CUST_04613,2023-10-28,Dwarka,Delhi,North,New & Promising
IND_CUST_04614,2023-11-03,Nagpur,Maharashtra,West,Champions
IND_CUST_04615,2023-09-24,Mysuru,Karnataka,South,Loyal Customers
IND_CUST_04616,2023-08-02,Bengaluru,Karnataka,South,New & Promising
IND_CUST_04617,2024-08-16,Agra,Uttar Pradesh,North,Loyal Customers
IND_CUST_04618,2024-10-01,Vadodara,Gujarat,West,Champions
IND_CUST_04619,2024-04-27,Mysuru,Karnataka,South,Lost Customers
IND_CUST_04620,2023-09-19,Rajkot,Gujarat,West,New & Promising
IND_CUST_04621,2023-03-08,Surat,Gujarat,West,Loyal Customers
IND_CUST_04622,2024-07-27,Agra,Uttar Pradesh,North,At Risk
IND_CUST_04623,2023-05-13,Nagpur,Maharashtra,West,Lost Customers
IND_CUST_04624,2024-10-10,Hyderabad,Telangana,South,New & Promising
IND_CUST_04625,2024-06-23,Jaipur,Rajasthan,North,New & Promising
IND_CUST_04626,2024-05-26,Hyderabad,Telangana,South,Lost Customers
IND_CUST_04627,2023-07-30,Mangaluru,Karnataka,South,Loyal Customers
IND_CUST_04628,2023-09-10,New Delhi,Delhi,North,New & Promising
IND_CUST_04629,2023-02-07,Tiruchirappalli,Tamil Nadu,South,Lost Customers
IND_CUST_04630,2023-02-12,South Delhi,Delhi,North,New & Promising
IND_CUST_04631,2024-09-20,Nashik,Maharashtra,West,New & Promising
IND_CUST_04632,2024-02-09,Mangaluru,Karnataka,South,New & Promising
IND_CUST_04633,2023-02-15,Lucknow,Uttar Pradesh,North,Lost Customers
IND_CUST_04634,2024-03-29,Ahmedabad,Gujarat,West,Potential Loyalists
IND_CUST_04635,2023-11-01,Mumbai,Maharashtra,West,New & Promising
IND_CUST_04636,2023-08-21,Jaipur,Rajasthan,North,Lost Customers
IND_CUST_04637,2023-09-02,Bengaluru,Karnataka,South,At Risk
IND_CUST_04638,2023-10-22,Warangal,Telangana,South,Lost Customers
IND_CUST_04639,2024-01-18,Lucknow,Uttar Pradesh,North,New & Promising
IND_CUST_04640,2023-06-07,Lucknow,Uttar Pradesh,North,New & Promising
IND_CUST_04641,2024-02-09,Jodhpur,Rajasthan,North,Lost Customers
IND_CUST_04642,2023-01-01,Bengaluru,Karnataka,South,New & Promising
IND_CUST_04643,2023-08-05,Rajkot,Gujarat,West,New & Promising
IND_CUST_04644,2024-05-21,Nagpur,Maharashtra,West,Loyal Customers
IND_CUST_04645,2024-08-03,Warangal,Telangana,South,Champions
IND_CUST_04646,2023-01-30,Lucknow,Uttar Pradesh,North,Champions
IND_CUST_04647,2024-09-18,Hyderabad,Telangana,South,New & Promising
IND_CUST_04648,2024-06-03,Bengaluru,Karnataka,South,New & Promising
IND_CUST_04649,2023-10-02,Rajkot,Gujarat,West,New & Promising
IND_CUST_04650,2024-05-06,Nashik,Maharashtra,West,New & Promising
IND_CUST_04651,2023-02-05,Nashik,Maharashtra,West,Potential Loyalists
IND_CUST_04652,2023-11-07,Hyderabad,Telangana,South,Champions
IND_CUST_04653,2023-02-13,New Delhi,Delhi,North,Lost Customers
IND_CUST_04654,2023-06-04,Vadodara,Gujarat,West,New & Promising
IND_CUST_04655,2023-03-18,Mangaluru,Karnataka,South,New & Promising
IND_CUST_04656,2024-08-12,Nagpur,Maharashtra,West,Loyal Customers
IND_CUST_04657,2024-09-04,Surat,Gujarat,West,Loyal Customers
IND_CUST_04658,2024-03-13,Madurai,Tamil Nadu,South,New & Promising
IND_CUST_04659,2024-03-07,Pune,Maharashtra,West,New & Promising
IND_CUST_04660,2024-06-25,Warangal,Telangana,South,Potential Loyalists
IND_CUST_04661,2023-02-08,South Delhi,Delhi,North,Champions
IND_CUST_04662,2023-08-27,Tiruchirappalli,Tamil Nadu,South,Loyal Customers
IND_CUST_04663,2023-01-13,North Delhi,Delhi,North,Champions
IND_CUST_04664,2023-05-02,Rajkot,Gujarat,West,Lost Customers
IND_CUST_04665,2023-05-24,Ahmedabad,Gujarat,West,Loyal Customers
IND_CUST_04666,2024-03-30,Warangal,Telangana,South,New & Promising
IND_CUST_04667,2024-01-03,Mumbai,Maharashtra,West,New & Promising
IND_CUST_04668,2023-09-04,Vadodara,Gujarat,West,Lost Customers
IND_CUST_04669,2023-02-14,Nizamabad,Telangana,South,Lost Customers
IND_CUST_04670,2024-01-10,Warangal,Telangana,South,New & Promising
IND_CUST_04671,2023-10-18,Bengaluru,Karnataka,South,New & Promising
IND_CUST_04672,2023-07-26,Surat,Gujarat,West,Loyal Customers
IND_CUST_04673,2024-06-02,Nizamabad,Telangana,South,New & Promising
IND_CUST_04674,2023-08-30,Nashik,Maharashtra,West,At Risk
IND_CUST_04675,2024-09-13,Dwarka,Delhi,North,New & Promising
IND_CUST_04676,2023-04-24,Surat,Gujarat,West,New & Promising
IND_CUST_04677,2023-10-29,Pune,Maharashtra,West,Potential Loyalists
IND_CUST_04678,2023-10-03,Jaipur,Rajasthan,North,At Risk
IND_CUST_04679,2023-04-06,Nizamabad,Telangana,South,Loyal Customers
IND_CUST_04680,2023-10-21,Coimbatore,Tamil Nadu,South,New & Promising
IND_CUST_04681,2023-12-26,Bengaluru,Karnataka,South,Champions
IND_CUST_04682,2023-10-15,Mysuru,Karnataka,South,New & Promising
IND_CUST_04683,2023-06-03,Kota,Rajasthan,North,New & Promising
IND_CUST_04684,2024-07-23,Bengaluru,Karnataka,South,New & Promising
IND_CUST_04685,2024-02-27,Agra,Uttar Pradesh,North,Lost Customers
IND_CUST_04686,2023-02-19,Mysuru,Karnataka,South,Lost Customers
IND_CUST_04687,2023-07-26,Nagpur,Maharashtra,West,Champions
IND_CUST_04688,2024-07-17,Nashik,Maharashtra,West,Champions
IND_CUST_04689,2024-10-23,Madurai,Tamil Nadu,South,Loyal Customers
IND_CUST_04690,2024-07-18,Kochi,Kerala,South,New & Promising
IND_CUST_04691,2023-08-01,Hubballi,Karnataka,South,Lost Customers
IND_CUST_04692,2023-03-07,Bengaluru,Karnataka,South,Lost Customers
IND_CUST_04693,2023-08-20,Hubballi,Karnataka,South,Lost Customers
IND_CUST_04694,2024-10-24,North Delhi,Delhi,North,Champions
IND_CUST_04695,2023-11-16,South Delhi,Delhi,North,Potential Loyalists
IND_CUST_04696,2023-05-17,Ahmedabad,Gujarat,West,Potential Loyalists
IND_CUST_04697,2024-10-08,Dwarka,Delhi,North,Champions
IND_CUST_04698,2024-07-19,Dwarka,Delhi,North,Champions
IND_CUST_04699,2023-03-06,Nashik,Maharashtra,West,Champions
IND_CUST_04700,2024-05-28,Kochi,Kerala,South,At Risk
IND_CUST_04701,2023-05-12,Hubballi,Karnataka,South,Lost Customers
IND_CUST_04702,2023-11-30,Nashik,Maharashtra,West,At Risk
IND_CUST_04703,2023-02-01,Warangal,Telangana,South,New & Promising
IND_CUST_04704,2024-05-12,Chennai,Tamil Nadu,South,New & Promising
IND_CUST_04705,2023-08-31,New Delhi,Delhi,North,At Risk
IND_CUST_04706,2023-07-11,New Delhi,Delhi,North,Lost Customers
IND_CUST_04707,2023-05-22,Noida,Uttar Pradesh,North,Loyal Customers
IND_CUST_04708,2024-10-21,Mumbai,Maharashtra,West,Champions
IND_CUST_04709,2024-08-23,Surat,Gujarat,West,Loyal Customers
IND_CUST_04710,2024-07-14,Madurai,Tamil Nadu,South,New & Promising
IND_CUST_04711,2024-10-09,North Delhi,Delhi,North,Champions
IND_CUST_04712,2023-07-10,Dwarka,Delhi,North,At Risk
IND_CUST_04713,2023-05-29,Mysuru,Karnataka,South,Loyal Customers
IND_CUST_04714,2024-08-21,Noida,Uttar Pradesh,North,New & Promising
IND_CUST_04715,2024-02-20,North Delhi,Delhi,North,New & Promising
IND_CUST_04716,2024-06-03,Bengaluru,Karnataka,South,At Risk
IND_CUST_04717,2023-01-16,Coimbatore,Tamil Nadu,South,New & Promising
IND_CUST_04718,2023-04-16,Kochi,Kerala,South,Loyal Customers
IND_CUST_04719,2023-10-10,Dwarka,Delhi,North,New & Promising
IND_CUST_04720,2023-04-14,Kolkata,West Bengal,East,Lost Customers
IND_CUST_04721,2023-12-27,Mysuru,Karnataka,South,At Risk
IND_CUST_04722,2024-10-19,Nashik,Maharashtra,West,Loyal Customers
IND_CUST_04723,2023-02-04,Pune,Maharashtra,West,Lost Customers
IND_CUST_04724,2023-04-23,Dwarka,Delhi,North,New & Promising
IND_CUST_04725,2023-11-04,Nagpur,Maharashtra,West,Potential Loyalists
IND_CUST_04726,2023-02-22,Nagpur,Maharashtra,West,New & Promising
IND_CUST_04727,2023-03-22,Siliguri,West Bengal,East,At Risk
IND_CUST_04728,2024-09-07,Surat,Gujarat,West,New & Promising
IND_CUST_04729,2024-01-04,Lucknow,Uttar Pradesh,North,Loyal Customers
IND_CUST_04730,2023-08-30,Nashik,Maharashtra,West,Champions
IND_CUST_04731,2023-01-31,Nashik,Maharashtra,West,At Risk
IND_CUST_04732,2023-12-27,Nashik,Maharashtra,West,Loyal Customers
IND_CUST_04733,2023-08-21,Hyderabad,Telangana,South,Lost Customers
IND_CUST_04734,2024-09-01,Siliguri,West Bengal,East,New & Promising
IND_CUST_04735,2023-02-03,New Delhi,Delhi,North,At Risk
IND_CUST_04736,2023-08-31,Mumbai,Maharashtra,West,New & Promising
IND_CUST_04737,2023-02-28,New Delhi,Delhi,North,Loyal Customers
IND_CUST_04738,2024-06-12,Bengaluru,Karnataka,South,Loyal Customers
IND_CUST_04739,2023-03-19,Hubballi,Karnataka,South,At Risk
IND_CUST_04740,2023-10-29,Chennai,Tamil Nadu,South,Lost Customers
IND_CUST_04741,2023-04-22,Warangal,Telangana,South,Loyal Customers
IND_CUST_04742,2024-02-17,Nashik,Maharashtra,West,New & Promising
IND_CUST_04743,2023-11-13,Pune,Maharashtra,West,Loyal Customers
IND_CUST_04744,2023-05-25,Thrissur,Kerala,South,New & Promising
IND_CUST_04745,2024-10-29,Mangaluru,Karnataka,South,Loyal Customers
IND_CUST_04746,2024-10-09,Pune,Maharashtra,West,Loyal Customers
IND_CUST_04747,2023-01-18,Nagpur,Maharashtra,West,New & Promising
IND_CUST_04748,2023-12-17,Mumbai,Maharashtra,West,Lost Customers
IND_CUST_04749,2023-06-04,Mangaluru,Karnataka,South,At Risk
IND_CUST_04750,2024-05-20,Noida,Uttar Pradesh,North,Lost Customers
IND_CUST_04751,2023-12-26,Hubballi,Karnataka,South,Lost Customers
IND_CUST_04752,2023-11-28,South Delhi,Delhi,North,New & Promising
IND_CUST_04753,2024-06-11,Hyderabad,Telangana,South,New & Promising
IND_CUST_04754,2023-01-12,Dwarka,Delhi,North,Lost Customers
IND_CUST_04755,2023-03-16,Vadodara,Gujarat,West,Champions
IND_CUST_04756,2023-07-31,Rajkot,Gujarat,West,Lost Customers
IND_CUST_04757,2024-10-02,Nashik,Maharashtra,West,New & Promising
IND_CUST_04758,2023-10-10,Noida,Uttar Pradesh,North,New & Promising
IND_CUST_04759,2023-07-14,North Delhi,Delhi,North,Loyal Customers
IND_CUST_04760,2023-01-30,Thrissur,Kerala,South,Potential Loyalists
IND_CUST_04761,2023-01-09,North Delhi,Delhi,North,At Risk
IND_CUST_04762,2023-11-05,Thiruvananthapuram,Kerala,South,Lost Customers
IND_CUST_04763,2024-03-20,Kanpur,Uttar Pradesh,North,Champions
IND_CUST_04764,2023-11-06,Mangaluru,Karnataka,South,New & Promising
IND_CUST_04765,2024-03-01,Dwarka,Delhi,North,New & Promising
IND_CUST_04766,2024-08-13,Thrissur,Kerala,South,Champions
IND_CUST_04767,2023-04-01,Surat,Gujarat,West,At Risk
IND_CUST_04768,2024-03-31,Mumbai,Maharashtra,West,Lost Customers
IND_CUST_04769,2024-03-19,Warangal,Telangana,South,Loyal Customers
IND_CUST_04770,2023-03-20,Mangaluru,Karnataka,South,Lost Customers
IND_CUST_04771,2024-04-19,Nashik,Maharashtra,West,New & Promising
IND_CUST_04772,2023-04-13,Dwarka,Delhi,North,New & Promising
IND_CUST_04773,2024-09-14,Mysuru,Karnataka,South,Champions
IND_CUST_04774,2024-03-31,Varanasi,Uttar Pradesh,North,New & Promising
IND_CUST_04775,2023-11-10,Hubballi,Karnataka,South,New & Promising
IND_CUST_04776,2023-09-04,Rajkot,Gujarat,West,Loyal Customers
IND_CUST_04777,2023-08-22,Mumbai,Maharashtra,West,Lost Customers
IND_CUST_04778,2024-08-16,Hubballi,Karnataka,South,Loyal Customers
IND_CUST_04779,2024-10-05,Mangaluru,Karnataka,South,Loyal Customers
IND_CUST_04780,2023-08-23,Hubballi,Karnataka,South,Loyal Customers
IND_CUST_04781,2024-01-22,Nashik,Maharashtra,West,Loyal Customers
IND_CUST_04782,2024-09-02,Mumbai,Maharashtra,West,New & Promising
IND_CUST_04783,2023-02-07,Tiruchirappalli,Tamil Nadu,South,New & Promising
IND_CUST_04784,2023-06-10,Hubballi,Karnataka,South,New & Promising
IND_CUST_04785,2024-04-06,New Delhi,Delhi,North,New & Promising
IND_CUST_04786,2024-03-24,Mysuru,Karnataka,South,New & Promising
IND_CUST_04787,2023-04-27,Ahmedabad,Gujarat,West,New & Promising
IND_CUST_04788,2023-08-29,Kolkata,West Bengal,East,Champions
IND_CUST_04789,2023-01-26,New Delhi,Delhi,North,Loyal Customers
IND_CUST_04790,2024-10-09,Hubballi,Karnataka,South,New & Promising
IND_CUST_04791,2024-07-15,Mumbai,Maharashtra,West,New & Promising
IND_CUST_04792,2023-10-25,Kota,Rajasthan,North,Champions
IND_CUST_04793,2023-06-03,Mumbai,Maharashtra,West,New & Promising
IND_CUST_04794,2024-10-13,Bengaluru,Karnataka,South,New & Promising
IND_CUST_04795,2024-04-12,Mangaluru,Karnataka,South,At Risk
IND_CUST_04796,2023-02-18,Mangaluru,Karnataka,South,Loyal Customers
IND_CUST_04797,2024-10-15,Pune,Maharashtra,West,Loyal Customers
IND_CUST_04798,2023-02-15,Agra,Uttar Pradesh,North,New & Promising
IND_CUST_04799,2023-10-12,Nagpur,Maharashtra,West,Lost Customers
IND_CUST_04800,2024-09-19,Chennai,Tamil Nadu,South,New & Promising
IND_CUST_04801,2023-03-23,Mumbai,Maharashtra,West,Champions
IND_CUST_04802,2023-02-13,Nashik,Maharashtra,West,New & Promising
IND_CUST_04803,2023-09-30,Howrah,West Bengal,East,At Risk
IND_CUST_04804,2024-01-29,Mumbai,Maharashtra,West,Lost Customers
IND_CUST_04805,2024-08-17,Vadodara,Gujarat,West,Loyal Customers
IND_CUST_04806,2023-02-27,Chennai,Tamil Nadu,South,At Risk
IND_CUST_04807,2024-07-18,Nagpur,Maharashtra,West,Loyal Customers
IND_CUST_04808,2023-01-01,Kota,Rajasthan,North,Lost Customers
IND_CUST_04809,2023-08-04,Mysuru,Karnataka,South,New & Promising
IND_CUST_04810,2023-11-13,Ahmedabad,Gujarat,West,Lost Customers
IND_CUST_04811,2023-08-16,Pune,Maharashtra,West,New & Promising
IND_CUST_04812,2024-04-17,Ahmedabad,Gujarat,West,New & Promising
IND_CUST_04813,2024-04-28,Nagpur,Maharashtra,West,Champions
IND_CUST_04814,2023-10-14,North Delhi,Delhi,North,New & Promising
IND_CUST_04815,2024-05-25,Agra,Uttar Pradesh,North,Loyal Customers
IND_CUST_04816,2024-07-31,Durgapur,West Bengal,East,New & Promising
IND_CUST_04817,2024-04-02,Siliguri,West Bengal,East,New & Promising
IND_CUST_04818,2023-04-05,Lucknow,Uttar Pradesh,North,New & Promising
IND_CUST_04819,2024-05-07,Ahmedabad,Gujarat,West,Loyal Customers
IND_CUST_04820,2023-05-30,Pune,Maharashtra,West,New & Promising
IND_CUST_04821,2023-01-23,Bengaluru,Karnataka,South,Champions
IND_CUST_04822,2023-08-03,Hubballi,Karnataka,South,New & Promising
IND_CUST_04823,2024-02-03,Mangaluru,Karnataka,South,New & Promising
IND_CUST_04824,2024-02-14,Hubballi,Karnataka,South,Champions
IND_CUST_04825,2023-05-11,Coimbatore,Tamil Nadu,South,Lost Customers
IND_CUST_04826,2023-05-28,Pune,Maharashtra,West,New & Promising
IND_CUST_04827,2024-01-16,Hyderabad,Telangana,South,New & Promising
IND_CUST_04828,2023-04-19,Nagpur,Maharashtra,West,New & Promising
IND_CUST_04829,2024-07-05,Bengaluru,Karnataka,South,Champions
IND_CUST_04830,2023-05-01,South Delhi,Delhi,North,New & Promising
IND_CUST_04831,2023-10-22,Lucknow,Uttar Pradesh,North,New & Promising
IND_CUST_04832,2023-04-30,Hyderabad,Telangana,South,Lost Customers
IND_CUST_04833,2024-03-31,Chennai,Tamil Nadu,South,Champions
IND_CUST_04834,2024-06-13,Nagpur,Maharashtra,West,New & Promising
IND_CUST_04835,2023-06-18,Tiruchirappalli,Tamil Nadu,South,New & Promising
IND_CUST_04836,2023-05-23,Nagpur,Maharashtra,West,New & Promising
IND_CUST_04837,2023-02-06,Mangaluru,Karnataka,South,Potential Loyalists
IND_CUST_04838,2023-09-18,South Delhi,Delhi,North,New & Promising
IND_CUST_04839,2023-08-19,Pune,Maharashtra,West,New & Promising
IND_CUST_04840,2023-09-11,Bengaluru,Karnataka,South,At Risk
IND_CUST_04841,2023-11-25,Udaipur,Rajasthan,North,Champions
IND_CUST_04842,2023-10-24,Jodhpur,Rajasthan,North,New & Promising
IND_CUST_04843,2023-01-10,Hubballi,Karnataka,South,New & Promising
IND_CUST_04844,2024-03-21,Mumbai,Maharashtra,West,New & Promising
IND_CUST_04845,2023-08-18,Nagpur,Maharashtra,West,Loyal Customers
IND_CUST_04846,2024-06-19,Mangaluru,Karnataka,South,Loyal Customers
IND_CUST_04847,2023-03-19,Jaipur,Rajasthan,North,Loyal Customers
IND_CUST_04848,2024-02-29,Nashik,Maharashtra,West,New & Promising
IND_CUST_04849,2023-07-12,Kanpur,Uttar Pradesh,North,New & Promising
IND_CUST_04850,2024-02-05,Nashik,Maharashtra,West,New & Promising
IND_CUST_04851,2023-04-19,Thrissur,Kerala,South,New & Promising
IND_CUST_04852,2023-09-20,Bengaluru,Karnataka,South,Lost Customers
IND_CUST_04853,2023-11-25,Varanasi,Uttar Pradesh,North,New & Promising
IND_CUST_04854,2023-12-29,Bengaluru,Karnataka,South,Loyal Customers
IND_CUST_04855,2024-01-13,Chennai,Tamil Nadu,South,New & Promising
IND_CUST_04856,2023-12-07,Nashik,Maharashtra,West,New & Promising
IND_CUST_04857,2023-09-16,Nagpur,Maharashtra,West,Loyal Customers
IND_CUST_04858,2023-12-01,Kolkata,West Bengal,East,At Risk
IND_CUST_04859,2023-03-26,Kolkata,West Bengal,East,New & Promising
IND_CUST_04860,2024-06-05,Rajkot,Gujarat,West,Champions
IND_CUST_04861,2024-07-24,Tiruchirappalli,Tamil Nadu,South,Loyal Customers
IND_CUST_04862,2023-11-04,Agra,Uttar Pradesh,North,Loyal Customers
IND_CUST_04863,2023-09-19,Nashik,Maharashtra,West,New & Promising
IND_CUST_04864,2024-09-22,Bengaluru,Karnataka,South,Champions
IND_CUST_04865,2024-03-27,Hubballi,Karnataka,South,New & Promising
IND_CUST_04866,2023-09-08,Madurai,Tamil Nadu,South,Champions
IND_CUST_04867,2023-11-20,Bengaluru,Karnataka,South,Lost Customers
IND_CUST_04868,2023-08-17,Mumbai,Maharashtra,West,At Risk
IND_CUST_04869,2024-09-27,Coimbatore,Tamil Nadu,South,Potential Loyalists
IND_CUST_04870,2024-08-18,Lucknow,Uttar Pradesh,North,New & Promising
IND_CUST_04871,2023-10-24,Mangaluru,Karnataka,South,New & Promising
IND_CUST_04872,2023-08-25,Nashik,Maharashtra,West,New & Promising
IND_CUST_04873,2024-09-16,Mumbai,Maharashtra,West,Champions
IND_CUST_04874,2023-08-05,Bengaluru,Karnataka,South,Lost Customers
IND_CUST_04875,2023-09-03,Mysuru,Karnataka,South,Lost Customers
IND_CUST_04876,2024-03-23,Coimbatore,Tamil Nadu,South,New & Promising
IND_CUST_04877,2023-11-15,Chennai,Tamil Nadu,South,Loyal Customers
IND_CUST_04878,2024-03-07,Nizamabad,Telangana,South,New & Promising
IND_CUST_04879,2024-02-08,Hubballi,Karnataka,South,New & Promising
IND_CUST_04880,2023-02-06,Rajkot,Gujarat,West,New & Promising
IND_CUST_04881,2024-07-29,Mumbai,Maharashtra,West,New & Promising
IND_CUST_04882,2023-12-08,New Delhi,Delhi,North,New & Promising
IND_CUST_04883,2024-01-24,Lucknow,Uttar Pradesh,North,New & Promising
IND_CUST_04884,2023-02-03,Pune,Maharashtra,West,Lost Customers
IND_CUST_04885,2023-02-08,Nagpur,Maharashtra,West,Champions
IND_CUST_04886,2024-08-01,Ahmedabad,Gujarat,West,Potential Loyalists
IND_CUST_04887,2023-07-28,Mysuru,Karnataka,South,Lost Customers
IND_CUST_04888,2023-06-01,Nizamabad,Telangana,South,New & Promising
IND_CUST_04889,2023-12-31,Nagpur,Maharashtra,West,Champions
IND_CUST_04890,2023-07-18,Nizamabad,Telangana,South,Lost Customers
IND_CUST_04891,2024-08-23,Mysuru,Karnataka,South,Loyal Customers
IND_CUST_04892,2023-03-20,Pune,Maharashtra,West,New & Promising
IND_CUST_04893,2024-04-21,Chennai,Tamil Nadu,South,Loyal Customers
IND_CUST_04894,2024-03-09,Bengaluru,Karnataka,South,New & Promising
IND_CUST_04895,2023-02-01,Hubballi,Karnataka,South,New & Promising
IND_CUST_04896,2023-03-28,Nagpur,Maharashtra,West,At Risk
IND_CUST_04897,2024-07-04,Pune,Maharashtra,West,New & Promising
IND_CUST_04898,2024-01-28,Mysuru,Karnataka,South,Loyal Customers
IND_CUST_04899,2024-09-04,Mumbai,Maharashtra,West,Loyal Customers
IND_CUST_04900,2023-09-01,Kolkata,West Bengal,East,Lost Customers
IND_CUST_04901,2023-08-20,Nashik,Maharashtra,West,New & Promising
IND_CUST_04902,2024-08-02,New Delhi,Delhi,North,At Risk
IND_CUST_04903,2023-07-11,Pune,Maharashtra,West,New & Promising
IND_CUST_04904,2024-06-23,Hubballi,Karnataka,South,Champions
IND_CUST_04905,2023-09-27,Durgapur,West Bengal,East,Lost Customers
IND_CUST_04906,2023-03-18,Mumbai,Maharashtra,West,Champions
IND_CUST_04907,2023-06-16,Jaipur,Rajasthan,North,New & Promising
IND_CUST_04908,2023-10-11,Pune,Maharashtra,West,New & Promising
IND_CUST_04909,2023-03-30,Noida,Uttar Pradesh,North,Lost Customers
IND_CUST_04910,2024-06-27,Madurai,Tamil Nadu,South,New & Promising
IND_CUST_04911,2024-10-10,Surat,Gujarat,West,Champions
IND_CUST_04912,2023-06-05,Tiruchirappalli,Tamil Nadu,South,New & Promising
IND_CUST_04913,2023-09-07,New Delhi,Delhi,North,New & Promising
IND_CUST_04914,2023-04-05,Mumbai,Maharashtra,West,New & Promising
IND_CUST_04915,2023-01-17,Nashik,Maharashtra,West,Lost Customers
IND_CUST_04916,2023-04-27,Howrah,West Bengal,East,New & Promising
IND_CUST_04917,2023-11-29,Mangaluru,Karnataka,South,New & Promising
IND_CUST_04918,2024-06-05,Mangaluru,Karnataka,South,Loyal Customers
IND_CUST_04919,2023-03-21,Lucknow,Uttar Pradesh,North,Lost Customers
IND_CUST_04920,2024-10-07,Bengaluru,Karnataka,South,New & Promising
IND_CUST_04921,2024-03-07,Udaipur,Rajasthan,North,Lost Customers
IND_CUST_04922,2023-07-22,Warangal,Telangana,South,New & Promising
IND_CUST_04923,2023-04-26,Madurai,Tamil Nadu,South,New & Promising
IND_CUST_04924,2023-08-08,Ahmedabad,Gujarat,West,Champions
IND_CUST_04925,2023-09-10,Nashik,Maharashtra,West,Lost Customers
IND_CUST_04926,2023-06-18,Hubballi,Karnataka,South,Lost Customers
IND_CUST_04927,2023-11-12,New Delhi,Delhi,North,New & Promising
IND_CUST_04928,2024-01-07,Bengaluru,Karnataka,South,New & Promising
IND_CUST_04929,2024-08-05,Varanasi,Uttar Pradesh,North,Champions
IND_CUST_04930,2023-06-05,Durgapur,West Bengal,East,Lost Customers
IND_CUST_04931,2024-09-05,New Delhi,Delhi,North,New & Promising
IND_CUST_04932,2023-01-13,Bengaluru,Karnataka,South,Lost Customers
IND_CUST_04933,2024-05-22,Udaipur,Rajasthan,North,Champions
IND_CUST_04934,2024-04-09,New Delhi,Delhi,North,Loyal Customers
IND_CUST_04935,2023-08-08,New Delhi,Delhi,North,Loyal Customers
IND_CUST_04936,2023-01-15,Hubballi,Karnataka,South,New & Promising
IND_CUST_04937,2023-04-27,Howrah,West Bengal,East,Loyal Customers
IND_CUST_04938,2023-11-27,Madurai,Tamil Nadu,South,Potential Loyalists
IND_CUST_04939,2023-02-25,Agra,Uttar Pradesh,North,At Risk
IND_CUST_04940,2023-12-17,Agra,Uttar Pradesh,North,New & Promising
IND_CUST_04941,2023-05-12,Bengaluru,Karnataka,South,Lost Customers
IND_CUST_04942,2023-08-14,North Delhi,Delhi,North,New & Promising
IND_CUST_04943,2023-11-04,Ahmedabad,Gujarat,West,New & Promising
IND_CUST_04944,2024-04-19,Mysuru,Karnataka,South,Potential Loyalists
IND_CUST_04945,2023-08-10,Noida,Uttar Pradesh,North,Loyal Customers
IND_CUST_04946,2023-06-22,Udaipur,Rajasthan,North,At Risk
IND_CUST_04947,2023-12-06,Tiruchirappalli,Tamil Nadu,South,New & Promising
IND_CUST_04948,2024-05-20,Agra,Uttar Pradesh,North,Champions
IND_CUST_04949,2023-06-06,Lucknow,Uttar Pradesh,North,New & Promising
IND_CUST_04950,2023-05-31,Surat,Gujarat,West,Champions
IND_CUST_04951,2023-06-27,Mangaluru,Karnataka,South,Lost Customers
IND_CUST_04952,2024-06-16,Mumbai,Maharashtra,West,New & Promising
IND_CUST_04953,2023-04-22,South Delhi,Delhi,North,At Risk
IND_CUST_04954,2023-05-18,Hyderabad,Telangana,South,Loyal Customers
IND_CUST_04955,2023-08-21,New Delhi,Delhi,North,New & Promising
IND_CUST_04956,2023-11-28,Agra,Uttar Pradesh,North,New & Promising
IND_CUST_04957,2024-06-25,Hubballi,Karnataka,South,New & Promising
IND_CUST_04958,2023-11-03,Coimbatore,Tamil Nadu,South,New & Promising
IND_CUST_04959,2023-06-10,Nashik,Maharashtra,West,New & Promising
IND_CUST_04960,2024-02-06,Kanpur,Uttar Pradesh,North,Champions
IND_CUST_04961,2024-08-12,Coimbatore,Tamil Nadu,South,New & Promising
IND_CUST_04962,2023-10-05,Nashik,Maharashtra,West,Champions
IND_CUST_04963,2023-11-16,Mangaluru,Karnataka,South,Loyal Customers
IND_CUST_04964,2024-06-16,Lucknow,Uttar Pradesh,North,Loyal Customers
IND_CUST_04965,2024-05-11,North Delhi,Delhi,North,Loyal Customers
IND_CUST_04966,2023-12-29,Nagpur,Maharashtra,West,Lost Customers
IND_CUST_04967,2024-01-07,Jaipur,Rajasthan,North,New & Promising
IND_CUST_04968,2024-10-16,Hyderabad,Telangana,South,New & Promising
IND_CUST_04969,2023-02-05,Jaipur,Rajasthan,North,New & Promising
IND_CUST_04970,2023-10-30,New Delhi,Delhi,North,Lost Customers
IND_CUST_04971,2024-03-13,New Delhi,Delhi,North,New & Promising
IND_CUST_04972,2023-02-01,Siliguri,West Bengal,East,New & Promising
IND_CUST_04973,2023-07-05,Dwarka,Delhi,North,At Risk
IND_CUST_04974,2023-06-23,Nizamabad,Telangana,South,Lost Customers
IND_CUST_04975,2024-07-19,Hubballi,Karnataka,South,Champions
IND_CUST_04976,2023-09-07,South Delhi,Delhi,North,Lost Customers
IND_CUST_04977,2023-10-06,Nashik,Maharashtra,West,New & Promising
IND_CUST_04978,2023-01-02,Nagpur,Maharashtra,West,New & Promising
IND_CUST_04979,2023-07-13,Nagpur,Maharashtra,West,Lost Customers
IND_CUST_04980,2023-06-15,Nashik,Maharashtra,West,New & Promising
IND_CUST_04981,2023-04-20,Kozhikode,Kerala,South,Potential Loyalists
IND_CUST_04982,2024-01-15,Bengaluru,Karnataka,South,New & Promising
IND_CUST_04983,2024-08-05,Warangal,Telangana,South,Loyal Customers
IND_CUST_04984,2023-10-12,Vadodara,Gujarat,West,Lost Customers
IND_CUST_04985,2024-02-25,Coimbatore,Tamil Nadu,South,Lost Customers
IND_CUST_04986,2023-04-23,Nagpur,Maharashtra,West,New & Promising
IND_CUST_04987,2023-08-16,Nizamabad,Telangana,South,New & Promising
IND_CUST_04988,2024-04-15,Chennai,Tamil Nadu,South,New & Promising
IND_CUST_04989,2024-06-11,Warangal,Telangana,South,New & Promising
IND_CUST_04990,2024-05-10,Noida,Uttar Pradesh,North,Lost Customers
IND_CUST_04991,2023-01-31,Kochi,Kerala,South,New & Promising
IND_CUST_04992,2023-06-11,Coimbatore,Tamil Nadu,South,New & Promising
IND_CUST_04993,2024-01-13,Mangaluru,Karnataka,South,Champions
IND_CUST_04994,2024-03-21,Chennai,Tamil Nadu,South,Loyal Customers
IND_CUST_04995,2024-03-02,Nagpur,Maharashtra,West,New & Promising
IND_CUST_04996,2024-05-18,Siliguri,West Bengal,East,At Risk
IND_CUST_04997,2024-06-10,Nagpur,Maharashtra,West,Champions
IND_CUST_04998,2024-06-15,Mangaluru,Karnataka,South,Champions
IND_CUST_04999,2024-08-04,Kanpur,Uttar Pradesh,North,New & Promising
IND_CUST_05000,2024-06-03,Madurai,Tamil Nadu,South,Loyal Customers
